record_id,product_id,fertilizer_name,fertilizer_type,amount,apply_date,operator
FR00001,P0001,腐殖酸肥,有机肥料,99kg/亩,2025-06-11,赵六
FR00002,P0001,叶面肥,化学肥料,94kg/亩,2025-05-11,赵六
FR00003,P0002,腐殖酸肥,有机肥料,83kg/亩,2025-07-14,郑十一
FR00004,P0002,生物菌肥,生物肥料,84kg/亩,2025-04-16,张三
FR00005,P0003,有机肥,有机肥料,84kg/亩,2025-06-03,李四
FR00006,P0003,磷肥,化学肥料,72kg/亩,2025-07-16,孙八
FR00007,P0003,氮肥,化学肥料,30kg/亩,2025-06-11,周九
FR00008,P0004,叶面肥,化学肥料,57kg/亩,2025-05-19,吴十
FR00009,P0004,有机肥,有机肥料,39kg/亩,2025-03-27,李四
FR00010,P0005,氮肥,化学肥料,34kg/亩,2025-08-04,钱七
FR00011,P0005,生物菌肥,生物肥料,86kg/亩,2025-08-22,陈十二
FR00012,P0005,氮肥,化学肥料,78kg/亩,2025-08-08,孙八
FR00013,P0006,有机肥,有机肥料,68kg/亩,2025-07-22,李四
FR00014,P0006,叶面肥,化学肥料,69kg/亩,2025-07-07,李四
FR00015,P0007,钾肥,化学肥料,64kg/亩,2025-03-10,郑十一
FR00016,P0007,钾肥,化学肥料,73kg/亩,2025-08-16,张三
FR00017,P0007,生物菌肥,生物肥料,96kg/亩,2025-06-05,郑十一
FR00018,P0008,叶面肥,化学肥料,32kg/亩,2025-06-05,王五
FR00019,P0008,叶面肥,化学肥料,83kg/亩,2025-04-07,陈十二
FR00020,P0008,生物菌肥,生物肥料,42kg/亩,2025-03-09,周九
FR00021,P0009,氮肥,化学肥料,55kg/亩,2025-07-14,李四
FR00022,P0010,生物菌肥,生物肥料,92kg/亩,2025-08-02,周九
FR00023,P0010,复合肥,化学肥料,55kg/亩,2025-08-24,郑十一
FR00024,P0011,钾肥,化学肥料,70kg/亩,2025-07-03,王五
FR00025,P0012,磷肥,化学肥料,89kg/亩,2025-08-24,周九
FR00026,P0013,复合肥,化学肥料,71kg/亩,2025-03-03,赵六
FR00027,P0013,叶面肥,化学肥料,94kg/亩,2025-08-21,赵六
FR00028,P0013,叶面肥,化学肥料,77kg/亩,2025-05-11,陈十二
FR00029,P0014,生物菌肥,生物肥料,91kg/亩,2025-05-02,周九
FR00030,P0015,复合肥,化学肥料,60kg/亩,2025-03-03,张三
FR00031,P0015,有机肥,有机肥料,88kg/亩,2025-05-03,郑十一
FR00032,P0016,钾肥,化学肥料,42kg/亩,2025-07-19,李四
FR00033,P0016,生物菌肥,生物肥料,47kg/亩,2025-04-22,吴十
FR00034,P0016,腐殖酸肥,有机肥料,96kg/亩,2025-04-12,赵六
FR00035,P0017,钾肥,化学肥料,64kg/亩,2025-03-25,陈十二
FR00036,P0017,复合肥,化学肥料,86kg/亩,2025-06-26,赵六
FR00037,P0018,叶面肥,化学肥料,44kg/亩,2025-03-03,周九
FR00038,P0018,复合肥,化学肥料,78kg/亩,2025-07-03,赵六
FR00039,P0019,复合肥,化学肥料,54kg/亩,2025-06-08,郑十一
FR00040,P0020,叶面肥,化学肥料,60kg/亩,2025-08-02,张三
FR00041,P0020,钾肥,化学肥料,73kg/亩,2025-08-11,孙八
FR00042,P0020,生物菌肥,生物肥料,57kg/亩,2025-07-05,张三
FR00043,P0021,叶面肥,化学肥料,61kg/亩,2025-07-22,孙八
FR00044,P0022,腐殖酸肥,有机肥料,84kg/亩,2025-08-23,张三
FR00045,P0022,氮肥,化学肥料,41kg/亩,2025-03-17,周九
FR00046,P0022,生物菌肥,生物肥料,30kg/亩,2025-04-11,吴十
FR00047,P0023,叶面肥,化学肥料,46kg/亩,2025-07-17,王五
FR00048,P0023,有机肥,有机肥料,51kg/亩,2025-04-15,吴十
FR00049,P0023,磷肥,化学肥料,94kg/亩,2025-05-11,周九
FR00050,P0024,有机肥,有机肥料,81kg/亩,2025-08-17,吴十
FR00051,P0024,有机肥,有机肥料,81kg/亩,2025-04-16,郑十一
FR00052,P0025,钾肥,化学肥料,44kg/亩,2025-04-08,孙八
FR00053,P0025,腐殖酸肥,有机肥料,99kg/亩,2025-04-09,钱七
FR00054,P0025,叶面肥,化学肥料,85kg/亩,2025-06-27,周九
FR00055,P0026,叶面肥,化学肥料,58kg/亩,2025-04-17,孙八
FR00056,P0027,腐殖酸肥,有机肥料,63kg/亩,2025-07-12,李四
FR00057,P0028,复合肥,化学肥料,60kg/亩,2025-03-25,吴十
FR00058,P0029,生物菌肥,生物肥料,45kg/亩,2025-06-19,陈十二
FR00059,P0030,氮肥,化学肥料,43kg/亩,2025-06-22,王五
FR00060,P0031,生物菌肥,生物肥料,42kg/亩,2025-06-09,张三
FR00061,P0031,氮肥,化学肥料,75kg/亩,2025-04-03,周九
FR00062,P0031,磷肥,化学肥料,45kg/亩,2025-07-18,王五
FR00063,P0032,有机肥,有机肥料,84kg/亩,2025-03-09,孙八
FR00064,P0032,磷肥,化学肥料,30kg/亩,2025-05-15,孙八
FR00065,P0032,钾肥,化学肥料,88kg/亩,2025-03-09,李四
FR00066,P0033,氮肥,化学肥料,75kg/亩,2025-08-14,陈十二
FR00067,P0033,有机肥,有机肥料,37kg/亩,2025-04-22,陈十二
FR00068,P0034,复合肥,化学肥料,40kg/亩,2025-05-06,孙八
FR00069,P0034,叶面肥,化学肥料,42kg/亩,2025-06-22,陈十二
FR00070,P0034,腐殖酸肥,有机肥料,77kg/亩,2025-04-21,孙八
FR00071,P0035,钾肥,化学肥料,94kg/亩,2025-03-04,周九
FR00072,P0035,叶面肥,化学肥料,77kg/亩,2025-05-14,钱七
FR00073,P0036,磷肥,化学肥料,81kg/亩,2025-06-12,周九
FR00074,P0036,磷肥,化学肥料,86kg/亩,2025-05-21,孙八
FR00075,P0036,腐殖酸肥,有机肥料,46kg/亩,2025-03-24,周九
FR00076,P0037,钾肥,化学肥料,84kg/亩,2025-03-07,吴十
FR00077,P0038,氮肥,化学肥料,93kg/亩,2025-05-19,赵六
FR00078,P0039,钾肥,化学肥料,90kg/亩,2025-03-11,钱七
FR00079,P0040,生物菌肥,生物肥料,96kg/亩,2025-06-10,郑十一
FR00080,P0041,有机肥,有机肥料,66kg/亩,2025-08-12,李四
FR00081,P0042,钾肥,化学肥料,78kg/亩,2025-07-09,吴十
FR00082,P0042,钾肥,化学肥料,57kg/亩,2025-08-08,张三
FR00083,P0043,磷肥,化学肥料,89kg/亩,2025-08-18,陈十二
FR00084,P0044,腐殖酸肥,有机肥料,52kg/亩,2025-04-23,李四
FR00085,P0045,钾肥,化学肥料,50kg/亩,2025-03-27,钱七
FR00086,P0046,磷肥,化学肥料,42kg/亩,2025-03-15,李四
FR00087,P0047,叶面肥,化学肥料,59kg/亩,2025-08-23,吴十
FR00088,P0048,有机肥,有机肥料,55kg/亩,2025-08-06,李四
FR00089,P0048,复合肥,化学肥料,66kg/亩,2025-06-16,李四
FR00090,P0048,生物菌肥,生物肥料,49kg/亩,2025-07-09,周九
FR00091,P0049,磷肥,化学肥料,33kg/亩,2025-03-19,李四
FR00092,P0050,氮肥,化学肥料,71kg/亩,2025-06-07,张三
FR00093,P0050,有机肥,有机肥料,56kg/亩,2025-03-25,孙八
FR00094,P0051,有机肥,有机肥料,68kg/亩,2025-06-26,陈十二
FR00095,P0051,磷肥,化学肥料,87kg/亩,2025-06-18,周九
FR00096,P0052,叶面肥,化学肥料,91kg/亩,2025-03-26,李四
FR00097,P0053,磷肥,化学肥料,48kg/亩,2025-06-19,赵六
FR00098,P0054,腐殖酸肥,有机肥料,100kg/亩,2025-03-28,赵六
FR00099,P0054,腐殖酸肥,有机肥料,56kg/亩,2025-03-04,李四
FR00100,P0055,氮肥,化学肥料,61kg/亩,2025-05-08,赵六
FR00101,P0055,有机肥,有机肥料,37kg/亩,2025-03-12,陈十二
FR00102,P0056,氮肥,化学肥料,32kg/亩,2025-04-14,郑十一
FR00103,P0056,磷肥,化学肥料,45kg/亩,2025-08-12,钱七
FR00104,P0057,钾肥,化学肥料,89kg/亩,2025-08-15,郑十一
FR00105,P0057,氮肥,化学肥料,49kg/亩,2025-08-15,周九
FR00106,P0058,生物菌肥,生物肥料,100kg/亩,2025-06-24,孙八
FR00107,P0058,有机肥,有机肥料,63kg/亩,2025-06-25,孙八
FR00108,P0058,有机肥,有机肥料,72kg/亩,2025-08-09,陈十二
FR00109,P0059,腐殖酸肥,有机肥料,74kg/亩,2025-05-24,周九
FR00110,P0059,复合肥,化学肥料,42kg/亩,2025-03-11,赵六
FR00111,P0060,磷肥,化学肥料,73kg/亩,2025-04-04,吴十
FR00112,P0060,有机肥,有机肥料,64kg/亩,2025-05-10,周九
FR00113,P0060,生物菌肥,生物肥料,72kg/亩,2025-08-18,周九
FR00114,P0061,复合肥,化学肥料,64kg/亩,2025-03-17,赵六
FR00115,P0061,磷肥,化学肥料,39kg/亩,2025-04-06,郑十一
FR00116,P0062,复合肥,化学肥料,94kg/亩,2025-06-13,赵六
FR00117,P0063,氮肥,化学肥料,67kg/亩,2025-05-04,郑十一
FR00118,P0063,有机肥,有机肥料,71kg/亩,2025-03-22,赵六
FR00119,P0064,复合肥,化学肥料,51kg/亩,2025-07-23,钱七
FR00120,P0065,腐殖酸肥,有机肥料,32kg/亩,2025-05-03,李四
FR00121,P0066,氮肥,化学肥料,80kg/亩,2025-04-07,张三
FR00122,P0066,叶面肥,化学肥料,41kg/亩,2025-05-13,孙八
FR00123,P0066,腐殖酸肥,有机肥料,92kg/亩,2025-04-14,张三
FR00124,P0067,生物菌肥,生物肥料,30kg/亩,2025-03-27,郑十一
FR00125,P0068,生物菌肥,生物肥料,54kg/亩,2025-04-07,钱七
FR00126,P0068,钾肥,化学肥料,87kg/亩,2025-06-24,郑十一
FR00127,P0069,复合肥,化学肥料,98kg/亩,2025-08-25,王五
FR00128,P0069,氮肥,化学肥料,91kg/亩,2025-07-11,赵六
FR00129,P0070,磷肥,化学肥料,78kg/亩,2025-08-12,吴十
FR00130,P0070,叶面肥,化学肥料,52kg/亩,2025-05-19,吴十
FR00131,P0070,磷肥,化学肥料,45kg/亩,2025-05-14,吴十
FR00132,P0071,氮肥,化学肥料,67kg/亩,2025-07-06,赵六
FR00133,P0071,磷肥,化学肥料,79kg/亩,2025-07-17,王五
FR00134,P0072,氮肥,化学肥料,96kg/亩,2025-07-28,张三
FR00135,P0072,叶面肥,化学肥料,80kg/亩,2025-07-01,李四
FR00136,P0073,磷肥,化学肥料,92kg/亩,2025-06-07,孙八
FR00137,P0073,氮肥,化学肥料,37kg/亩,2025-06-24,钱七
FR00138,P0074,有机肥,有机肥料,66kg/亩,2025-06-09,李四
FR00139,P0075,钾肥,化学肥料,92kg/亩,2025-05-09,周九
FR00140,P0075,复合肥,化学肥料,46kg/亩,2025-04-01,陈十二
FR00141,P0075,有机肥,有机肥料,61kg/亩,2025-04-14,赵六
FR00142,P0076,复合肥,化学肥料,83kg/亩,2025-05-10,赵六
FR00143,P0076,腐殖酸肥,有机肥料,94kg/亩,2025-08-22,赵六
FR00144,P0077,钾肥,化学肥料,76kg/亩,2025-03-26,陈十二
FR00145,P0077,复合肥,化学肥料,59kg/亩,2025-05-06,张三
FR00146,P0078,有机肥,有机肥料,45kg/亩,2025-04-07,张三
FR00147,P0079,生物菌肥,生物肥料,64kg/亩,2025-08-01,张三
FR00148,P0079,复合肥,化学肥料,72kg/亩,2025-08-14,陈十二
FR00149,P0079,复合肥,化学肥料,73kg/亩,2025-08-22,张三
FR00150,P0080,氮肥,化学肥料,80kg/亩,2025-07-27,孙八
FR00151,P0080,钾肥,化学肥料,41kg/亩,2025-08-28,陈十二
FR00152,P0080,生物菌肥,生物肥料,49kg/亩,2025-03-22,郑十一
FR00153,P0081,腐殖酸肥,有机肥料,64kg/亩,2025-04-23,李四
FR00154,P0082,氮肥,化学肥料,64kg/亩,2025-05-06,李四
FR00155,P0082,生物菌肥,生物肥料,55kg/亩,2025-03-18,张三
FR00156,P0082,有机肥,有机肥料,53kg/亩,2025-05-03,钱七
FR00157,P0083,有机肥,有机肥料,59kg/亩,2025-04-03,周九
FR00158,P0083,复合肥,化学肥料,94kg/亩,2025-08-22,陈十二
FR00159,P0084,腐殖酸肥,有机肥料,65kg/亩,2025-03-25,吴十
FR00160,P0085,叶面肥,化学肥料,35kg/亩,2025-08-24,郑十一
FR00161,P0085,钾肥,化学肥料,99kg/亩,2025-07-05,赵六
FR00162,P0086,叶面肥,化学肥料,93kg/亩,2025-03-05,李四
FR00163,P0086,有机肥,有机肥料,49kg/亩,2025-05-15,王五
FR00164,P0086,复合肥,化学肥料,32kg/亩,2025-08-26,吴十
FR00165,P0087,复合肥,化学肥料,65kg/亩,2025-06-05,王五
FR00166,P0087,钾肥,化学肥料,61kg/亩,2025-07-01,张三
FR00167,P0088,磷肥,化学肥料,43kg/亩,2025-04-03,李四
FR00168,P0088,钾肥,化学肥料,47kg/亩,2025-04-20,孙八
FR00169,P0088,复合肥,化学肥料,63kg/亩,2025-04-28,吴十
FR00170,P0089,生物菌肥,生物肥料,89kg/亩,2025-04-01,张三
FR00171,P0090,有机肥,有机肥料,75kg/亩,2025-07-07,张三
FR00172,P0090,叶面肥,化学肥料,43kg/亩,2025-08-12,李四
FR00173,P0091,磷肥,化学肥料,57kg/亩,2025-07-23,周九
FR00174,P0091,生物菌肥,生物肥料,34kg/亩,2025-07-14,郑十一
FR00175,P0091,有机肥,有机肥料,92kg/亩,2025-07-23,郑十一
FR00176,P0092,氮肥,化学肥料,86kg/亩,2025-05-25,吴十
FR00177,P0092,有机肥,有机肥料,75kg/亩,2025-04-24,张三
FR00178,P0093,生物菌肥,生物肥料,68kg/亩,2025-05-16,吴十
FR00179,P0093,磷肥,化学肥料,31kg/亩,2025-06-02,吴十
FR00180,P0094,氮肥,化学肥料,98kg/亩,2025-08-02,孙八
FR00181,P0095,钾肥,化学肥料,86kg/亩,2025-06-20,赵六
FR00182,P0095,腐殖酸肥,有机肥料,38kg/亩,2025-08-28,孙八
FR00183,P0095,有机肥,有机肥料,62kg/亩,2025-06-20,王五
FR00184,P0096,磷肥,化学肥料,50kg/亩,2025-08-01,郑十一
FR00185,P0097,钾肥,化学肥料,37kg/亩,2025-08-07,赵六
FR00186,P0097,复合肥,化学肥料,81kg/亩,2025-08-03,张三
FR00187,P0097,叶面肥,化学肥料,95kg/亩,2025-07-03,周九
FR00188,P0098,叶面肥,化学肥料,52kg/亩,2025-04-12,张三
FR00189,P0099,叶面肥,化学肥料,54kg/亩,2025-04-03,孙八
FR00190,P0100,磷肥,化学肥料,100kg/亩,2025-08-06,赵六
FR00191,P0101,有机肥,有机肥料,53kg/亩,2025-04-26,钱七
FR00192,P0101,生物菌肥,生物肥料,85kg/亩,2025-06-21,吴十
FR00193,P0102,钾肥,化学肥料,96kg/亩,2025-06-15,周九
FR00194,P0103,复合肥,化学肥料,63kg/亩,2025-06-02,吴十
FR00195,P0103,腐殖酸肥,有机肥料,31kg/亩,2025-04-03,王五
FR00196,P0103,叶面肥,化学肥料,75kg/亩,2025-06-17,张三
FR00197,P0104,氮肥,化学肥料,67kg/亩,2025-06-19,钱七
FR00198,P0104,氮肥,化学肥料,99kg/亩,2025-05-02,吴十
FR00199,P0104,腐殖酸肥,有机肥料,77kg/亩,2025-05-12,孙八
FR00200,P0105,生物菌肥,生物肥料,88kg/亩,2025-08-06,王五
FR00201,P0105,磷肥,化学肥料,62kg/亩,2025-05-28,王五
FR00202,P0106,生物菌肥,生物肥料,74kg/亩,2025-05-20,王五
FR00203,P0106,氮肥,化学肥料,40kg/亩,2025-04-08,周九
FR00204,P0106,有机肥,有机肥料,58kg/亩,2025-08-09,孙八
FR00205,P0107,钾肥,化学肥料,57kg/亩,2025-06-02,周九
FR00206,P0107,生物菌肥,生物肥料,73kg/亩,2025-08-20,吴十
FR00207,P0107,磷肥,化学肥料,85kg/亩,2025-06-06,王五
FR00208,P0108,复合肥,化学肥料,78kg/亩,2025-06-13,张三
FR00209,P0108,生物菌肥,生物肥料,67kg/亩,2025-04-18,钱七
FR00210,P0108,复合肥,化学肥料,93kg/亩,2025-03-28,吴十
FR00211,P0109,生物菌肥,生物肥料,33kg/亩,2025-04-16,钱七
FR00212,P0110,叶面肥,化学肥料,56kg/亩,2025-03-06,陈十二
FR00213,P0110,磷肥,化学肥料,78kg/亩,2025-07-17,李四
FR00214,P0110,复合肥,化学肥料,67kg/亩,2025-03-23,赵六
FR00215,P0111,腐殖酸肥,有机肥料,30kg/亩,2025-05-09,孙八
FR00216,P0111,叶面肥,化学肥料,70kg/亩,2025-03-03,周九
FR00217,P0111,氮肥,化学肥料,74kg/亩,2025-06-10,周九
FR00218,P0112,腐殖酸肥,有机肥料,83kg/亩,2025-03-04,王五
FR00219,P0113,氮肥,化学肥料,78kg/亩,2025-07-10,赵六
FR00220,P0114,有机肥,有机肥料,44kg/亩,2025-05-17,赵六
FR00221,P0114,有机肥,有机肥料,37kg/亩,2025-03-17,李四
FR00222,P0115,叶面肥,化学肥料,34kg/亩,2025-03-27,陈十二
FR00223,P0116,生物菌肥,生物肥料,55kg/亩,2025-08-15,张三
FR00224,P0117,生物菌肥,生物肥料,62kg/亩,2025-06-06,吴十
FR00225,P0117,氮肥,化学肥料,80kg/亩,2025-07-17,吴十
FR00226,P0117,复合肥,化学肥料,31kg/亩,2025-03-16,李四
FR00227,P0118,腐殖酸肥,有机肥料,71kg/亩,2025-07-10,孙八
FR00228,P0119,钾肥,化学肥料,83kg/亩,2025-06-24,陈十二
FR00229,P0119,磷肥,化学肥料,66kg/亩,2025-03-08,周九
FR00230,P0119,腐殖酸肥,有机肥料,87kg/亩,2025-04-24,周九
FR00231,P0120,磷肥,化学肥料,44kg/亩,2025-04-08,赵六
FR00232,P0121,氮肥,化学肥料,80kg/亩,2025-03-14,钱七
FR00233,P0121,生物菌肥,生物肥料,36kg/亩,2025-05-05,钱七
FR00234,P0121,生物菌肥,生物肥料,63kg/亩,2025-03-12,孙八
FR00235,P0122,叶面肥,化学肥料,88kg/亩,2025-08-23,周九
FR00236,P0123,钾肥,化学肥料,64kg/亩,2025-06-11,吴十
FR00237,P0124,钾肥,化学肥料,62kg/亩,2025-08-24,王五
FR00238,P0124,氮肥,化学肥料,97kg/亩,2025-05-10,王五
FR00239,P0125,磷肥,化学肥料,53kg/亩,2025-03-16,钱七
FR00240,P0125,叶面肥,化学肥料,69kg/亩,2025-03-02,郑十一
FR00241,P0125,磷肥,化学肥料,92kg/亩,2025-03-17,李四
FR00242,P0126,复合肥,化学肥料,94kg/亩,2025-05-04,周九
FR00243,P0126,腐殖酸肥,有机肥料,92kg/亩,2025-08-23,王五
FR00244,P0126,叶面肥,化学肥料,78kg/亩,2025-05-23,陈十二
FR00245,P0127,生物菌肥,生物肥料,63kg/亩,2025-05-09,钱七
FR00246,P0128,有机肥,有机肥料,47kg/亩,2025-08-22,周九
FR00247,P0128,有机肥,有机肥料,48kg/亩,2025-04-01,吴十
FR00248,P0128,氮肥,化学肥料,53kg/亩,2025-05-28,赵六
FR00249,P0129,有机肥,有机肥料,74kg/亩,2025-07-11,李四
FR00250,P0129,磷肥,化学肥料,72kg/亩,2025-08-11,吴十
FR00251,P0129,钾肥,化学肥料,69kg/亩,2025-03-17,张三
FR00252,P0130,氮肥,化学肥料,60kg/亩,2025-08-18,郑十一
FR00253,P0130,腐殖酸肥,有机肥料,59kg/亩,2025-04-27,吴十
FR00254,P0131,复合肥,化学肥料,73kg/亩,2025-03-05,孙八
FR00255,P0132,复合肥,化学肥料,41kg/亩,2025-05-03,王五
FR00256,P0133,腐殖酸肥,有机肥料,43kg/亩,2025-03-27,王五
FR00257,P0133,钾肥,化学肥料,52kg/亩,2025-08-07,王五
FR00258,P0134,叶面肥,化学肥料,81kg/亩,2025-08-14,王五
FR00259,P0135,叶面肥,化学肥料,67kg/亩,2025-03-15,陈十二
FR00260,P0135,复合肥,化学肥料,51kg/亩,2025-04-27,吴十
FR00261,P0136,有机肥,有机肥料,69kg/亩,2025-07-12,张三
FR00262,P0136,磷肥,化学肥料,46kg/亩,2025-07-14,孙八
FR00263,P0136,有机肥,有机肥料,31kg/亩,2025-04-22,陈十二
FR00264,P0137,生物菌肥,生物肥料,68kg/亩,2025-04-07,钱七
FR00265,P0138,叶面肥,化学肥料,42kg/亩,2025-07-13,钱七
FR00266,P0138,生物菌肥,生物肥料,47kg/亩,2025-08-21,周九
FR00267,P0138,有机肥,有机肥料,32kg/亩,2025-07-05,钱七
FR00268,P0139,氮肥,化学肥料,98kg/亩,2025-03-16,郑十一
FR00269,P0140,磷肥,化学肥料,100kg/亩,2025-06-19,郑十一
FR00270,P0140,生物菌肥,生物肥料,41kg/亩,2025-07-03,吴十
FR00271,P0141,氮肥,化学肥料,92kg/亩,2025-07-12,郑十一
FR00272,P0141,叶面肥,化学肥料,57kg/亩,2025-07-28,孙八
FR00273,P0141,钾肥,化学肥料,71kg/亩,2025-06-03,张三
FR00274,P0142,生物菌肥,生物肥料,37kg/亩,2025-08-21,王五
FR00275,P0142,复合肥,化学肥料,62kg/亩,2025-05-08,赵六
FR00276,P0143,腐殖酸肥,有机肥料,48kg/亩,2025-06-05,张三
FR00277,P0144,氮肥,化学肥料,62kg/亩,2025-06-10,赵六
FR00278,P0144,钾肥,化学肥料,71kg/亩,2025-07-06,钱七
FR00279,P0145,复合肥,化学肥料,98kg/亩,2025-05-04,郑十一
FR00280,P0146,钾肥,化学肥料,94kg/亩,2025-07-14,孙八
FR00281,P0146,钾肥,化学肥料,36kg/亩,2025-07-12,郑十一
FR00282,P0146,复合肥,化学肥料,81kg/亩,2025-08-15,王五
FR00283,P0147,复合肥,化学肥料,98kg/亩,2025-06-21,陈十二
FR00284,P0147,有机肥,有机肥料,97kg/亩,2025-08-24,周九
FR00285,P0147,钾肥,化学肥料,54kg/亩,2025-04-15,张三
FR00286,P0148,生物菌肥,生物肥料,36kg/亩,2025-08-16,周九
FR00287,P0148,生物菌肥,生物肥料,49kg/亩,2025-08-10,陈十二
FR00288,P0148,生物菌肥,生物肥料,92kg/亩,2025-07-28,吴十
FR00289,P0149,钾肥,化学肥料,98kg/亩,2025-03-11,郑十一
FR00290,P0149,复合肥,化学肥料,97kg/亩,2025-07-05,吴十
FR00291,P0149,复合肥,化学肥料,52kg/亩,2025-04-22,李四
FR00292,P0150,钾肥,化学肥料,42kg/亩,2025-06-10,郑十一
FR00293,P0151,有机肥,有机肥料,98kg/亩,2025-03-11,赵六
FR00294,P0151,有机肥,有机肥料,92kg/亩,2025-07-10,钱七
FR00295,P0152,钾肥,化学肥料,65kg/亩,2025-07-07,王五
FR00296,P0153,生物菌肥,生物肥料,37kg/亩,2025-05-11,钱七
FR00297,P0153,叶面肥,化学肥料,44kg/亩,2025-06-17,李四
FR00298,P0154,氮肥,化学肥料,100kg/亩,2025-03-22,王五
FR00299,P0154,有机肥,有机肥料,87kg/亩,2025-04-27,张三
FR00300,P0155,有机肥,有机肥料,38kg/亩,2025-03-07,陈十二
FR00301,P0156,钾肥,化学肥料,99kg/亩,2025-03-24,张三
FR00302,P0156,生物菌肥,生物肥料,60kg/亩,2025-04-04,王五
FR00303,P0157,氮肥,化学肥料,35kg/亩,2025-07-24,孙八
FR00304,P0158,复合肥,化学肥料,45kg/亩,2025-06-07,张三
FR00305,P0158,复合肥,化学肥料,95kg/亩,2025-06-01,陈十二
FR00306,P0158,磷肥,化学肥料,70kg/亩,2025-05-05,王五
FR00307,P0159,氮肥,化学肥料,65kg/亩,2025-06-07,郑十一
FR00308,P0160,生物菌肥,生物肥料,86kg/亩,2025-08-03,赵六
FR00309,P0160,磷肥,化学肥料,35kg/亩,2025-04-07,周九
FR00310,P0160,钾肥,化学肥料,99kg/亩,2025-08-15,周九
FR00311,P0161,生物菌肥,生物肥料,91kg/亩,2025-03-15,吴十
FR00312,P0162,钾肥,化学肥料,66kg/亩,2025-03-05,王五
FR00313,P0162,有机肥,有机肥料,85kg/亩,2025-04-10,李四
FR00314,P0163,生物菌肥,生物肥料,71kg/亩,2025-07-13,李四
FR00315,P0164,腐殖酸肥,有机肥料,79kg/亩,2025-06-03,张三
FR00316,P0164,氮肥,化学肥料,56kg/亩,2025-05-13,钱七
FR00317,P0164,磷肥,化学肥料,57kg/亩,2025-05-12,郑十一
FR00318,P0165,生物菌肥,生物肥料,65kg/亩,2025-08-02,张三
FR00319,P0165,腐殖酸肥,有机肥料,31kg/亩,2025-06-14,郑十一
FR00320,P0166,磷肥,化学肥料,83kg/亩,2025-05-12,吴十
FR00321,P0167,生物菌肥,生物肥料,42kg/亩,2025-06-25,钱七
FR00322,P0167,复合肥,化学肥料,70kg/亩,2025-08-01,孙八
FR00323,P0168,钾肥,化学肥料,31kg/亩,2025-04-28,王五
FR00324,P0169,钾肥,化学肥料,31kg/亩,2025-05-23,王五
FR00325,P0170,氮肥,化学肥料,50kg/亩,2025-03-09,钱七
FR00326,P0170,有机肥,有机肥料,99kg/亩,2025-04-04,赵六
FR00327,P0170,有机肥,有机肥料,69kg/亩,2025-05-04,赵六
FR00328,P0171,磷肥,化学肥料,52kg/亩,2025-04-28,王五
FR00329,P0172,生物菌肥,生物肥料,80kg/亩,2025-06-20,周九
FR00330,P0172,有机肥,有机肥料,93kg/亩,2025-08-05,孙八
FR00331,P0173,生物菌肥,生物肥料,78kg/亩,2025-06-25,李四
FR00332,P0173,腐殖酸肥,有机肥料,51kg/亩,2025-03-11,周九
FR00333,P0173,叶面肥,化学肥料,34kg/亩,2025-05-14,陈十二
FR00334,P0174,叶面肥,化学肥料,94kg/亩,2025-03-12,孙八
FR00335,P0174,复合肥,化学肥料,49kg/亩,2025-06-17,王五
FR00336,P0174,有机肥,有机肥料,46kg/亩,2025-05-05,赵六
FR00337,P0175,氮肥,化学肥料,43kg/亩,2025-07-08,钱七
FR00338,P0176,磷肥,化学肥料,37kg/亩,2025-05-14,钱七
FR00339,P0176,生物菌肥,生物肥料,37kg/亩,2025-05-26,孙八
FR00340,P0176,氮肥,化学肥料,88kg/亩,2025-05-10,周九
FR00341,P0177,磷肥,化学肥料,60kg/亩,2025-07-09,陈十二
FR00342,P0177,钾肥,化学肥料,47kg/亩,2025-06-10,李四
FR00343,P0177,叶面肥,化学肥料,55kg/亩,2025-07-07,张三
FR00344,P0178,有机肥,有机肥料,95kg/亩,2025-08-04,张三
FR00345,P0178,腐殖酸肥,有机肥料,52kg/亩,2025-03-27,钱七
FR00346,P0179,钾肥,化学肥料,45kg/亩,2025-07-04,张三
FR00347,P0179,钾肥,化学肥料,58kg/亩,2025-03-14,周九
FR00348,P0180,叶面肥,化学肥料,37kg/亩,2025-06-08,周九
FR00349,P0181,磷肥,化学肥料,30kg/亩,2025-07-11,赵六
FR00350,P0181,氮肥,化学肥料,33kg/亩,2025-08-22,孙八
FR00351,P0181,生物菌肥,生物肥料,59kg/亩,2025-05-07,郑十一
FR00352,P0182,复合肥,化学肥料,42kg/亩,2025-06-08,张三
FR00353,P0182,生物菌肥,生物肥料,75kg/亩,2025-07-22,周九
FR00354,P0182,有机肥,有机肥料,40kg/亩,2025-03-25,孙八
FR00355,P0183,叶面肥,化学肥料,39kg/亩,2025-04-17,周九
FR00356,P0184,腐殖酸肥,有机肥料,85kg/亩,2025-03-19,吴十
FR00357,P0185,有机肥,有机肥料,100kg/亩,2025-03-04,王五
FR00358,P0185,钾肥,化学肥料,72kg/亩,2025-06-14,孙八
FR00359,P0186,有机肥,有机肥料,62kg/亩,2025-08-17,周九
FR00360,P0186,叶面肥,化学肥料,59kg/亩,2025-07-19,张三
FR00361,P0187,有机肥,有机肥料,40kg/亩,2025-05-03,赵六
FR00362,P0187,氮肥,化学肥料,48kg/亩,2025-08-02,周九
FR00363,P0187,生物菌肥,生物肥料,81kg/亩,2025-07-07,周九
FR00364,P0188,氮肥,化学肥料,35kg/亩,2025-08-15,赵六
FR00365,P0189,有机肥,有机肥料,44kg/亩,2025-08-19,郑十一
FR00366,P0189,磷肥,化学肥料,34kg/亩,2025-03-25,孙八
FR00367,P0190,生物菌肥,生物肥料,66kg/亩,2025-06-13,郑十一
FR00368,P0191,磷肥,化学肥料,43kg/亩,2025-05-26,周九
FR00369,P0191,叶面肥,化学肥料,98kg/亩,2025-07-25,孙八
FR00370,P0192,磷肥,化学肥料,52kg/亩,2025-07-14,孙八
FR00371,P0193,叶面肥,化学肥料,49kg/亩,2025-04-28,王五
FR00372,P0193,磷肥,化学肥料,92kg/亩,2025-04-18,孙八
FR00373,P0193,有机肥,有机肥料,90kg/亩,2025-06-02,周九
FR00374,P0194,有机肥,有机肥料,67kg/亩,2025-06-24,张三
FR00375,P0195,生物菌肥,生物肥料,91kg/亩,2025-08-12,张三
FR00376,P0196,磷肥,化学肥料,38kg/亩,2025-08-05,王五
FR00377,P0196,磷肥,化学肥料,82kg/亩,2025-08-21,钱七
FR00378,P0197,磷肥,化学肥料,95kg/亩,2025-03-24,李四
FR00379,P0197,磷肥,化学肥料,77kg/亩,2025-05-09,李四
FR00380,P0198,氮肥,化学肥料,75kg/亩,2025-04-21,钱七
FR00381,P0198,钾肥,化学肥料,41kg/亩,2025-04-13,吴十
FR00382,P0199,复合肥,化学肥料,46kg/亩,2025-05-02,孙八
FR00383,P0200,有机肥,有机肥料,74kg/亩,2025-08-21,郑十一
FR00384,P0201,生物菌肥,生物肥料,91kg/亩,2025-08-12,陈十二
FR00385,P0201,复合肥,化学肥料,91kg/亩,2025-05-06,孙八
FR00386,P0202,氮肥,化学肥料,66kg/亩,2025-04-06,郑十一
FR00387,P0202,叶面肥,化学肥料,48kg/亩,2025-07-25,郑十一
FR00388,P0202,氮肥,化学肥料,34kg/亩,2025-04-25,李四
FR00389,P0203,磷肥,化学肥料,97kg/亩,2025-07-17,吴十
FR00390,P0203,复合肥,化学肥料,80kg/亩,2025-03-01,赵六
FR00391,P0203,磷肥,化学肥料,44kg/亩,2025-03-08,钱七
FR00392,P0204,复合肥,化学肥料,39kg/亩,2025-03-24,周九
FR00393,P0204,腐殖酸肥,有机肥料,55kg/亩,2025-08-10,王五
FR00394,P0204,磷肥,化学肥料,58kg/亩,2025-07-14,王五
FR00395,P0205,磷肥,化学肥料,31kg/亩,2025-06-07,李四
FR00396,P0205,复合肥,化学肥料,65kg/亩,2025-05-14,吴十
FR00397,P0205,生物菌肥,生物肥料,91kg/亩,2025-03-25,郑十一
FR00398,P0206,有机肥,有机肥料,73kg/亩,2025-04-23,郑十一
FR00399,P0207,腐殖酸肥,有机肥料,68kg/亩,2025-07-18,陈十二
FR00400,P0207,有机肥,有机肥料,43kg/亩,2025-03-18,钱七
FR00401,P0208,磷肥,化学肥料,97kg/亩,2025-08-02,钱七
FR00402,P0209,磷肥,化学肥料,52kg/亩,2025-03-18,郑十一
FR00403,P0209,复合肥,化学肥料,83kg/亩,2025-04-18,张三
FR00404,P0209,钾肥,化学肥料,88kg/亩,2025-08-22,孙八
FR00405,P0210,生物菌肥,生物肥料,60kg/亩,2025-05-08,张三
FR00406,P0210,磷肥,化学肥料,91kg/亩,2025-06-25,张三
FR00407,P0211,氮肥,化学肥料,91kg/亩,2025-08-01,李四
FR00408,P0211,生物菌肥,生物肥料,72kg/亩,2025-06-09,张三
FR00409,P0212,有机肥,有机肥料,87kg/亩,2025-07-10,赵六
FR00410,P0212,磷肥,化学肥料,39kg/亩,2025-04-26,王五
FR00411,P0212,氮肥,化学肥料,61kg/亩,2025-08-27,陈十二
FR00412,P0213,叶面肥,化学肥料,39kg/亩,2025-06-27,吴十
FR00413,P0213,腐殖酸肥,有机肥料,52kg/亩,2025-06-13,钱七
FR00414,P0213,复合肥,化学肥料,100kg/亩,2025-05-24,陈十二
FR00415,P0214,生物菌肥,生物肥料,85kg/亩,2025-03-01,赵六
FR00416,P0214,生物菌肥,生物肥料,75kg/亩,2025-05-14,吴十
FR00417,P0215,磷肥,化学肥料,36kg/亩,2025-08-07,陈十二
FR00418,P0215,叶面肥,化学肥料,72kg/亩,2025-06-03,赵六
FR00419,P0216,叶面肥,化学肥料,90kg/亩,2025-07-23,王五
FR00420,P0217,磷肥,化学肥料,49kg/亩,2025-08-26,王五
FR00421,P0218,腐殖酸肥,有机肥料,48kg/亩,2025-06-25,周九
FR00422,P0219,叶面肥,化学肥料,75kg/亩,2025-08-03,郑十一
FR00423,P0219,叶面肥,化学肥料,40kg/亩,2025-05-03,王五
FR00424,P0220,有机肥,有机肥料,93kg/亩,2025-06-11,陈十二
FR00425,P0220,腐殖酸肥,有机肥料,70kg/亩,2025-06-01,陈十二
FR00426,P0220,钾肥,化学肥料,63kg/亩,2025-06-28,王五
FR00427,P0221,钾肥,化学肥料,92kg/亩,2025-04-12,孙八
FR00428,P0221,腐殖酸肥,有机肥料,73kg/亩,2025-07-18,王五
FR00429,P0222,氮肥,化学肥料,49kg/亩,2025-03-07,王五
FR00430,P0222,氮肥,化学肥料,78kg/亩,2025-06-12,周九
FR00431,P0222,钾肥,化学肥料,69kg/亩,2025-03-19,张三
FR00432,P0223,复合肥,化学肥料,43kg/亩,2025-05-01,周九
FR00433,P0224,磷肥,化学肥料,90kg/亩,2025-07-25,郑十一
FR00434,P0224,叶面肥,化学肥料,83kg/亩,2025-04-26,李四
FR00435,P0225,腐殖酸肥,有机肥料,95kg/亩,2025-04-25,郑十一
FR00436,P0225,磷肥,化学肥料,61kg/亩,2025-06-12,陈十二
FR00437,P0226,有机肥,有机肥料,71kg/亩,2025-03-16,陈十二
FR00438,P0227,有机肥,有机肥料,47kg/亩,2025-08-17,孙八
FR00439,P0227,腐殖酸肥,有机肥料,100kg/亩,2025-07-04,吴十
FR00440,P0227,氮肥,化学肥料,100kg/亩,2025-06-16,钱七
FR00441,P0228,腐殖酸肥,有机肥料,34kg/亩,2025-08-05,王五
FR00442,P0228,磷肥,化学肥料,86kg/亩,2025-06-05,钱七
FR00443,P0228,钾肥,化学肥料,94kg/亩,2025-08-25,郑十一
FR00444,P0229,磷肥,化学肥料,51kg/亩,2025-04-12,钱七
FR00445,P0229,复合肥,化学肥料,68kg/亩,2025-08-24,张三
FR00446,P0230,有机肥,有机肥料,60kg/亩,2025-03-03,孙八
FR00447,P0231,生物菌肥,生物肥料,97kg/亩,2025-08-05,王五
FR00448,P0232,钾肥,化学肥料,79kg/亩,2025-05-24,郑十一
FR00449,P0232,叶面肥,化学肥料,96kg/亩,2025-06-09,钱七
FR00450,P0233,氮肥,化学肥料,83kg/亩,2025-05-20,孙八
FR00451,P0233,复合肥,化学肥料,55kg/亩,2025-03-16,赵六
FR00452,P0233,腐殖酸肥,有机肥料,76kg/亩,2025-03-24,陈十二
FR00453,P0234,氮肥,化学肥料,69kg/亩,2025-08-08,周九
FR00454,P0234,生物菌肥,生物肥料,54kg/亩,2025-08-06,张三
FR00455,P0234,钾肥,化学肥料,91kg/亩,2025-03-12,钱七
FR00456,P0235,磷肥,化学肥料,39kg/亩,2025-05-26,赵六
FR00457,P0236,有机肥,有机肥料,80kg/亩,2025-08-01,王五
FR00458,P0236,有机肥,有机肥料,42kg/亩,2025-08-22,赵六
FR00459,P0237,有机肥,有机肥料,59kg/亩,2025-08-23,赵六
FR00460,P0238,氮肥,化学肥料,74kg/亩,2025-05-04,孙八
FR00461,P0238,有机肥,有机肥料,56kg/亩,2025-04-12,李四
FR00462,P0238,磷肥,化学肥料,49kg/亩,2025-08-13,孙八
FR00463,P0239,叶面肥,化学肥料,50kg/亩,2025-04-05,王五
FR00464,P0239,钾肥,化学肥料,91kg/亩,2025-08-24,李四
FR00465,P0239,磷肥,化学肥料,80kg/亩,2025-03-22,张三
FR00466,P0240,氮肥,化学肥料,43kg/亩,2025-05-01,钱七
FR00467,P0241,复合肥,化学肥料,71kg/亩,2025-07-22,钱七
FR00468,P0241,钾肥,化学肥料,42kg/亩,2025-06-23,王五
FR00469,P0241,有机肥,有机肥料,99kg/亩,2025-06-15,赵六
FR00470,P0242,氮肥,化学肥料,76kg/亩,2025-07-14,钱七
FR00471,P0242,复合肥,化学肥料,78kg/亩,2025-08-01,张三
FR00472,P0243,腐殖酸肥,有机肥料,99kg/亩,2025-08-15,周九
FR00473,P0244,磷肥,化学肥料,54kg/亩,2025-03-02,李四
FR00474,P0244,生物菌肥,生物肥料,78kg/亩,2025-08-07,王五
FR00475,P0245,生物菌肥,生物肥料,55kg/亩,2025-03-21,钱七
FR00476,P0245,复合肥,化学肥料,73kg/亩,2025-05-12,赵六
FR00477,P0246,钾肥,化学肥料,37kg/亩,2025-05-04,陈十二
FR00478,P0247,有机肥,有机肥料,39kg/亩,2025-03-26,张三
FR00479,P0247,叶面肥,化学肥料,99kg/亩,2025-05-06,钱七
FR00480,P0247,复合肥,化学肥料,100kg/亩,2025-03-19,郑十一
FR00481,P0248,氮肥,化学肥料,73kg/亩,2025-08-17,张三
FR00482,P0248,有机肥,有机肥料,42kg/亩,2025-04-10,孙八
FR00483,P0249,有机肥,有机肥料,99kg/亩,2025-03-28,吴十
FR00484,P0249,腐殖酸肥,有机肥料,34kg/亩,2025-06-19,钱七
FR00485,P0249,磷肥,化学肥料,71kg/亩,2025-03-28,郑十一
FR00486,P0250,有机肥,有机肥料,100kg/亩,2025-03-24,孙八
FR00487,P0250,生物菌肥,生物肥料,72kg/亩,2025-06-13,李四
FR00488,P0251,钾肥,化学肥料,88kg/亩,2025-03-09,陈十二
FR00489,P0252,钾肥,化学肥料,30kg/亩,2025-06-08,陈十二
FR00490,P0253,叶面肥,化学肥料,48kg/亩,2025-08-27,吴十
FR00491,P0254,氮肥,化学肥料,93kg/亩,2025-08-18,李四
FR00492,P0255,氮肥,化学肥料,77kg/亩,2025-06-02,陈十二
FR00493,P0255,生物菌肥,生物肥料,99kg/亩,2025-06-17,陈十二
FR00494,P0256,有机肥,有机肥料,88kg/亩,2025-05-20,张三
FR00495,P0256,生物菌肥,生物肥料,93kg/亩,2025-03-04,陈十二
FR00496,P0256,叶面肥,化学肥料,81kg/亩,2025-05-26,钱七
FR00497,P0257,有机肥,有机肥料,56kg/亩,2025-05-18,周九
FR00498,P0258,氮肥,化学肥料,100kg/亩,2025-06-06,吴十
FR00499,P0259,磷肥,化学肥料,65kg/亩,2025-08-02,张三
FR00500,P0260,生物菌肥,生物肥料,55kg/亩,2025-06-27,赵六
FR00501,P0260,磷肥,化学肥料,100kg/亩,2025-06-14,张三
FR00502,P0260,腐殖酸肥,有机肥料,42kg/亩,2025-08-18,王五
FR00503,P0261,有机肥,有机肥料,68kg/亩,2025-05-10,周九
FR00504,P0262,腐殖酸肥,有机肥料,76kg/亩,2025-08-09,陈十二
FR00505,P0262,有机肥,有机肥料,34kg/亩,2025-04-21,吴十
FR00506,P0263,有机肥,有机肥料,73kg/亩,2025-04-22,周九
FR00507,P0264,生物菌肥,生物肥料,53kg/亩,2025-05-17,周九
FR00508,P0264,叶面肥,化学肥料,95kg/亩,2025-04-19,王五
FR00509,P0265,磷肥,化学肥料,78kg/亩,2025-04-21,赵六
FR00510,P0266,腐殖酸肥,有机肥料,42kg/亩,2025-08-09,陈十二
FR00511,P0266,腐殖酸肥,有机肥料,99kg/亩,2025-08-03,郑十一
FR00512,P0266,腐殖酸肥,有机肥料,92kg/亩,2025-04-09,李四
FR00513,P0267,有机肥,有机肥料,33kg/亩,2025-07-24,郑十一
FR00514,P0267,钾肥,化学肥料,53kg/亩,2025-03-28,周九
FR00515,P0267,磷肥,化学肥料,44kg/亩,2025-04-25,孙八
FR00516,P0268,复合肥,化学肥料,89kg/亩,2025-04-21,吴十
FR00517,P0269,腐殖酸肥,有机肥料,82kg/亩,2025-05-03,周九
FR00518,P0269,叶面肥,化学肥料,54kg/亩,2025-05-01,孙八
FR00519,P0269,氮肥,化学肥料,95kg/亩,2025-08-03,周九
FR00520,P0270,有机肥,有机肥料,76kg/亩,2025-04-20,赵六
FR00521,P0271,复合肥,化学肥料,50kg/亩,2025-06-18,周九
FR00522,P0271,腐殖酸肥,有机肥料,71kg/亩,2025-04-27,周九
FR00523,P0271,有机肥,有机肥料,87kg/亩,2025-04-09,孙八
FR00524,P0272,叶面肥,化学肥料,70kg/亩,2025-04-21,郑十一
FR00525,P0272,腐殖酸肥,有机肥料,47kg/亩,2025-07-20,王五
FR00526,P0273,有机肥,有机肥料,57kg/亩,2025-08-27,张三
FR00527,P0273,有机肥,有机肥料,40kg/亩,2025-07-12,孙八
FR00528,P0273,有机肥,有机肥料,79kg/亩,2025-04-14,李四
FR00529,P0274,有机肥,有机肥料,36kg/亩,2025-07-10,孙八
FR00530,P0274,复合肥,化学肥料,96kg/亩,2025-04-04,陈十二
FR00531,P0275,磷肥,化学肥料,68kg/亩,2025-06-21,钱七
FR00532,P0275,磷肥,化学肥料,50kg/亩,2025-07-08,张三
FR00533,P0275,有机肥,有机肥料,86kg/亩,2025-07-22,李四
FR00534,P0276,磷肥,化学肥料,92kg/亩,2025-08-21,李四
FR00535,P0276,叶面肥,化学肥料,45kg/亩,2025-07-23,吴十
FR00536,P0276,钾肥,化学肥料,52kg/亩,2025-04-04,王五
FR00537,P0277,有机肥,有机肥料,77kg/亩,2025-05-01,赵六
FR00538,P0277,复合肥,化学肥料,88kg/亩,2025-06-28,张三
FR00539,P0278,有机肥,有机肥料,87kg/亩,2025-07-15,孙八
FR00540,P0278,钾肥,化学肥料,59kg/亩,2025-07-05,孙八
FR00541,P0279,腐殖酸肥,有机肥料,34kg/亩,2025-08-20,吴十
FR00542,P0280,氮肥,化学肥料,76kg/亩,2025-07-21,孙八
FR00543,P0281,磷肥,化学肥料,49kg/亩,2025-06-27,李四
FR00544,P0282,磷肥,化学肥料,38kg/亩,2025-04-27,陈十二
FR00545,P0282,有机肥,有机肥料,42kg/亩,2025-07-08,孙八
FR00546,P0282,生物菌肥,生物肥料,88kg/亩,2025-06-10,周九
FR00547,P0283,腐殖酸肥,有机肥料,87kg/亩,2025-07-24,陈十二
FR00548,P0283,复合肥,化学肥料,52kg/亩,2025-08-26,陈十二
FR00549,P0284,叶面肥,化学肥料,32kg/亩,2025-07-05,李四
FR00550,P0284,生物菌肥,生物肥料,41kg/亩,2025-03-09,孙八
FR00551,P0284,氮肥,化学肥料,61kg/亩,2025-03-15,张三
FR00552,P0285,叶面肥,化学肥料,66kg/亩,2025-06-09,吴十
FR00553,P0285,磷肥,化学肥料,36kg/亩,2025-04-01,钱七
FR00554,P0285,腐殖酸肥,有机肥料,67kg/亩,2025-07-16,郑十一
FR00555,P0286,磷肥,化学肥料,41kg/亩,2025-07-08,张三
FR00556,P0286,叶面肥,化学肥料,53kg/亩,2025-05-14,吴十
FR00557,P0286,磷肥,化学肥料,52kg/亩,2025-08-25,王五
FR00558,P0287,有机肥,有机肥料,53kg/亩,2025-04-07,郑十一
FR00559,P0288,磷肥,化学肥料,47kg/亩,2025-03-14,郑十一
FR00560,P0289,复合肥,化学肥料,63kg/亩,2025-08-10,张三
FR00561,P0289,腐殖酸肥,有机肥料,70kg/亩,2025-08-27,钱七
FR00562,P0289,腐殖酸肥,有机肥料,64kg/亩,2025-03-16,李四
FR00563,P0290,叶面肥,化学肥料,56kg/亩,2025-07-22,周九
FR00564,P0290,氮肥,化学肥料,69kg/亩,2025-07-02,张三
FR00565,P0290,叶面肥,化学肥料,73kg/亩,2025-06-26,赵六
FR00566,P0291,有机肥,有机肥料,34kg/亩,2025-08-03,王五
FR00567,P0291,氮肥,化学肥料,82kg/亩,2025-06-18,吴十
FR00568,P0292,氮肥,化学肥料,89kg/亩,2025-05-28,吴十
FR00569,P0292,磷肥,化学肥料,85kg/亩,2025-08-09,孙八
FR00570,P0292,氮肥,化学肥料,80kg/亩,2025-08-06,周九
FR00571,P0293,叶面肥,化学肥料,79kg/亩,2025-05-15,郑十一
FR00572,P0294,生物菌肥,生物肥料,79kg/亩,2025-05-23,陈十二
FR00573,P0294,磷肥,化学肥料,70kg/亩,2025-04-28,郑十一
FR00574,P0295,复合肥,化学肥料,89kg/亩,2025-08-04,张三
FR00575,P0295,有机肥,有机肥料,68kg/亩,2025-08-10,周九
FR00576,P0296,复合肥,化学肥料,90kg/亩,2025-06-10,张三
FR00577,P0296,钾肥,化学肥料,69kg/亩,2025-07-02,赵六
FR00578,P0296,复合肥,化学肥料,74kg/亩,2025-03-14,李四
FR00579,P0297,钾肥,化学肥料,40kg/亩,2025-05-25,王五
FR00580,P0298,生物菌肥,生物肥料,47kg/亩,2025-05-28,钱七
FR00581,P0298,钾肥,化学肥料,60kg/亩,2025-03-20,陈十二
FR00582,P0298,钾肥,化学肥料,60kg/亩,2025-08-18,钱七
FR00583,P0299,磷肥,化学肥料,67kg/亩,2025-04-19,张三
FR00584,P0300,有机肥,有机肥料,48kg/亩,2025-06-26,赵六
FR00585,P0300,生物菌肥,生物肥料,83kg/亩,2025-06-16,王五
FR00586,P0300,磷肥,化学肥料,76kg/亩,2025-03-16,陈十二
FR00587,P0301,有机肥,有机肥料,76kg/亩,2025-08-28,陈十二
FR00588,P0301,复合肥,化学肥料,52kg/亩,2025-06-02,孙八
FR00589,P0302,磷肥,化学肥料,60kg/亩,2025-04-02,王五
FR00590,P0303,生物菌肥,生物肥料,88kg/亩,2025-03-03,钱七
FR00591,P0304,生物菌肥,生物肥料,62kg/亩,2025-06-17,郑十一
FR00592,P0304,叶面肥,化学肥料,95kg/亩,2025-07-18,孙八
FR00593,P0305,钾肥,化学肥料,32kg/亩,2025-07-21,钱七
FR00594,P0306,腐殖酸肥,有机肥料,41kg/亩,2025-03-15,李四
FR00595,P0306,有机肥,有机肥料,72kg/亩,2025-08-22,郑十一
FR00596,P0307,有机肥,有机肥料,69kg/亩,2025-05-15,赵六
FR00597,P0307,有机肥,有机肥料,69kg/亩,2025-07-05,王五
FR00598,P0308,生物菌肥,生物肥料,97kg/亩,2025-08-28,李四
FR00599,P0309,叶面肥,化学肥料,74kg/亩,2025-06-08,陈十二
FR00600,P0309,叶面肥,化学肥料,49kg/亩,2025-05-27,吴十
FR00601,P0309,磷肥,化学肥料,66kg/亩,2025-03-10,孙八
FR00602,P0310,氮肥,化学肥料,72kg/亩,2025-07-09,李四
FR00603,P0310,生物菌肥,生物肥料,66kg/亩,2025-08-17,李四
FR00604,P0311,生物菌肥,生物肥料,96kg/亩,2025-03-21,王五
FR00605,P0312,叶面肥,化学肥料,84kg/亩,2025-04-06,孙八
FR00606,P0313,生物菌肥,生物肥料,66kg/亩,2025-07-21,钱七
FR00607,P0313,生物菌肥,生物肥料,86kg/亩,2025-08-17,周九
FR00608,P0313,复合肥,化学肥料,89kg/亩,2025-08-21,张三
FR00609,P0314,腐殖酸肥,有机肥料,91kg/亩,2025-07-19,孙八
FR00610,P0315,磷肥,化学肥料,34kg/亩,2025-08-24,张三
FR00611,P0315,磷肥,化学肥料,96kg/亩,2025-08-10,赵六
FR00612,P0315,叶面肥,化学肥料,93kg/亩,2025-07-02,赵六
FR00613,P0316,磷肥,化学肥料,96kg/亩,2025-03-16,张三
FR00614,P0316,生物菌肥,生物肥料,70kg/亩,2025-07-03,张三
FR00615,P0317,磷肥,化学肥料,52kg/亩,2025-04-13,孙八
FR00616,P0317,有机肥,有机肥料,60kg/亩,2025-08-23,吴十
FR00617,P0318,钾肥,化学肥料,97kg/亩,2025-03-09,钱七
FR00618,P0318,生物菌肥,生物肥料,34kg/亩,2025-05-14,张三
FR00619,P0319,氮肥,化学肥料,32kg/亩,2025-08-24,吴十
FR00620,P0320,叶面肥,化学肥料,100kg/亩,2025-04-27,孙八
FR00621,P0320,有机肥,有机肥料,63kg/亩,2025-06-16,周九
FR00622,P0320,叶面肥,化学肥料,32kg/亩,2025-06-23,钱七
FR00623,P0321,复合肥,化学肥料,32kg/亩,2025-08-27,郑十一
FR00624,P0321,有机肥,有机肥料,48kg/亩,2025-07-17,陈十二
FR00625,P0321,复合肥,化学肥料,55kg/亩,2025-06-13,赵六
FR00626,P0322,钾肥,化学肥料,91kg/亩,2025-06-27,王五
FR00627,P0322,生物菌肥,生物肥料,75kg/亩,2025-03-15,赵六
FR00628,P0323,氮肥,化学肥料,30kg/亩,2025-03-01,吴十
FR00629,P0323,有机肥,有机肥料,42kg/亩,2025-04-17,王五
FR00630,P0324,腐殖酸肥,有机肥料,100kg/亩,2025-04-11,吴十
FR00631,P0325,叶面肥,化学肥料,81kg/亩,2025-07-16,周九
FR00632,P0326,有机肥,有机肥料,98kg/亩,2025-05-25,王五
FR00633,P0326,复合肥,化学肥料,66kg/亩,2025-08-16,郑十一
FR00634,P0326,复合肥,化学肥料,99kg/亩,2025-08-10,李四
FR00635,P0327,氮肥,化学肥料,87kg/亩,2025-03-13,孙八
FR00636,P0328,生物菌肥,生物肥料,84kg/亩,2025-05-27,钱七
FR00637,P0328,腐殖酸肥,有机肥料,75kg/亩,2025-04-09,李四
FR00638,P0328,生物菌肥,生物肥料,77kg/亩,2025-04-23,陈十二
FR00639,P0329,钾肥,化学肥料,97kg/亩,2025-05-02,李四
FR00640,P0330,氮肥,化学肥料,59kg/亩,2025-03-04,孙八
FR00641,P0331,腐殖酸肥,有机肥料,47kg/亩,2025-03-24,赵六
FR00642,P0331,叶面肥,化学肥料,85kg/亩,2025-08-15,张三
FR00643,P0332,有机肥,有机肥料,89kg/亩,2025-03-24,郑十一
FR00644,P0332,生物菌肥,生物肥料,93kg/亩,2025-08-24,李四
FR00645,P0333,生物菌肥,生物肥料,68kg/亩,2025-07-10,张三
FR00646,P0334,钾肥,化学肥料,66kg/亩,2025-08-18,钱七
FR00647,P0334,腐殖酸肥,有机肥料,67kg/亩,2025-04-16,赵六
FR00648,P0335,钾肥,化学肥料,64kg/亩,2025-05-10,周九
FR00649,P0335,氮肥,化学肥料,97kg/亩,2025-03-01,李四
FR00650,P0335,钾肥,化学肥料,77kg/亩,2025-04-02,郑十一
FR00651,P0336,复合肥,化学肥料,47kg/亩,2025-06-22,孙八
FR00652,P0337,氮肥,化学肥料,81kg/亩,2025-04-25,王五
FR00653,P0337,复合肥,化学肥料,73kg/亩,2025-05-27,郑十一
FR00654,P0338,叶面肥,化学肥料,76kg/亩,2025-08-25,吴十
FR00655,P0339,氮肥,化学肥料,35kg/亩,2025-06-11,郑十一
FR00656,P0339,磷肥,化学肥料,62kg/亩,2025-06-07,钱七
FR00657,P0340,生物菌肥,生物肥料,70kg/亩,2025-05-23,赵六
FR00658,P0340,氮肥,化学肥料,55kg/亩,2025-04-07,李四
FR00659,P0340,氮肥,化学肥料,50kg/亩,2025-06-13,王五
FR00660,P0341,钾肥,化学肥料,44kg/亩,2025-06-05,孙八
FR00661,P0342,腐殖酸肥,有机肥料,88kg/亩,2025-06-19,郑十一
FR00662,P0342,氮肥,化学肥料,63kg/亩,2025-05-19,李四
FR00663,P0342,腐殖酸肥,有机肥料,48kg/亩,2025-07-06,吴十
FR00664,P0343,腐殖酸肥,有机肥料,31kg/亩,2025-07-06,吴十
FR00665,P0343,钾肥,化学肥料,89kg/亩,2025-03-16,周九
FR00666,P0343,氮肥,化学肥料,71kg/亩,2025-04-18,吴十
FR00667,P0344,氮肥,化学肥料,94kg/亩,2025-04-25,王五
FR00668,P0344,腐殖酸肥,有机肥料,91kg/亩,2025-04-23,陈十二
FR00669,P0345,钾肥,化学肥料,62kg/亩,2025-04-22,孙八
FR00670,P0345,腐殖酸肥,有机肥料,89kg/亩,2025-05-07,孙八
FR00671,P0345,磷肥,化学肥料,70kg/亩,2025-06-27,赵六
FR00672,P0346,钾肥,化学肥料,41kg/亩,2025-04-22,周九
FR00673,P0347,腐殖酸肥,有机肥料,61kg/亩,2025-07-13,陈十二
FR00674,P0347,有机肥,有机肥料,30kg/亩,2025-08-05,王五
FR00675,P0347,氮肥,化学肥料,75kg/亩,2025-06-16,张三
FR00676,P0348,有机肥,有机肥料,32kg/亩,2025-05-12,周九
FR00677,P0349,生物菌肥,生物肥料,58kg/亩,2025-06-09,张三
FR00678,P0349,生物菌肥,生物肥料,66kg/亩,2025-04-02,赵六
FR00679,P0349,有机肥,有机肥料,95kg/亩,2025-07-22,周九
FR00680,P0350,氮肥,化学肥料,92kg/亩,2025-03-15,钱七
FR00681,P0350,叶面肥,化学肥料,89kg/亩,2025-08-02,钱七
FR00682,P0350,钾肥,化学肥料,93kg/亩,2025-06-04,赵六
FR00683,P0351,叶面肥,化学肥料,73kg/亩,2025-06-03,孙八
FR00684,P0351,有机肥,有机肥料,50kg/亩,2025-03-18,李四
FR00685,P0352,钾肥,化学肥料,81kg/亩,2025-08-08,李四
FR00686,P0352,叶面肥,化学肥料,34kg/亩,2025-06-06,吴十
FR00687,P0352,磷肥,化学肥料,47kg/亩,2025-06-20,钱七
FR00688,P0353,有机肥,有机肥料,33kg/亩,2025-06-25,周九
FR00689,P0353,磷肥,化学肥料,66kg/亩,2025-08-23,张三
FR00690,P0354,生物菌肥,生物肥料,39kg/亩,2025-05-25,吴十
FR00691,P0354,磷肥,化学肥料,60kg/亩,2025-06-20,李四
FR00692,P0354,有机肥,有机肥料,98kg/亩,2025-04-24,孙八
FR00693,P0355,叶面肥,化学肥料,78kg/亩,2025-06-28,钱七
FR00694,P0355,生物菌肥,生物肥料,69kg/亩,2025-05-14,张三
FR00695,P0356,氮肥,化学肥料,61kg/亩,2025-04-27,钱七
FR00696,P0356,钾肥,化学肥料,33kg/亩,2025-03-05,陈十二
FR00697,P0357,钾肥,化学肥料,92kg/亩,2025-06-10,赵六
FR00698,P0358,磷肥,化学肥料,76kg/亩,2025-03-01,孙八
FR00699,P0358,复合肥,化学肥料,57kg/亩,2025-08-24,张三
FR00700,P0359,钾肥,化学肥料,70kg/亩,2025-03-23,李四
FR00701,P0359,有机肥,有机肥料,34kg/亩,2025-04-09,陈十二
FR00702,P0359,腐殖酸肥,有机肥料,62kg/亩,2025-04-05,张三
FR00703,P0360,生物菌肥,生物肥料,40kg/亩,2025-03-28,钱七
FR00704,P0360,复合肥,化学肥料,40kg/亩,2025-04-03,赵六
FR00705,P0360,磷肥,化学肥料,63kg/亩,2025-03-22,赵六
FR00706,P0361,氮肥,化学肥料,92kg/亩,2025-06-21,赵六
FR00707,P0361,氮肥,化学肥料,69kg/亩,2025-05-22,吴十
FR00708,P0362,腐殖酸肥,有机肥料,93kg/亩,2025-07-17,王五
FR00709,P0362,复合肥,化学肥料,65kg/亩,2025-06-24,孙八
FR00710,P0363,磷肥,化学肥料,99kg/亩,2025-05-07,王五
FR00711,P0363,生物菌肥,生物肥料,68kg/亩,2025-05-20,陈十二
FR00712,P0363,氮肥,化学肥料,30kg/亩,2025-04-18,郑十一
FR00713,P0364,磷肥,化学肥料,89kg/亩,2025-07-22,郑十一
FR00714,P0365,有机肥,有机肥料,82kg/亩,2025-06-09,郑十一
FR00715,P0365,氮肥,化学肥料,68kg/亩,2025-07-02,钱七
FR00716,P0366,磷肥,化学肥料,86kg/亩,2025-08-26,王五
FR00717,P0367,生物菌肥,生物肥料,90kg/亩,2025-07-01,王五
FR00718,P0367,钾肥,化学肥料,62kg/亩,2025-04-20,张三
FR00719,P0368,磷肥,化学肥料,98kg/亩,2025-06-23,郑十一
FR00720,P0368,氮肥,化学肥料,85kg/亩,2025-08-02,李四
FR00721,P0368,复合肥,化学肥料,58kg/亩,2025-08-01,赵六
FR00722,P0369,复合肥,化学肥料,31kg/亩,2025-03-27,陈十二
FR00723,P0369,复合肥,化学肥料,36kg/亩,2025-05-07,孙八
FR00724,P0370,叶面肥,化学肥料,52kg/亩,2025-04-03,张三
FR00725,P0371,复合肥,化学肥料,61kg/亩,2025-07-23,郑十一
FR00726,P0371,生物菌肥,生物肥料,53kg/亩,2025-08-20,钱七
FR00727,P0372,有机肥,有机肥料,97kg/亩,2025-07-03,孙八
FR00728,P0372,有机肥,有机肥料,42kg/亩,2025-07-10,陈十二
FR00729,P0373,磷肥,化学肥料,78kg/亩,2025-03-20,张三
FR00730,P0374,腐殖酸肥,有机肥料,85kg/亩,2025-05-27,赵六
FR00731,P0374,磷肥,化学肥料,67kg/亩,2025-07-23,陈十二
FR00732,P0375,磷肥,化学肥料,43kg/亩,2025-06-21,张三
FR00733,P0375,钾肥,化学肥料,33kg/亩,2025-08-07,周九
FR00734,P0376,生物菌肥,生物肥料,80kg/亩,2025-06-15,王五
FR00735,P0376,钾肥,化学肥料,90kg/亩,2025-05-10,郑十一
FR00736,P0377,生物菌肥,生物肥料,53kg/亩,2025-05-21,吴十
FR00737,P0377,有机肥,有机肥料,91kg/亩,2025-05-08,赵六
FR00738,P0378,有机肥,有机肥料,43kg/亩,2025-03-15,张三
FR00739,P0378,生物菌肥,生物肥料,69kg/亩,2025-05-22,王五
FR00740,P0378,生物菌肥,生物肥料,72kg/亩,2025-03-26,吴十
FR00741,P0379,有机肥,有机肥料,98kg/亩,2025-08-06,吴十
FR00742,P0379,氮肥,化学肥料,54kg/亩,2025-05-16,孙八
FR00743,P0380,叶面肥,化学肥料,65kg/亩,2025-06-27,钱七
FR00744,P0380,生物菌肥,生物肥料,53kg/亩,2025-08-27,钱七
FR00745,P0381,生物菌肥,生物肥料,42kg/亩,2025-06-07,孙八
FR00746,P0382,有机肥,有机肥料,32kg/亩,2025-08-02,王五
FR00747,P0382,钾肥,化学肥料,67kg/亩,2025-05-21,赵六
FR00748,P0382,磷肥,化学肥料,92kg/亩,2025-06-07,陈十二
FR00749,P0383,叶面肥,化学肥料,73kg/亩,2025-05-23,王五
FR00750,P0383,叶面肥,化学肥料,91kg/亩,2025-04-18,张三
FR00751,P0384,腐殖酸肥,有机肥料,41kg/亩,2025-06-21,郑十一
FR00752,P0384,氮肥,化学肥料,44kg/亩,2025-05-25,钱七
FR00753,P0384,复合肥,化学肥料,73kg/亩,2025-04-25,李四
FR00754,P0385,叶面肥,化学肥料,76kg/亩,2025-06-05,郑十一
FR00755,P0385,有机肥,有机肥料,75kg/亩,2025-08-04,钱七
FR00756,P0385,有机肥,有机肥料,52kg/亩,2025-06-25,郑十一
FR00757,P0386,磷肥,化学肥料,51kg/亩,2025-06-08,王五
FR00758,P0386,生物菌肥,生物肥料,40kg/亩,2025-05-16,周九
FR00759,P0387,腐殖酸肥,有机肥料,53kg/亩,2025-08-25,吴十
FR00760,P0387,钾肥,化学肥料,80kg/亩,2025-07-23,周九
FR00761,P0388,腐殖酸肥,有机肥料,82kg/亩,2025-04-07,钱七
FR00762,P0388,腐殖酸肥,有机肥料,37kg/亩,2025-08-12,张三
FR00763,P0389,腐殖酸肥,有机肥料,63kg/亩,2025-05-04,陈十二
FR00764,P0390,生物菌肥,生物肥料,42kg/亩,2025-08-22,赵六
FR00765,P0391,生物菌肥,生物肥料,53kg/亩,2025-06-19,钱七
FR00766,P0391,氮肥,化学肥料,66kg/亩,2025-08-06,赵六
FR00767,P0392,氮肥,化学肥料,88kg/亩,2025-06-02,周九
FR00768,P0393,腐殖酸肥,有机肥料,78kg/亩,2025-06-27,李四
FR00769,P0393,钾肥,化学肥料,100kg/亩,2025-06-21,赵六
FR00770,P0393,有机肥,有机肥料,31kg/亩,2025-07-08,张三
FR00771,P0394,钾肥,化学肥料,43kg/亩,2025-03-10,吴十
FR00772,P0394,钾肥,化学肥料,38kg/亩,2025-06-11,李四
FR00773,P0395,复合肥,化学肥料,84kg/亩,2025-06-28,郑十一
FR00774,P0395,叶面肥,化学肥料,71kg/亩,2025-06-18,李四
FR00775,P0395,钾肥,化学肥料,32kg/亩,2025-05-25,孙八
FR00776,P0396,有机肥,有机肥料,67kg/亩,2025-04-24,李四
FR00777,P0396,有机肥,有机肥料,77kg/亩,2025-03-14,赵六
FR00778,P0396,磷肥,化学肥料,76kg/亩,2025-08-22,陈十二
FR00779,P0397,生物菌肥,生物肥料,53kg/亩,2025-04-07,郑十一
FR00780,P0397,钾肥,化学肥料,64kg/亩,2025-07-24,周九
FR00781,P0398,腐殖酸肥,有机肥料,60kg/亩,2025-06-26,吴十
FR00782,P0399,钾肥,化学肥料,79kg/亩,2025-04-02,钱七
FR00783,P0399,生物菌肥,生物肥料,74kg/亩,2025-08-16,李四
FR00784,P0399,腐殖酸肥,有机肥料,94kg/亩,2025-03-25,陈十二
FR00785,P0400,生物菌肥,生物肥料,40kg/亩,2025-05-18,陈十二
FR00786,P0401,生物菌肥,生物肥料,98kg/亩,2025-07-08,李四
FR00787,P0401,腐殖酸肥,有机肥料,41kg/亩,2025-07-03,王五
FR00788,P0402,叶面肥,化学肥料,82kg/亩,2025-03-26,张三
FR00789,P0402,腐殖酸肥,有机肥料,97kg/亩,2025-03-21,陈十二
FR00790,P0402,生物菌肥,生物肥料,71kg/亩,2025-08-10,周九
FR00791,P0403,生物菌肥,生物肥料,34kg/亩,2025-07-27,钱七
FR00792,P0404,磷肥,化学肥料,41kg/亩,2025-05-20,周九
FR00793,P0404,复合肥,化学肥料,81kg/亩,2025-05-06,李四
FR00794,P0404,生物菌肥,生物肥料,80kg/亩,2025-07-05,郑十一
FR00795,P0405,生物菌肥,生物肥料,44kg/亩,2025-07-13,吴十
FR00796,P0405,钾肥,化学肥料,65kg/亩,2025-06-07,孙八
FR00797,P0405,磷肥,化学肥料,78kg/亩,2025-03-02,周九
FR00798,P0406,腐殖酸肥,有机肥料,35kg/亩,2025-03-17,李四
FR00799,P0406,磷肥,化学肥料,36kg/亩,2025-06-21,孙八
FR00800,P0406,氮肥,化学肥料,37kg/亩,2025-05-27,孙八
FR00801,P0407,有机肥,有机肥料,64kg/亩,2025-07-25,钱七
FR00802,P0407,有机肥,有机肥料,86kg/亩,2025-07-15,钱七
FR00803,P0408,有机肥,有机肥料,73kg/亩,2025-08-03,钱七
FR00804,P0409,磷肥,化学肥料,72kg/亩,2025-05-16,孙八
FR00805,P0410,生物菌肥,生物肥料,36kg/亩,2025-04-18,孙八
FR00806,P0410,氮肥,化学肥料,78kg/亩,2025-08-09,李四
FR00807,P0411,叶面肥,化学肥料,34kg/亩,2025-06-17,孙八
FR00808,P0412,复合肥,化学肥料,100kg/亩,2025-08-11,赵六
FR00809,P0413,腐殖酸肥,有机肥料,39kg/亩,2025-06-27,李四
FR00810,P0413,腐殖酸肥,有机肥料,67kg/亩,2025-06-09,陈十二
FR00811,P0413,钾肥,化学肥料,43kg/亩,2025-03-23,孙八
FR00812,P0414,有机肥,有机肥料,55kg/亩,2025-03-04,王五
FR00813,P0414,复合肥,化学肥料,92kg/亩,2025-07-17,周九
FR00814,P0415,复合肥,化学肥料,45kg/亩,2025-03-28,赵六
FR00815,P0416,复合肥,化学肥料,98kg/亩,2025-04-16,陈十二
FR00816,P0416,钾肥,化学肥料,45kg/亩,2025-08-10,钱七
FR00817,P0416,氮肥,化学肥料,33kg/亩,2025-07-21,孙八
FR00818,P0417,磷肥,化学肥料,82kg/亩,2025-06-19,王五
FR00819,P0418,叶面肥,化学肥料,49kg/亩,2025-07-20,吴十
FR00820,P0418,腐殖酸肥,有机肥料,92kg/亩,2025-08-02,赵六
FR00821,P0418,氮肥,化学肥料,88kg/亩,2025-08-16,吴十
FR00822,P0419,磷肥,化学肥料,90kg/亩,2025-05-23,赵六
FR00823,P0420,钾肥,化学肥料,95kg/亩,2025-07-23,吴十
FR00824,P0420,腐殖酸肥,有机肥料,31kg/亩,2025-03-13,王五
FR00825,P0421,叶面肥,化学肥料,30kg/亩,2025-06-26,孙八
FR00826,P0422,有机肥,有机肥料,73kg/亩,2025-03-13,李四
FR00827,P0422,生物菌肥,生物肥料,50kg/亩,2025-08-12,王五
FR00828,P0422,复合肥,化学肥料,35kg/亩,2025-05-28,李四
FR00829,P0423,叶面肥,化学肥料,66kg/亩,2025-08-16,郑十一
FR00830,P0424,钾肥,化学肥料,44kg/亩,2025-05-27,郑十一
FR00831,P0425,磷肥,化学肥料,99kg/亩,2025-07-24,孙八
FR00832,P0425,磷肥,化学肥料,62kg/亩,2025-05-28,郑十一
FR00833,P0425,复合肥,化学肥料,40kg/亩,2025-03-03,吴十
FR00834,P0426,叶面肥,化学肥料,61kg/亩,2025-06-26,钱七
FR00835,P0426,叶面肥,化学肥料,97kg/亩,2025-03-09,陈十二
FR00836,P0427,磷肥,化学肥料,53kg/亩,2025-03-06,钱七
FR00837,P0427,生物菌肥,生物肥料,77kg/亩,2025-08-15,吴十
FR00838,P0428,氮肥,化学肥料,95kg/亩,2025-03-24,钱七
FR00839,P0428,叶面肥,化学肥料,43kg/亩,2025-05-05,张三
FR00840,P0428,生物菌肥,生物肥料,76kg/亩,2025-08-12,陈十二
FR00841,P0429,生物菌肥,生物肥料,36kg/亩,2025-05-05,吴十
FR00842,P0430,生物菌肥,生物肥料,74kg/亩,2025-03-26,钱七
FR00843,P0431,复合肥,化学肥料,32kg/亩,2025-05-06,张三
FR00844,P0432,腐殖酸肥,有机肥料,94kg/亩,2025-08-08,王五
FR00845,P0433,钾肥,化学肥料,63kg/亩,2025-04-15,赵六
FR00846,P0434,复合肥,化学肥料,89kg/亩,2025-08-19,陈十二
FR00847,P0435,生物菌肥,生物肥料,65kg/亩,2025-08-16,张三
FR00848,P0435,氮肥,化学肥料,35kg/亩,2025-07-13,郑十一
FR00849,P0436,生物菌肥,生物肥料,55kg/亩,2025-06-13,郑十一
FR00850,P0437,腐殖酸肥,有机肥料,94kg/亩,2025-03-23,郑十一
FR00851,P0437,磷肥,化学肥料,59kg/亩,2025-07-13,李四
FR00852,P0438,磷肥,化学肥料,57kg/亩,2025-07-14,李四
FR00853,P0438,生物菌肥,生物肥料,99kg/亩,2025-06-20,张三
FR00854,P0439,有机肥,有机肥料,48kg/亩,2025-04-06,王五
FR00855,P0440,磷肥,化学肥料,88kg/亩,2025-03-03,张三
FR00856,P0440,有机肥,有机肥料,35kg/亩,2025-07-23,李四
FR00857,P0440,生物菌肥,生物肥料,99kg/亩,2025-06-25,陈十二
FR00858,P0441,有机肥,有机肥料,44kg/亩,2025-08-12,钱七
FR00859,P0441,磷肥,化学肥料,59kg/亩,2025-05-10,郑十一
FR00860,P0442,磷肥,化学肥料,72kg/亩,2025-05-19,张三
FR00861,P0443,复合肥,化学肥料,47kg/亩,2025-07-16,钱七
FR00862,P0443,生物菌肥,生物肥料,39kg/亩,2025-03-03,吴十
FR00863,P0444,磷肥,化学肥料,89kg/亩,2025-08-09,李四
FR00864,P0445,有机肥,有机肥料,50kg/亩,2025-05-18,吴十
FR00865,P0445,复合肥,化学肥料,67kg/亩,2025-03-18,吴十
FR00866,P0446,有机肥,有机肥料,94kg/亩,2025-08-20,张三
FR00867,P0446,复合肥,化学肥料,40kg/亩,2025-04-11,孙八
FR00868,P0446,腐殖酸肥,有机肥料,90kg/亩,2025-04-12,吴十
FR00869,P0447,叶面肥,化学肥料,86kg/亩,2025-05-22,赵六
FR00870,P0448,腐殖酸肥,有机肥料,58kg/亩,2025-05-17,钱七
FR00871,P0449,生物菌肥,生物肥料,37kg/亩,2025-06-15,李四
FR00872,P0450,氮肥,化学肥料,50kg/亩,2025-08-18,周九
FR00873,P0451,生物菌肥,生物肥料,91kg/亩,2025-05-04,张三
FR00874,P0451,复合肥,化学肥料,50kg/亩,2025-06-12,钱七
FR00875,P0451,生物菌肥,生物肥料,80kg/亩,2025-05-05,陈十二
FR00876,P0452,腐殖酸肥,有机肥料,70kg/亩,2025-08-17,钱七
FR00877,P0452,氮肥,化学肥料,85kg/亩,2025-08-06,张三
FR00878,P0452,叶面肥,化学肥料,58kg/亩,2025-06-01,张三
FR00879,P0453,氮肥,化学肥料,71kg/亩,2025-08-08,吴十
FR00880,P0453,生物菌肥,生物肥料,77kg/亩,2025-07-24,钱七
FR00881,P0454,腐殖酸肥,有机肥料,62kg/亩,2025-04-03,钱七
FR00882,P0454,氮肥,化学肥料,71kg/亩,2025-04-10,吴十
FR00883,P0454,复合肥,化学肥料,90kg/亩,2025-08-27,王五
FR00884,P0455,腐殖酸肥,有机肥料,64kg/亩,2025-08-21,王五
FR00885,P0456,复合肥,化学肥料,75kg/亩,2025-04-03,郑十一
FR00886,P0456,叶面肥,化学肥料,36kg/亩,2025-08-06,郑十一
FR00887,P0457,叶面肥,化学肥料,67kg/亩,2025-03-13,张三
FR00888,P0457,叶面肥,化学肥料,75kg/亩,2025-03-02,赵六
FR00889,P0458,磷肥,化学肥料,95kg/亩,2025-08-25,郑十一
FR00890,P0459,磷肥,化学肥料,89kg/亩,2025-03-24,李四
FR00891,P0459,氮肥,化学肥料,72kg/亩,2025-07-12,赵六
FR00892,P0459,生物菌肥,生物肥料,72kg/亩,2025-07-13,李四
FR00893,P0460,有机肥,有机肥料,95kg/亩,2025-08-20,孙八
FR00894,P0460,有机肥,有机肥料,79kg/亩,2025-08-15,孙八
FR00895,P0461,磷肥,化学肥料,86kg/亩,2025-06-22,周九
FR00896,P0461,腐殖酸肥,有机肥料,87kg/亩,2025-06-22,钱七
FR00897,P0461,有机肥,有机肥料,96kg/亩,2025-03-01,孙八
FR00898,P0462,生物菌肥,生物肥料,91kg/亩,2025-08-28,郑十一
FR00899,P0463,复合肥,化学肥料,77kg/亩,2025-06-25,陈十二
FR00900,P0463,叶面肥,化学肥料,99kg/亩,2025-05-13,王五
FR00901,P0463,磷肥,化学肥料,43kg/亩,2025-05-16,赵六
FR00902,P0464,磷肥,化学肥料,74kg/亩,2025-04-01,陈十二
FR00903,P0464,叶面肥,化学肥料,73kg/亩,2025-05-25,李四
FR00904,P0464,有机肥,有机肥料,48kg/亩,2025-04-23,周九
FR00905,P0465,氮肥,化学肥料,72kg/亩,2025-04-06,吴十
FR00906,P0465,叶面肥,化学肥料,63kg/亩,2025-04-23,李四
FR00907,P0466,钾肥,化学肥料,86kg/亩,2025-05-05,钱七
FR00908,P0466,叶面肥,化学肥料,72kg/亩,2025-05-20,吴十
FR00909,P0466,磷肥,化学肥料,68kg/亩,2025-05-14,陈十二
FR00910,P0467,腐殖酸肥,有机肥料,48kg/亩,2025-04-26,赵六
FR00911,P0468,钾肥,化学肥料,34kg/亩,2025-06-27,王五
FR00912,P0469,氮肥,化学肥料,68kg/亩,2025-05-18,吴十
FR00913,P0470,钾肥,化学肥料,70kg/亩,2025-05-11,周九
FR00914,P0470,复合肥,化学肥料,84kg/亩,2025-07-28,钱七
FR00915,P0470,腐殖酸肥,有机肥料,64kg/亩,2025-06-05,钱七
FR00916,P0471,氮肥,化学肥料,93kg/亩,2025-08-22,李四
FR00917,P0471,腐殖酸肥,有机肥料,86kg/亩,2025-03-11,李四
FR00918,P0472,腐殖酸肥,有机肥料,51kg/亩,2025-05-04,赵六
FR00919,P0472,叶面肥,化学肥料,66kg/亩,2025-05-15,张三
FR00920,P0473,复合肥,化学肥料,73kg/亩,2025-04-10,周九
FR00921,P0473,磷肥,化学肥料,46kg/亩,2025-07-05,陈十二
FR00922,P0473,复合肥,化学肥料,92kg/亩,2025-06-02,赵六
FR00923,P0474,腐殖酸肥,有机肥料,63kg/亩,2025-03-26,张三
FR00924,P0474,氮肥,化学肥料,73kg/亩,2025-06-02,吴十
FR00925,P0474,腐殖酸肥,有机肥料,73kg/亩,2025-08-19,周九
FR00926,P0475,生物菌肥,生物肥料,81kg/亩,2025-05-19,钱七
FR00927,P0475,叶面肥,化学肥料,42kg/亩,2025-06-16,郑十一
FR00928,P0475,复合肥,化学肥料,32kg/亩,2025-05-15,赵六
FR00929,P0476,复合肥,化学肥料,59kg/亩,2025-06-07,陈十二
FR00930,P0476,腐殖酸肥,有机肥料,63kg/亩,2025-04-04,李四
FR00931,P0476,氮肥,化学肥料,89kg/亩,2025-05-03,张三
FR00932,P0477,复合肥,化学肥料,89kg/亩,2025-06-14,钱七
FR00933,P0478,生物菌肥,生物肥料,60kg/亩,2025-07-25,赵六
FR00934,P0478,腐殖酸肥,有机肥料,50kg/亩,2025-04-13,周九
FR00935,P0479,腐殖酸肥,有机肥料,34kg/亩,2025-03-09,钱七
FR00936,P0480,有机肥,有机肥料,51kg/亩,2025-03-24,张三
FR00937,P0480,叶面肥,化学肥料,88kg/亩,2025-05-09,郑十一
FR00938,P0481,有机肥,有机肥料,39kg/亩,2025-07-15,李四
FR00939,P0482,氮肥,化学肥料,78kg/亩,2025-03-01,吴十
FR00940,P0482,生物菌肥,生物肥料,86kg/亩,2025-05-13,陈十二
FR00941,P0483,磷肥,化学肥料,64kg/亩,2025-04-28,赵六
FR00942,P0484,叶面肥,化学肥料,94kg/亩,2025-07-12,孙八
FR00943,P0484,氮肥,化学肥料,31kg/亩,2025-06-03,周九
FR00944,P0485,氮肥,化学肥料,49kg/亩,2025-08-24,陈十二
FR00945,P0486,磷肥,化学肥料,52kg/亩,2025-07-15,孙八
FR00946,P0486,钾肥,化学肥料,59kg/亩,2025-07-17,钱七
FR00947,P0487,复合肥,化学肥料,50kg/亩,2025-08-02,钱七
FR00948,P0487,氮肥,化学肥料,39kg/亩,2025-03-16,张三
FR00949,P0487,磷肥,化学肥料,57kg/亩,2025-07-15,孙八
FR00950,P0488,氮肥,化学肥料,84kg/亩,2025-05-03,钱七
FR00951,P0489,生物菌肥,生物肥料,80kg/亩,2025-06-26,孙八
FR00952,P0489,生物菌肥,生物肥料,52kg/亩,2025-04-05,吴十
FR00953,P0489,叶面肥,化学肥料,56kg/亩,2025-05-02,李四
FR00954,P0490,有机肥,有机肥料,97kg/亩,2025-07-12,周九
FR00955,P0490,叶面肥,化学肥料,51kg/亩,2025-06-26,张三
FR00956,P0490,复合肥,化学肥料,44kg/亩,2025-06-28,李四
FR00957,P0491,叶面肥,化学肥料,77kg/亩,2025-06-11,张三
FR00958,P0491,磷肥,化学肥料,100kg/亩,2025-04-23,郑十一
FR00959,P0491,复合肥,化学肥料,91kg/亩,2025-06-18,周九
FR00960,P0492,钾肥,化学肥料,47kg/亩,2025-08-18,陈十二
FR00961,P0492,钾肥,化学肥料,100kg/亩,2025-07-09,孙八
FR00962,P0493,生物菌肥,生物肥料,54kg/亩,2025-06-16,张三
FR00963,P0494,磷肥,化学肥料,78kg/亩,2025-03-05,赵六
FR00964,P0494,有机肥,有机肥料,89kg/亩,2025-05-19,陈十二
FR00965,P0494,叶面肥,化学肥料,72kg/亩,2025-08-22,孙八
FR00966,P0495,氮肥,化学肥料,77kg/亩,2025-05-01,郑十一
FR00967,P0495,有机肥,有机肥料,40kg/亩,2025-07-06,陈十二
FR00968,P0495,生物菌肥,生物肥料,30kg/亩,2025-04-01,李四
FR00969,P0496,有机肥,有机肥料,56kg/亩,2025-06-26,赵六
FR00970,P0496,腐殖酸肥,有机肥料,46kg/亩,2025-08-17,赵六
FR00971,P0497,复合肥,化学肥料,90kg/亩,2025-04-05,孙八
FR00972,P0497,磷肥,化学肥料,87kg/亩,2025-06-21,郑十一
FR00973,P0498,钾肥,化学肥料,33kg/亩,2025-08-01,郑十一
FR00974,P0498,有机肥,有机肥料,71kg/亩,2025-07-11,张三
FR00975,P0498,钾肥,化学肥料,47kg/亩,2025-05-27,张三
FR00976,P0499,生物菌肥,生物肥料,30kg/亩,2025-08-19,赵六
FR00977,P0500,叶面肥,化学肥料,100kg/亩,2025-05-04,钱七
FR00978,P0500,磷肥,化学肥料,58kg/亩,2025-03-17,钱七
FR00979,P0500,复合肥,化学肥料,86kg/亩,2025-03-26,赵六
FR00980,P0501,叶面肥,化学肥料,49kg/亩,2025-06-11,周九
FR00981,P0502,生物菌肥,生物肥料,47kg/亩,2025-08-15,钱七
FR00982,P0502,氮肥,化学肥料,72kg/亩,2025-03-06,赵六
FR00983,P0502,磷肥,化学肥料,84kg/亩,2025-03-28,周九
FR00984,P0503,氮肥,化学肥料,37kg/亩,2025-06-19,孙八
FR00985,P0503,氮肥,化学肥料,77kg/亩,2025-03-22,陈十二
FR00986,P0503,氮肥,化学肥料,72kg/亩,2025-05-25,吴十
FR00987,P0504,腐殖酸肥,有机肥料,35kg/亩,2025-05-27,王五
FR00988,P0505,叶面肥,化学肥料,69kg/亩,2025-06-24,王五
FR00989,P0506,氮肥,化学肥料,69kg/亩,2025-05-16,李四
FR00990,P0506,叶面肥,化学肥料,94kg/亩,2025-07-19,陈十二
FR00991,P0506,叶面肥,化学肥料,39kg/亩,2025-07-02,李四
FR00992,P0507,有机肥,有机肥料,33kg/亩,2025-03-24,孙八
FR00993,P0508,叶面肥,化学肥料,51kg/亩,2025-07-27,孙八
FR00994,P0508,有机肥,有机肥料,41kg/亩,2025-08-04,钱七
FR00995,P0508,生物菌肥,生物肥料,93kg/亩,2025-05-25,陈十二
FR00996,P0509,复合肥,化学肥料,32kg/亩,2025-03-21,张三
FR00997,P0509,钾肥,化学肥料,43kg/亩,2025-05-27,吴十
FR00998,P0509,氮肥,化学肥料,68kg/亩,2025-08-06,钱七
FR00999,P0510,复合肥,化学肥料,40kg/亩,2025-07-08,郑十一
FR01000,P0510,叶面肥,化学肥料,80kg/亩,2025-05-20,王五
FR01001,P0511,磷肥,化学肥料,92kg/亩,2025-07-10,周九
FR01002,P0511,生物菌肥,生物肥料,40kg/亩,2025-05-01,孙八
FR01003,P0512,氮肥,化学肥料,36kg/亩,2025-08-17,李四
FR01004,P0513,叶面肥,化学肥料,81kg/亩,2025-05-16,钱七
FR01005,P0513,腐殖酸肥,有机肥料,92kg/亩,2025-07-06,赵六
FR01006,P0514,磷肥,化学肥料,41kg/亩,2025-07-25,赵六
FR01007,P0514,磷肥,化学肥料,46kg/亩,2025-03-04,孙八
FR01008,P0515,复合肥,化学肥料,53kg/亩,2025-04-09,张三
FR01009,P0516,有机肥,有机肥料,82kg/亩,2025-03-02,张三
FR01010,P0517,氮肥,化学肥料,79kg/亩,2025-06-05,李四
FR01011,P0517,叶面肥,化学肥料,64kg/亩,2025-07-26,孙八
FR01012,P0518,腐殖酸肥,有机肥料,32kg/亩,2025-05-05,赵六
FR01013,P0518,磷肥,化学肥料,75kg/亩,2025-08-24,李四
FR01014,P0519,钾肥,化学肥料,41kg/亩,2025-08-04,吴十
FR01015,P0519,有机肥,有机肥料,80kg/亩,2025-07-22,赵六
FR01016,P0520,氮肥,化学肥料,92kg/亩,2025-03-17,周九
FR01017,P0520,钾肥,化学肥料,96kg/亩,2025-05-20,钱七
FR01018,P0521,氮肥,化学肥料,33kg/亩,2025-03-24,周九
FR01019,P0521,磷肥,化学肥料,67kg/亩,2025-07-28,王五
FR01020,P0521,腐殖酸肥,有机肥料,97kg/亩,2025-04-10,赵六
FR01021,P0522,有机肥,有机肥料,70kg/亩,2025-07-08,陈十二
FR01022,P0522,钾肥,化学肥料,76kg/亩,2025-05-13,陈十二
FR01023,P0522,腐殖酸肥,有机肥料,38kg/亩,2025-07-20,张三
FR01024,P0523,腐殖酸肥,有机肥料,85kg/亩,2025-03-08,周九
FR01025,P0524,生物菌肥,生物肥料,59kg/亩,2025-05-17,钱七
FR01026,P0524,腐殖酸肥,有机肥料,45kg/亩,2025-06-09,钱七
FR01027,P0524,生物菌肥,生物肥料,59kg/亩,2025-07-22,钱七
FR01028,P0525,叶面肥,化学肥料,64kg/亩,2025-07-26,王五
FR01029,P0525,腐殖酸肥,有机肥料,75kg/亩,2025-08-13,周九
FR01030,P0526,有机肥,有机肥料,66kg/亩,2025-06-24,王五
FR01031,P0526,有机肥,有机肥料,40kg/亩,2025-05-03,钱七
FR01032,P0527,钾肥,化学肥料,94kg/亩,2025-03-18,陈十二
FR01033,P0527,腐殖酸肥,有机肥料,67kg/亩,2025-07-05,钱七
FR01034,P0528,复合肥,化学肥料,49kg/亩,2025-08-19,王五
FR01035,P0528,氮肥,化学肥料,32kg/亩,2025-05-06,郑十一
FR01036,P0528,钾肥,化学肥料,38kg/亩,2025-04-12,孙八
FR01037,P0529,复合肥,化学肥料,95kg/亩,2025-03-08,钱七
FR01038,P0529,腐殖酸肥,有机肥料,80kg/亩,2025-03-15,张三
FR01039,P0529,复合肥,化学肥料,99kg/亩,2025-04-24,吴十
FR01040,P0530,钾肥,化学肥料,62kg/亩,2025-03-19,郑十一
FR01041,P0530,磷肥,化学肥料,90kg/亩,2025-07-06,钱七
FR01042,P0531,叶面肥,化学肥料,39kg/亩,2025-04-17,赵六
FR01043,P0532,叶面肥,化学肥料,48kg/亩,2025-03-07,李四
FR01044,P0533,叶面肥,化学肥料,46kg/亩,2025-05-13,孙八
FR01045,P0534,氮肥,化学肥料,57kg/亩,2025-07-16,钱七
FR01046,P0534,复合肥,化学肥料,36kg/亩,2025-07-28,陈十二
FR01047,P0535,复合肥,化学肥料,76kg/亩,2025-06-12,孙八
FR01048,P0536,钾肥,化学肥料,82kg/亩,2025-05-27,吴十
FR01049,P0537,生物菌肥,生物肥料,95kg/亩,2025-07-25,郑十一
FR01050,P0538,磷肥,化学肥料,86kg/亩,2025-04-13,钱七
FR01051,P0538,叶面肥,化学肥料,94kg/亩,2025-04-26,李四
FR01052,P0539,腐殖酸肥,有机肥料,34kg/亩,2025-08-06,陈十二
FR01053,P0539,腐殖酸肥,有机肥料,45kg/亩,2025-08-20,陈十二
FR01054,P0539,钾肥,化学肥料,78kg/亩,2025-06-28,孙八
FR01055,P0540,腐殖酸肥,有机肥料,45kg/亩,2025-04-12,郑十一
FR01056,P0540,叶面肥,化学肥料,50kg/亩,2025-07-21,陈十二
FR01057,P0540,复合肥,化学肥料,98kg/亩,2025-05-16,周九
FR01058,P0541,叶面肥,化学肥料,69kg/亩,2025-04-07,张三
FR01059,P0541,磷肥,化学肥料,74kg/亩,2025-03-28,张三
FR01060,P0541,有机肥,有机肥料,67kg/亩,2025-06-04,王五
FR01061,P0542,生物菌肥,生物肥料,90kg/亩,2025-03-13,张三
FR01062,P0543,磷肥,化学肥料,56kg/亩,2025-04-02,郑十一
FR01063,P0543,磷肥,化学肥料,68kg/亩,2025-07-25,周九
FR01064,P0543,叶面肥,化学肥料,99kg/亩,2025-07-03,吴十
FR01065,P0544,腐殖酸肥,有机肥料,100kg/亩,2025-07-15,周九
FR01066,P0544,生物菌肥,生物肥料,100kg/亩,2025-05-28,张三
FR01067,P0545,复合肥,化学肥料,33kg/亩,2025-08-25,王五
FR01068,P0546,腐殖酸肥,有机肥料,70kg/亩,2025-04-23,钱七
FR01069,P0546,氮肥,化学肥料,52kg/亩,2025-08-16,赵六
FR01070,P0546,钾肥,化学肥料,85kg/亩,2025-03-14,钱七
FR01071,P0547,腐殖酸肥,有机肥料,82kg/亩,2025-05-16,孙八
FR01072,P0547,磷肥,化学肥料,56kg/亩,2025-07-17,钱七
FR01073,P0547,叶面肥,化学肥料,38kg/亩,2025-03-25,李四
FR01074,P0548,叶面肥,化学肥料,56kg/亩,2025-03-17,周九
FR01075,P0548,氮肥,化学肥料,87kg/亩,2025-08-06,周九
FR01076,P0548,生物菌肥,生物肥料,90kg/亩,2025-06-26,李四
FR01077,P0549,生物菌肥,生物肥料,63kg/亩,2025-04-14,王五
FR01078,P0549,生物菌肥,生物肥料,83kg/亩,2025-08-21,赵六
FR01079,P0549,氮肥,化学肥料,93kg/亩,2025-05-19,钱七
FR01080,P0550,腐殖酸肥,有机肥料,51kg/亩,2025-04-25,郑十一
FR01081,P0551,腐殖酸肥,有机肥料,30kg/亩,2025-05-28,周九
FR01082,P0552,磷肥,化学肥料,71kg/亩,2025-05-03,钱七
FR01083,P0553,有机肥,有机肥料,83kg/亩,2025-04-01,周九
FR01084,P0554,氮肥,化学肥料,41kg/亩,2025-03-16,郑十一
FR01085,P0555,磷肥,化学肥料,54kg/亩,2025-07-08,周九
FR01086,P0555,生物菌肥,生物肥料,64kg/亩,2025-05-09,郑十一
FR01087,P0556,生物菌肥,生物肥料,48kg/亩,2025-05-12,李四
FR01088,P0556,有机肥,有机肥料,46kg/亩,2025-08-13,李四
FR01089,P0557,复合肥,化学肥料,69kg/亩,2025-05-19,张三
FR01090,P0557,复合肥,化学肥料,56kg/亩,2025-03-07,陈十二
FR01091,P0558,复合肥,化学肥料,89kg/亩,2025-05-12,赵六
FR01092,P0558,腐殖酸肥,有机肥料,87kg/亩,2025-03-18,赵六
FR01093,P0559,叶面肥,化学肥料,77kg/亩,2025-04-11,郑十一
FR01094,P0560,氮肥,化学肥料,58kg/亩,2025-08-28,陈十二
FR01095,P0561,磷肥,化学肥料,30kg/亩,2025-06-09,陈十二
FR01096,P0561,腐殖酸肥,有机肥料,79kg/亩,2025-05-02,郑十一
FR01097,P0562,叶面肥,化学肥料,93kg/亩,2025-04-25,孙八
FR01098,P0562,磷肥,化学肥料,79kg/亩,2025-08-19,吴十
FR01099,P0562,钾肥,化学肥料,77kg/亩,2025-06-16,吴十
FR01100,P0563,腐殖酸肥,有机肥料,63kg/亩,2025-07-19,李四
FR01101,P0564,磷肥,化学肥料,77kg/亩,2025-07-12,陈十二
FR01102,P0564,腐殖酸肥,有机肥料,30kg/亩,2025-06-26,郑十一
FR01103,P0564,氮肥,化学肥料,77kg/亩,2025-03-14,赵六
FR01104,P0565,氮肥,化学肥料,96kg/亩,2025-06-26,张三
FR01105,P0566,磷肥,化学肥料,76kg/亩,2025-03-17,钱七
FR01106,P0566,生物菌肥,生物肥料,86kg/亩,2025-06-12,张三
FR01107,P0566,复合肥,化学肥料,77kg/亩,2025-07-22,钱七
FR01108,P0567,氮肥,化学肥料,90kg/亩,2025-04-25,周九
FR01109,P0567,钾肥,化学肥料,69kg/亩,2025-03-17,周九
FR01110,P0568,生物菌肥,生物肥料,36kg/亩,2025-08-28,周九
FR01111,P0568,腐殖酸肥,有机肥料,90kg/亩,2025-04-02,钱七
FR01112,P0568,有机肥,有机肥料,56kg/亩,2025-03-05,钱七
FR01113,P0569,叶面肥,化学肥料,63kg/亩,2025-05-01,李四
FR01114,P0569,复合肥,化学肥料,42kg/亩,2025-04-28,赵六
FR01115,P0570,复合肥,化学肥料,64kg/亩,2025-04-16,孙八
FR01116,P0570,生物菌肥,生物肥料,69kg/亩,2025-05-15,赵六
FR01117,P0571,复合肥,化学肥料,67kg/亩,2025-04-21,李四
FR01118,P0571,氮肥,化学肥料,39kg/亩,2025-04-10,张三
FR01119,P0571,磷肥,化学肥料,31kg/亩,2025-08-15,孙八
FR01120,P0572,氮肥,化学肥料,35kg/亩,2025-08-02,郑十一
FR01121,P0572,有机肥,有机肥料,73kg/亩,2025-04-18,赵六
FR01122,P0573,叶面肥,化学肥料,78kg/亩,2025-03-19,王五
FR01123,P0573,叶面肥,化学肥料,78kg/亩,2025-08-16,孙八
FR01124,P0573,生物菌肥,生物肥料,78kg/亩,2025-04-27,钱七
FR01125,P0574,叶面肥,化学肥料,38kg/亩,2025-05-04,郑十一
FR01126,P0574,氮肥,化学肥料,59kg/亩,2025-03-06,周九
FR01127,P0574,磷肥,化学肥料,99kg/亩,2025-05-24,张三
FR01128,P0575,钾肥,化学肥料,90kg/亩,2025-06-18,赵六
FR01129,P0575,复合肥,化学肥料,89kg/亩,2025-07-13,周九
FR01130,P0576,有机肥,有机肥料,48kg/亩,2025-04-16,陈十二
FR01131,P0577,叶面肥,化学肥料,35kg/亩,2025-04-06,钱七
FR01132,P0577,生物菌肥,生物肥料,39kg/亩,2025-07-28,郑十一
FR01133,P0577,有机肥,有机肥料,61kg/亩,2025-05-01,陈十二
FR01134,P0578,生物菌肥,生物肥料,96kg/亩,2025-05-25,陈十二
FR01135,P0578,腐殖酸肥,有机肥料,82kg/亩,2025-07-01,孙八
FR01136,P0578,钾肥,化学肥料,37kg/亩,2025-04-01,赵六
FR01137,P0579,有机肥,有机肥料,61kg/亩,2025-06-21,钱七
FR01138,P0579,磷肥,化学肥料,95kg/亩,2025-03-06,钱七
FR01139,P0579,钾肥,化学肥料,36kg/亩,2025-08-03,陈十二
FR01140,P0580,叶面肥,化学肥料,83kg/亩,2025-05-09,孙八
FR01141,P0580,氮肥,化学肥料,36kg/亩,2025-06-11,陈十二
FR01142,P0581,生物菌肥,生物肥料,79kg/亩,2025-05-17,钱七
FR01143,P0581,氮肥,化学肥料,96kg/亩,2025-03-01,陈十二
FR01144,P0582,磷肥,化学肥料,78kg/亩,2025-06-21,李四
FR01145,P0582,生物菌肥,生物肥料,82kg/亩,2025-04-21,吴十
FR01146,P0582,腐殖酸肥,有机肥料,32kg/亩,2025-05-12,孙八
FR01147,P0583,氮肥,化学肥料,41kg/亩,2025-06-28,赵六
FR01148,P0583,钾肥,化学肥料,95kg/亩,2025-03-02,李四
FR01149,P0583,生物菌肥,生物肥料,78kg/亩,2025-03-28,王五
FR01150,P0584,叶面肥,化学肥料,35kg/亩,2025-06-20,钱七
FR01151,P0584,氮肥,化学肥料,52kg/亩,2025-06-24,王五
FR01152,P0584,磷肥,化学肥料,32kg/亩,2025-03-09,周九
FR01153,P0585,氮肥,化学肥料,41kg/亩,2025-04-27,陈十二
FR01154,P0585,腐殖酸肥,有机肥料,58kg/亩,2025-05-04,赵六
FR01155,P0585,有机肥,有机肥料,53kg/亩,2025-08-04,王五
FR01156,P0586,复合肥,化学肥料,47kg/亩,2025-08-26,张三
FR01157,P0586,生物菌肥,生物肥料,74kg/亩,2025-03-06,李四
FR01158,P0586,复合肥,化学肥料,38kg/亩,2025-05-22,周九
FR01159,P0587,腐殖酸肥,有机肥料,96kg/亩,2025-06-22,赵六
FR01160,P0588,叶面肥,化学肥料,62kg/亩,2025-05-02,周九
FR01161,P0588,复合肥,化学肥料,57kg/亩,2025-06-27,郑十一
FR01162,P0589,钾肥,化学肥料,92kg/亩,2025-08-24,周九
FR01163,P0590,氮肥,化学肥料,97kg/亩,2025-07-07,周九
FR01164,P0591,生物菌肥,生物肥料,84kg/亩,2025-04-04,孙八
FR01165,P0591,有机肥,有机肥料,73kg/亩,2025-06-20,王五
FR01166,P0591,钾肥,化学肥料,86kg/亩,2025-07-06,张三
FR01167,P0592,生物菌肥,生物肥料,64kg/亩,2025-04-17,陈十二
FR01168,P0592,磷肥,化学肥料,39kg/亩,2025-05-06,陈十二
FR01169,P0592,复合肥,化学肥料,79kg/亩,2025-06-17,周九
FR01170,P0593,腐殖酸肥,有机肥料,60kg/亩,2025-07-11,周九
FR01171,P0593,有机肥,有机肥料,73kg/亩,2025-04-03,陈十二
FR01172,P0593,氮肥,化学肥料,94kg/亩,2025-04-17,张三
FR01173,P0594,磷肥,化学肥料,89kg/亩,2025-08-23,赵六
FR01174,P0594,腐殖酸肥,有机肥料,60kg/亩,2025-06-03,周九
FR01175,P0595,生物菌肥,生物肥料,86kg/亩,2025-04-26,周九
FR01176,P0595,磷肥,化学肥料,44kg/亩,2025-04-21,张三
FR01177,P0596,复合肥,化学肥料,96kg/亩,2025-06-22,周九
FR01178,P0596,复合肥,化学肥料,89kg/亩,2025-04-05,陈十二
FR01179,P0596,腐殖酸肥,有机肥料,38kg/亩,2025-08-15,李四
FR01180,P0597,叶面肥,化学肥料,80kg/亩,2025-04-01,张三
FR01181,P0597,复合肥,化学肥料,71kg/亩,2025-03-11,钱七
FR01182,P0598,有机肥,有机肥料,75kg/亩,2025-03-21,李四
FR01183,P0599,磷肥,化学肥料,40kg/亩,2025-06-08,赵六
FR01184,P0600,氮肥,化学肥料,57kg/亩,2025-03-17,赵六
FR01185,P0600,腐殖酸肥,有机肥料,36kg/亩,2025-03-05,王五
FR01186,P0601,钾肥,化学肥料,68kg/亩,2025-07-28,张三
FR01187,P0601,复合肥,化学肥料,86kg/亩,2025-03-07,吴十
FR01188,P0602,复合肥,化学肥料,69kg/亩,2025-04-09,赵六
FR01189,P0602,生物菌肥,生物肥料,73kg/亩,2025-03-16,李四
FR01190,P0602,有机肥,有机肥料,32kg/亩,2025-04-09,孙八
FR01191,P0603,钾肥,化学肥料,42kg/亩,2025-08-03,周九
FR01192,P0604,腐殖酸肥,有机肥料,79kg/亩,2025-03-05,李四
FR01193,P0604,叶面肥,化学肥料,51kg/亩,2025-03-22,周九
FR01194,P0605,有机肥,有机肥料,70kg/亩,2025-06-06,赵六
FR01195,P0605,生物菌肥,生物肥料,67kg/亩,2025-08-26,孙八
FR01196,P0605,生物菌肥,生物肥料,61kg/亩,2025-07-22,吴十
FR01197,P0606,生物菌肥,生物肥料,40kg/亩,2025-03-04,王五
FR01198,P0607,叶面肥,化学肥料,46kg/亩,2025-08-23,王五
FR01199,P0608,叶面肥,化学肥料,95kg/亩,2025-08-23,赵六
FR01200,P0608,叶面肥,化学肥料,50kg/亩,2025-07-19,钱七
FR01201,P0608,生物菌肥,生物肥料,72kg/亩,2025-06-26,孙八
FR01202,P0609,复合肥,化学肥料,77kg/亩,2025-03-01,吴十
FR01203,P0609,叶面肥,化学肥料,73kg/亩,2025-07-24,李四
FR01204,P0610,有机肥,有机肥料,77kg/亩,2025-08-11,吴十
FR01205,P0610,磷肥,化学肥料,82kg/亩,2025-03-19,钱七
FR01206,P0611,生物菌肥,生物肥料,62kg/亩,2025-05-05,郑十一
FR01207,P0611,复合肥,化学肥料,64kg/亩,2025-07-22,陈十二
FR01208,P0611,腐殖酸肥,有机肥料,35kg/亩,2025-06-05,钱七
FR01209,P0612,磷肥,化学肥料,88kg/亩,2025-08-20,赵六
FR01210,P0612,有机肥,有机肥料,43kg/亩,2025-06-07,赵六
FR01211,P0613,磷肥,化学肥料,90kg/亩,2025-06-21,张三
FR01212,P0613,复合肥,化学肥料,40kg/亩,2025-07-10,孙八
FR01213,P0613,复合肥,化学肥料,63kg/亩,2025-03-14,郑十一
FR01214,P0614,叶面肥,化学肥料,36kg/亩,2025-03-07,王五
FR01215,P0614,复合肥,化学肥料,77kg/亩,2025-07-11,李四
FR01216,P0615,磷肥,化学肥料,65kg/亩,2025-05-12,张三
FR01217,P0616,磷肥,化学肥料,75kg/亩,2025-04-23,李四
FR01218,P0617,有机肥,有机肥料,80kg/亩,2025-04-02,陈十二
FR01219,P0617,复合肥,化学肥料,47kg/亩,2025-04-01,李四
FR01220,P0617,生物菌肥,生物肥料,97kg/亩,2025-06-07,吴十
FR01221,P0618,复合肥,化学肥料,86kg/亩,2025-07-09,李四
FR01222,P0618,腐殖酸肥,有机肥料,72kg/亩,2025-05-21,钱七
FR01223,P0618,腐殖酸肥,有机肥料,52kg/亩,2025-06-02,周九
FR01224,P0619,氮肥,化学肥料,100kg/亩,2025-06-15,周九
FR01225,P0620,复合肥,化学肥料,64kg/亩,2025-07-20,周九
FR01226,P0620,复合肥,化学肥料,90kg/亩,2025-03-21,陈十二
FR01227,P0620,氮肥,化学肥料,53kg/亩,2025-07-26,孙八
FR01228,P0621,有机肥,有机肥料,53kg/亩,2025-05-15,赵六
FR01229,P0621,磷肥,化学肥料,40kg/亩,2025-07-02,郑十一
FR01230,P0621,腐殖酸肥,有机肥料,46kg/亩,2025-06-14,李四
FR01231,P0622,有机肥,有机肥料,39kg/亩,2025-08-15,郑十一
FR01232,P0622,氮肥,化学肥料,98kg/亩,2025-03-12,钱七
FR01233,P0622,叶面肥,化学肥料,76kg/亩,2025-05-06,张三
FR01234,P0623,腐殖酸肥,有机肥料,76kg/亩,2025-04-01,赵六
FR01235,P0624,腐殖酸肥,有机肥料,48kg/亩,2025-06-14,王五
FR01236,P0624,叶面肥,化学肥料,74kg/亩,2025-04-25,吴十
FR01237,P0624,钾肥,化学肥料,41kg/亩,2025-05-10,郑十一
FR01238,P0625,氮肥,化学肥料,83kg/亩,2025-03-17,张三
FR01239,P0625,复合肥,化学肥料,30kg/亩,2025-05-26,郑十一
FR01240,P0626,腐殖酸肥,有机肥料,53kg/亩,2025-06-01,李四
FR01241,P0627,钾肥,化学肥料,54kg/亩,2025-05-17,李四
FR01242,P0627,生物菌肥,生物肥料,61kg/亩,2025-07-25,张三
FR01243,P0627,有机肥,有机肥料,79kg/亩,2025-08-12,郑十一
FR01244,P0628,复合肥,化学肥料,77kg/亩,2025-07-24,张三
FR01245,P0628,复合肥,化学肥料,71kg/亩,2025-08-12,张三
FR01246,P0629,钾肥,化学肥料,80kg/亩,2025-04-15,赵六
FR01247,P0629,叶面肥,化学肥料,100kg/亩,2025-07-03,张三
FR01248,P0630,有机肥,有机肥料,71kg/亩,2025-08-17,吴十
FR01249,P0631,有机肥,有机肥料,51kg/亩,2025-04-16,钱七
FR01250,P0631,氮肥,化学肥料,40kg/亩,2025-05-17,钱七
FR01251,P0632,氮肥,化学肥料,46kg/亩,2025-03-12,李四
FR01252,P0633,有机肥,有机肥料,94kg/亩,2025-04-21,孙八
FR01253,P0634,叶面肥,化学肥料,32kg/亩,2025-03-04,孙八
FR01254,P0634,钾肥,化学肥料,67kg/亩,2025-04-12,王五
FR01255,P0634,氮肥,化学肥料,82kg/亩,2025-05-17,周九
FR01256,P0635,氮肥,化学肥料,82kg/亩,2025-07-27,李四
FR01257,P0635,氮肥,化学肥料,45kg/亩,2025-07-11,周九
FR01258,P0636,生物菌肥,生物肥料,72kg/亩,2025-07-05,周九
FR01259,P0636,复合肥,化学肥料,69kg/亩,2025-03-11,张三
FR01260,P0637,氮肥,化学肥料,92kg/亩,2025-04-09,周九
FR01261,P0637,复合肥,化学肥料,85kg/亩,2025-06-25,周九
FR01262,P0638,氮肥,化学肥料,42kg/亩,2025-04-05,孙八
FR01263,P0638,腐殖酸肥,有机肥料,76kg/亩,2025-04-16,郑十一
FR01264,P0638,叶面肥,化学肥料,93kg/亩,2025-03-19,钱七
FR01265,P0639,有机肥,有机肥料,40kg/亩,2025-08-07,钱七
FR01266,P0639,生物菌肥,生物肥料,93kg/亩,2025-06-21,王五
FR01267,P0639,叶面肥,化学肥料,31kg/亩,2025-05-22,孙八
FR01268,P0640,复合肥,化学肥料,38kg/亩,2025-05-13,李四
FR01269,P0640,复合肥,化学肥料,94kg/亩,2025-03-26,李四
FR01270,P0641,生物菌肥,生物肥料,81kg/亩,2025-06-28,钱七
FR01271,P0641,磷肥,化学肥料,34kg/亩,2025-05-14,吴十
FR01272,P0642,钾肥,化学肥料,89kg/亩,2025-04-09,吴十
FR01273,P0642,磷肥,化学肥料,43kg/亩,2025-05-18,郑十一
FR01274,P0643,钾肥,化学肥料,33kg/亩,2025-05-20,吴十
FR01275,P0643,腐殖酸肥,有机肥料,66kg/亩,2025-06-28,张三
FR01276,P0643,氮肥,化学肥料,66kg/亩,2025-03-25,孙八
FR01277,P0644,氮肥,化学肥料,45kg/亩,2025-04-18,孙八
FR01278,P0645,磷肥,化学肥料,68kg/亩,2025-08-05,李四
FR01279,P0645,复合肥,化学肥料,78kg/亩,2025-08-23,郑十一
FR01280,P0645,叶面肥,化学肥料,66kg/亩,2025-07-27,王五
FR01281,P0646,钾肥,化学肥料,83kg/亩,2025-05-22,郑十一
FR01282,P0646,氮肥,化学肥料,51kg/亩,2025-07-17,赵六
FR01283,P0646,钾肥,化学肥料,49kg/亩,2025-07-15,吴十
FR01284,P0647,有机肥,有机肥料,59kg/亩,2025-04-02,王五
FR01285,P0647,生物菌肥,生物肥料,66kg/亩,2025-08-02,陈十二
FR01286,P0647,氮肥,化学肥料,75kg/亩,2025-05-05,王五
FR01287,P0648,叶面肥,化学肥料,63kg/亩,2025-06-06,孙八
FR01288,P0648,生物菌肥,生物肥料,57kg/亩,2025-04-15,孙八
FR01289,P0649,复合肥,化学肥料,91kg/亩,2025-08-11,钱七
FR01290,P0650,生物菌肥,生物肥料,91kg/亩,2025-04-16,陈十二
FR01291,P0650,有机肥,有机肥料,66kg/亩,2025-03-01,李四
FR01292,P0651,生物菌肥,生物肥料,77kg/亩,2025-07-04,吴十
FR01293,P0651,叶面肥,化学肥料,33kg/亩,2025-06-28,周九
FR01294,P0652,磷肥,化学肥料,45kg/亩,2025-05-05,赵六
FR01295,P0652,有机肥,有机肥料,78kg/亩,2025-06-03,吴十
FR01296,P0653,钾肥,化学肥料,88kg/亩,2025-04-04,陈十二
FR01297,P0654,腐殖酸肥,有机肥料,90kg/亩,2025-05-18,郑十一
FR01298,P0654,磷肥,化学肥料,75kg/亩,2025-07-20,郑十一
FR01299,P0654,叶面肥,化学肥料,31kg/亩,2025-08-18,钱七
FR01300,P0655,钾肥,化学肥料,98kg/亩,2025-07-23,李四
FR01301,P0655,钾肥,化学肥料,52kg/亩,2025-03-02,孙八
FR01302,P0656,氮肥,化学肥料,96kg/亩,2025-08-27,张三
FR01303,P0656,叶面肥,化学肥料,74kg/亩,2025-03-23,王五
FR01304,P0657,有机肥,有机肥料,54kg/亩,2025-03-02,李四
FR01305,P0658,叶面肥,化学肥料,33kg/亩,2025-08-18,陈十二
FR01306,P0658,生物菌肥,生物肥料,62kg/亩,2025-06-07,王五
FR01307,P0659,钾肥,化学肥料,87kg/亩,2025-07-20,钱七
FR01308,P0660,有机肥,有机肥料,46kg/亩,2025-05-01,张三
FR01309,P0661,叶面肥,化学肥料,76kg/亩,2025-08-25,陈十二
FR01310,P0661,腐殖酸肥,有机肥料,87kg/亩,2025-08-21,孙八
FR01311,P0661,腐殖酸肥,有机肥料,78kg/亩,2025-05-20,钱七
FR01312,P0662,叶面肥,化学肥料,31kg/亩,2025-03-08,周九
FR01313,P0663,氮肥,化学肥料,63kg/亩,2025-03-28,陈十二
FR01314,P0663,叶面肥,化学肥料,77kg/亩,2025-07-27,吴十
FR01315,P0663,有机肥,有机肥料,93kg/亩,2025-04-05,孙八
FR01316,P0664,腐殖酸肥,有机肥料,56kg/亩,2025-03-23,钱七
FR01317,P0664,氮肥,化学肥料,86kg/亩,2025-03-06,钱七
FR01318,P0664,氮肥,化学肥料,81kg/亩,2025-03-05,孙八
FR01319,P0665,钾肥,化学肥料,40kg/亩,2025-06-05,郑十一
FR01320,P0665,复合肥,化学肥料,99kg/亩,2025-07-13,孙八
FR01321,P0666,磷肥,化学肥料,91kg/亩,2025-03-19,王五
FR01322,P0666,有机肥,有机肥料,34kg/亩,2025-08-21,周九
FR01323,P0666,有机肥,有机肥料,43kg/亩,2025-06-12,赵六
FR01324,P0667,腐殖酸肥,有机肥料,98kg/亩,2025-05-23,郑十一
FR01325,P0667,腐殖酸肥,有机肥料,53kg/亩,2025-07-20,李四
FR01326,P0667,生物菌肥,生物肥料,47kg/亩,2025-05-27,郑十一
FR01327,P0668,氮肥,化学肥料,81kg/亩,2025-06-26,赵六
FR01328,P0668,生物菌肥,生物肥料,73kg/亩,2025-04-08,赵六
FR01329,P0668,腐殖酸肥,有机肥料,98kg/亩,2025-07-08,李四
FR01330,P0669,有机肥,有机肥料,94kg/亩,2025-08-03,钱七
FR01331,P0669,磷肥,化学肥料,76kg/亩,2025-06-28,吴十
FR01332,P0669,有机肥,有机肥料,82kg/亩,2025-03-15,孙八
FR01333,P0670,生物菌肥,生物肥料,42kg/亩,2025-05-04,郑十一
FR01334,P0670,腐殖酸肥,有机肥料,75kg/亩,2025-07-24,赵六
FR01335,P0670,腐殖酸肥,有机肥料,94kg/亩,2025-08-18,王五
FR01336,P0671,钾肥,化学肥料,63kg/亩,2025-07-12,孙八
FR01337,P0671,生物菌肥,生物肥料,62kg/亩,2025-04-23,孙八
FR01338,P0672,磷肥,化学肥料,49kg/亩,2025-03-27,郑十一
FR01339,P0672,叶面肥,化学肥料,34kg/亩,2025-04-28,王五
FR01340,P0673,腐殖酸肥,有机肥料,98kg/亩,2025-04-08,吴十
FR01341,P0674,叶面肥,化学肥料,53kg/亩,2025-04-11,陈十二
FR01342,P0674,氮肥,化学肥料,83kg/亩,2025-08-14,赵六
FR01343,P0675,叶面肥,化学肥料,85kg/亩,2025-08-28,吴十
FR01344,P0676,有机肥,有机肥料,39kg/亩,2025-06-12,赵六
FR01345,P0676,钾肥,化学肥料,46kg/亩,2025-06-23,吴十
FR01346,P0677,生物菌肥,生物肥料,81kg/亩,2025-07-08,孙八
FR01347,P0677,腐殖酸肥,有机肥料,54kg/亩,2025-05-19,周九
FR01348,P0678,腐殖酸肥,有机肥料,34kg/亩,2025-04-03,孙八
FR01349,P0678,氮肥,化学肥料,34kg/亩,2025-08-04,王五
FR01350,P0678,叶面肥,化学肥料,41kg/亩,2025-03-26,孙八
FR01351,P0679,钾肥,化学肥料,40kg/亩,2025-07-20,王五
FR01352,P0679,钾肥,化学肥料,54kg/亩,2025-05-07,郑十一
FR01353,P0679,复合肥,化学肥料,99kg/亩,2025-08-12,钱七
FR01354,P0680,叶面肥,化学肥料,66kg/亩,2025-05-10,陈十二
FR01355,P0681,腐殖酸肥,有机肥料,68kg/亩,2025-08-01,陈十二
FR01356,P0681,钾肥,化学肥料,63kg/亩,2025-06-01,郑十一
FR01357,P0682,腐殖酸肥,有机肥料,60kg/亩,2025-07-15,孙八
FR01358,P0682,叶面肥,化学肥料,84kg/亩,2025-04-10,赵六
FR01359,P0683,复合肥,化学肥料,40kg/亩,2025-07-02,孙八
FR01360,P0683,钾肥,化学肥料,43kg/亩,2025-04-07,张三
FR01361,P0684,磷肥,化学肥料,88kg/亩,2025-08-21,钱七
FR01362,P0684,复合肥,化学肥料,82kg/亩,2025-07-07,赵六
FR01363,P0685,钾肥,化学肥料,38kg/亩,2025-07-23,李四
FR01364,P0685,氮肥,化学肥料,97kg/亩,2025-07-16,吴十
FR01365,P0685,钾肥,化学肥料,70kg/亩,2025-07-05,张三
FR01366,P0686,钾肥,化学肥料,58kg/亩,2025-06-25,王五
FR01367,P0686,氮肥,化学肥料,39kg/亩,2025-07-07,吴十
FR01368,P0687,复合肥,化学肥料,58kg/亩,2025-06-15,郑十一
FR01369,P0687,腐殖酸肥,有机肥料,51kg/亩,2025-03-26,周九
FR01370,P0688,叶面肥,化学肥料,54kg/亩,2025-03-04,钱七
FR01371,P0688,生物菌肥,生物肥料,78kg/亩,2025-07-20,吴十
FR01372,P0688,氮肥,化学肥料,69kg/亩,2025-07-02,周九
FR01373,P0689,氮肥,化学肥料,40kg/亩,2025-08-08,周九
FR01374,P0690,生物菌肥,生物肥料,75kg/亩,2025-04-05,钱七
FR01375,P0690,复合肥,化学肥料,84kg/亩,2025-04-21,张三
FR01376,P0690,有机肥,有机肥料,42kg/亩,2025-08-22,周九
FR01377,P0691,生物菌肥,生物肥料,100kg/亩,2025-08-09,吴十
FR01378,P0691,氮肥,化学肥料,74kg/亩,2025-08-09,陈十二
FR01379,P0692,钾肥,化学肥料,58kg/亩,2025-06-16,孙八
FR01380,P0693,氮肥,化学肥料,93kg/亩,2025-04-24,赵六
FR01381,P0694,有机肥,有机肥料,48kg/亩,2025-07-08,周九
FR01382,P0694,有机肥,有机肥料,49kg/亩,2025-08-11,赵六
FR01383,P0695,叶面肥,化学肥料,41kg/亩,2025-04-13,孙八
FR01384,P0695,氮肥,化学肥料,53kg/亩,2025-06-04,孙八
FR01385,P0696,磷肥,化学肥料,43kg/亩,2025-03-18,王五
FR01386,P0696,复合肥,化学肥料,86kg/亩,2025-07-16,郑十一
FR01387,P0696,有机肥,有机肥料,51kg/亩,2025-05-24,郑十一
FR01388,P0697,复合肥,化学肥料,98kg/亩,2025-03-12,郑十一
FR01389,P0698,氮肥,化学肥料,94kg/亩,2025-04-25,郑十一
FR01390,P0698,腐殖酸肥,有机肥料,43kg/亩,2025-07-28,钱七
FR01391,P0699,磷肥,化学肥料,58kg/亩,2025-05-21,赵六
FR01392,P0699,生物菌肥,生物肥料,87kg/亩,2025-07-17,李四
FR01393,P0699,复合肥,化学肥料,53kg/亩,2025-07-22,吴十
FR01394,P0700,有机肥,有机肥料,80kg/亩,2025-05-07,孙八
FR01395,P0700,有机肥,有机肥料,61kg/亩,2025-08-15,钱七
FR01396,P0700,氮肥,化学肥料,55kg/亩,2025-03-13,赵六
FR01397,P0701,腐殖酸肥,有机肥料,92kg/亩,2025-08-25,吴十
FR01398,P0701,钾肥,化学肥料,61kg/亩,2025-04-08,王五
FR01399,P0702,有机肥,有机肥料,68kg/亩,2025-08-10,王五
FR01400,P0702,腐殖酸肥,有机肥料,85kg/亩,2025-06-22,张三
FR01401,P0703,磷肥,化学肥料,71kg/亩,2025-03-08,李四
FR01402,P0703,复合肥,化学肥料,31kg/亩,2025-07-17,钱七
FR01403,P0704,磷肥,化学肥料,98kg/亩,2025-08-12,郑十一
FR01404,P0704,氮肥,化学肥料,37kg/亩,2025-03-09,王五
FR01405,P0704,有机肥,有机肥料,44kg/亩,2025-03-18,赵六
FR01406,P0705,生物菌肥,生物肥料,55kg/亩,2025-03-06,周九
FR01407,P0705,钾肥,化学肥料,76kg/亩,2025-05-13,吴十
FR01408,P0705,钾肥,化学肥料,97kg/亩,2025-05-13,李四
FR01409,P0706,腐殖酸肥,有机肥料,74kg/亩,2025-07-10,陈十二
FR01410,P0706,钾肥,化学肥料,93kg/亩,2025-04-20,王五
FR01411,P0707,有机肥,有机肥料,63kg/亩,2025-03-05,郑十一
FR01412,P0708,氮肥,化学肥料,39kg/亩,2025-05-28,赵六
FR01413,P0709,叶面肥,化学肥料,60kg/亩,2025-04-07,陈十二
FR01414,P0710,氮肥,化学肥料,68kg/亩,2025-04-13,赵六
FR01415,P0711,有机肥,有机肥料,32kg/亩,2025-04-26,王五
FR01416,P0711,氮肥,化学肥料,78kg/亩,2025-07-07,吴十
FR01417,P0711,叶面肥,化学肥料,94kg/亩,2025-07-23,张三
FR01418,P0712,腐殖酸肥,有机肥料,32kg/亩,2025-04-28,张三
FR01419,P0713,生物菌肥,生物肥料,86kg/亩,2025-03-23,周九
FR01420,P0714,磷肥,化学肥料,38kg/亩,2025-06-13,吴十
FR01421,P0715,氮肥,化学肥料,78kg/亩,2025-07-20,李四
FR01422,P0716,叶面肥,化学肥料,64kg/亩,2025-07-02,赵六
FR01423,P0716,复合肥,化学肥料,52kg/亩,2025-05-05,李四
FR01424,P0717,氮肥,化学肥料,95kg/亩,2025-06-08,陈十二
FR01425,P0718,氮肥,化学肥料,45kg/亩,2025-06-09,孙八
FR01426,P0718,复合肥,化学肥料,48kg/亩,2025-04-18,吴十
FR01427,P0718,有机肥,有机肥料,72kg/亩,2025-08-28,王五
FR01428,P0719,复合肥,化学肥料,70kg/亩,2025-05-17,王五
FR01429,P0719,有机肥,有机肥料,49kg/亩,2025-03-15,周九
FR01430,P0719,磷肥,化学肥料,79kg/亩,2025-08-27,钱七
FR01431,P0720,有机肥,有机肥料,56kg/亩,2025-08-16,王五
FR01432,P0721,复合肥,化学肥料,46kg/亩,2025-06-24,钱七
FR01433,P0721,钾肥,化学肥料,51kg/亩,2025-07-18,吴十
FR01434,P0721,有机肥,有机肥料,77kg/亩,2025-04-26,孙八
FR01435,P0722,磷肥,化学肥料,99kg/亩,2025-07-03,张三
FR01436,P0723,腐殖酸肥,有机肥料,80kg/亩,2025-06-09,钱七
FR01437,P0723,钾肥,化学肥料,39kg/亩,2025-08-11,李四
FR01438,P0724,腐殖酸肥,有机肥料,59kg/亩,2025-03-19,孙八
FR01439,P0724,氮肥,化学肥料,41kg/亩,2025-05-21,吴十
FR01440,P0725,氮肥,化学肥料,45kg/亩,2025-04-28,王五
FR01441,P0725,氮肥,化学肥料,48kg/亩,2025-04-10,周九
FR01442,P0726,磷肥,化学肥料,43kg/亩,2025-07-21,孙八
FR01443,P0726,氮肥,化学肥料,88kg/亩,2025-03-26,王五
FR01444,P0726,氮肥,化学肥料,56kg/亩,2025-07-06,王五
FR01445,P0727,复合肥,化学肥料,95kg/亩,2025-05-16,张三
FR01446,P0727,腐殖酸肥,有机肥料,81kg/亩,2025-07-11,李四
FR01447,P0727,腐殖酸肥,有机肥料,38kg/亩,2025-04-20,郑十一
FR01448,P0728,叶面肥,化学肥料,83kg/亩,2025-04-27,吴十
FR01449,P0728,叶面肥,化学肥料,96kg/亩,2025-06-13,周九
FR01450,P0729,磷肥,化学肥料,72kg/亩,2025-05-13,周九
FR01451,P0730,复合肥,化学肥料,47kg/亩,2025-08-02,李四
FR01452,P0730,复合肥,化学肥料,96kg/亩,2025-04-16,周九
FR01453,P0730,钾肥,化学肥料,31kg/亩,2025-03-12,李四
FR01454,P0731,钾肥,化学肥料,72kg/亩,2025-05-02,孙八
FR01455,P0732,腐殖酸肥,有机肥料,81kg/亩,2025-06-16,吴十
FR01456,P0733,叶面肥,化学肥料,46kg/亩,2025-08-18,张三
FR01457,P0734,生物菌肥,生物肥料,32kg/亩,2025-05-23,孙八
FR01458,P0735,腐殖酸肥,有机肥料,54kg/亩,2025-07-13,王五
FR01459,P0736,有机肥,有机肥料,80kg/亩,2025-03-20,钱七
FR01460,P0737,腐殖酸肥,有机肥料,53kg/亩,2025-06-17,王五
FR01461,P0737,腐殖酸肥,有机肥料,95kg/亩,2025-05-15,钱七
FR01462,P0738,钾肥,化学肥料,54kg/亩,2025-04-27,李四
FR01463,P0738,复合肥,化学肥料,79kg/亩,2025-04-11,李四
FR01464,P0739,复合肥,化学肥料,92kg/亩,2025-07-23,李四
FR01465,P0739,叶面肥,化学肥料,76kg/亩,2025-03-07,郑十一
FR01466,P0739,氮肥,化学肥料,82kg/亩,2025-06-04,郑十一
FR01467,P0740,叶面肥,化学肥料,59kg/亩,2025-05-26,赵六
FR01468,P0740,磷肥,化学肥料,51kg/亩,2025-07-03,李四
FR01469,P0740,磷肥,化学肥料,35kg/亩,2025-08-27,李四
FR01470,P0741,氮肥,化学肥料,57kg/亩,2025-03-20,钱七
FR01471,P0741,生物菌肥,生物肥料,94kg/亩,2025-05-17,陈十二
FR01472,P0741,复合肥,化学肥料,44kg/亩,2025-06-04,周九
FR01473,P0742,钾肥,化学肥料,84kg/亩,2025-05-07,周九
FR01474,P0743,有机肥,有机肥料,57kg/亩,2025-08-04,孙八
FR01475,P0744,钾肥,化学肥料,37kg/亩,2025-07-26,张三
FR01476,P0744,生物菌肥,生物肥料,95kg/亩,2025-03-25,周九
FR01477,P0745,有机肥,有机肥料,41kg/亩,2025-08-18,陈十二
FR01478,P0746,叶面肥,化学肥料,72kg/亩,2025-06-14,钱七
FR01479,P0746,氮肥,化学肥料,45kg/亩,2025-04-01,周九
FR01480,P0746,磷肥,化学肥料,84kg/亩,2025-06-08,孙八
FR01481,P0747,叶面肥,化学肥料,68kg/亩,2025-03-05,王五
FR01482,P0748,有机肥,有机肥料,33kg/亩,2025-06-17,张三
FR01483,P0748,磷肥,化学肥料,85kg/亩,2025-07-05,钱七
FR01484,P0748,生物菌肥,生物肥料,98kg/亩,2025-05-20,张三
FR01485,P0749,叶面肥,化学肥料,55kg/亩,2025-06-07,李四
FR01486,P0750,有机肥,有机肥料,64kg/亩,2025-08-16,赵六
FR01487,P0751,腐殖酸肥,有机肥料,71kg/亩,2025-07-19,王五
FR01488,P0751,氮肥,化学肥料,95kg/亩,2025-05-18,周九
FR01489,P0751,叶面肥,化学肥料,88kg/亩,2025-03-03,孙八
FR01490,P0752,磷肥,化学肥料,37kg/亩,2025-04-08,陈十二
FR01491,P0752,复合肥,化学肥料,82kg/亩,2025-05-25,张三
FR01492,P0752,钾肥,化学肥料,76kg/亩,2025-06-16,陈十二
FR01493,P0753,氮肥,化学肥料,89kg/亩,2025-07-01,赵六
FR01494,P0753,叶面肥,化学肥料,80kg/亩,2025-07-10,吴十
FR01495,P0754,腐殖酸肥,有机肥料,45kg/亩,2025-05-02,周九
FR01496,P0754,氮肥,化学肥料,71kg/亩,2025-08-23,王五
FR01497,P0754,有机肥,有机肥料,55kg/亩,2025-08-15,孙八
FR01498,P0755,钾肥,化学肥料,50kg/亩,2025-06-09,王五
FR01499,P0756,复合肥,化学肥料,83kg/亩,2025-04-14,钱七
FR01500,P0757,叶面肥,化学肥料,75kg/亩,2025-03-02,孙八
FR01501,P0757,氮肥,化学肥料,34kg/亩,2025-03-27,李四
FR01502,P0758,氮肥,化学肥料,40kg/亩,2025-08-01,周九
FR01503,P0759,复合肥,化学肥料,65kg/亩,2025-06-24,王五
FR01504,P0759,腐殖酸肥,有机肥料,67kg/亩,2025-07-04,李四
FR01505,P0759,复合肥,化学肥料,88kg/亩,2025-04-04,王五
FR01506,P0760,磷肥,化学肥料,67kg/亩,2025-03-25,陈十二
FR01507,P0760,复合肥,化学肥料,50kg/亩,2025-03-07,孙八
FR01508,P0760,氮肥,化学肥料,31kg/亩,2025-08-02,陈十二
FR01509,P0761,氮肥,化学肥料,62kg/亩,2025-06-16,吴十
FR01510,P0762,磷肥,化学肥料,77kg/亩,2025-04-01,钱七
FR01511,P0763,磷肥,化学肥料,75kg/亩,2025-07-23,赵六
FR01512,P0764,有机肥,有机肥料,48kg/亩,2025-05-22,张三
FR01513,P0764,叶面肥,化学肥料,32kg/亩,2025-03-24,郑十一
FR01514,P0765,钾肥,化学肥料,56kg/亩,2025-04-06,周九
FR01515,P0766,钾肥,化学肥料,61kg/亩,2025-03-22,吴十
FR01516,P0766,复合肥,化学肥料,96kg/亩,2025-04-22,李四
FR01517,P0767,复合肥,化学肥料,40kg/亩,2025-08-11,吴十
FR01518,P0767,生物菌肥,生物肥料,38kg/亩,2025-04-07,张三
FR01519,P0768,有机肥,有机肥料,45kg/亩,2025-08-23,郑十一
FR01520,P0769,叶面肥,化学肥料,76kg/亩,2025-05-17,吴十
FR01521,P0769,氮肥,化学肥料,49kg/亩,2025-05-28,王五
FR01522,P0770,钾肥,化学肥料,73kg/亩,2025-08-11,钱七
FR01523,P0770,氮肥,化学肥料,80kg/亩,2025-04-12,周九
FR01524,P0770,有机肥,有机肥料,97kg/亩,2025-03-02,郑十一
FR01525,P0771,腐殖酸肥,有机肥料,72kg/亩,2025-08-13,孙八
FR01526,P0771,腐殖酸肥,有机肥料,46kg/亩,2025-07-26,吴十
FR01527,P0771,磷肥,化学肥料,97kg/亩,2025-07-05,张三
FR01528,P0772,生物菌肥,生物肥料,51kg/亩,2025-06-15,李四
FR01529,P0773,磷肥,化学肥料,74kg/亩,2025-08-12,吴十
FR01530,P0774,腐殖酸肥,有机肥料,68kg/亩,2025-07-26,王五
FR01531,P0774,复合肥,化学肥料,76kg/亩,2025-08-07,张三
FR01532,P0774,叶面肥,化学肥料,53kg/亩,2025-07-19,郑十一
FR01533,P0775,腐殖酸肥,有机肥料,39kg/亩,2025-04-26,郑十一
FR01534,P0775,复合肥,化学肥料,38kg/亩,2025-08-19,孙八
FR01535,P0776,生物菌肥,生物肥料,40kg/亩,2025-06-27,张三
FR01536,P0777,磷肥,化学肥料,79kg/亩,2025-07-19,郑十一
FR01537,P0778,生物菌肥,生物肥料,65kg/亩,2025-04-14,钱七
FR01538,P0779,生物菌肥,生物肥料,66kg/亩,2025-03-14,郑十一
FR01539,P0779,复合肥,化学肥料,41kg/亩,2025-06-03,李四
FR01540,P0779,有机肥,有机肥料,63kg/亩,2025-03-16,孙八
FR01541,P0780,磷肥,化学肥料,42kg/亩,2025-06-03,钱七
FR01542,P0780,叶面肥,化学肥料,58kg/亩,2025-07-24,李四
FR01543,P0780,复合肥,化学肥料,47kg/亩,2025-03-18,王五
FR01544,P0781,腐殖酸肥,有机肥料,39kg/亩,2025-07-20,陈十二
FR01545,P0782,有机肥,有机肥料,89kg/亩,2025-06-20,钱七
FR01546,P0783,氮肥,化学肥料,47kg/亩,2025-07-26,王五
FR01547,P0784,复合肥,化学肥料,52kg/亩,2025-06-18,钱七
FR01548,P0784,有机肥,有机肥料,35kg/亩,2025-07-16,周九
FR01549,P0785,叶面肥,化学肥料,35kg/亩,2025-07-26,周九
FR01550,P0785,叶面肥,化学肥料,64kg/亩,2025-04-25,张三
FR01551,P0786,磷肥,化学肥料,70kg/亩,2025-07-21,周九
FR01552,P0787,氮肥,化学肥料,82kg/亩,2025-07-27,孙八
FR01553,P0788,复合肥,化学肥料,55kg/亩,2025-03-22,吴十
FR01554,P0788,有机肥,有机肥料,76kg/亩,2025-07-05,王五
FR01555,P0789,生物菌肥,生物肥料,50kg/亩,2025-06-02,钱七
FR01556,P0789,生物菌肥,生物肥料,95kg/亩,2025-07-21,陈十二
FR01557,P0789,腐殖酸肥,有机肥料,83kg/亩,2025-08-19,陈十二
FR01558,P0790,腐殖酸肥,有机肥料,34kg/亩,2025-07-12,孙八
FR01559,P0790,生物菌肥,生物肥料,90kg/亩,2025-07-22,王五
FR01560,P0790,钾肥,化学肥料,96kg/亩,2025-05-23,张三
FR01561,P0791,生物菌肥,生物肥料,31kg/亩,2025-05-18,王五
FR01562,P0792,复合肥,化学肥料,58kg/亩,2025-07-12,吴十
FR01563,P0793,复合肥,化学肥料,34kg/亩,2025-05-24,王五
FR01564,P0793,腐殖酸肥,有机肥料,78kg/亩,2025-08-01,吴十
FR01565,P0794,复合肥,化学肥料,38kg/亩,2025-03-06,陈十二
FR01566,P0794,生物菌肥,生物肥料,97kg/亩,2025-05-25,陈十二
FR01567,P0794,叶面肥,化学肥料,96kg/亩,2025-07-18,周九
FR01568,P0795,生物菌肥,生物肥料,97kg/亩,2025-07-08,李四
FR01569,P0796,磷肥,化学肥料,88kg/亩,2025-03-04,郑十一
FR01570,P0797,复合肥,化学肥料,87kg/亩,2025-03-20,陈十二
FR01571,P0798,生物菌肥,生物肥料,59kg/亩,2025-06-01,李四
FR01572,P0799,氮肥,化学肥料,68kg/亩,2025-08-08,吴十
FR01573,P0799,腐殖酸肥,有机肥料,68kg/亩,2025-06-19,赵六
FR01574,P0799,钾肥,化学肥料,68kg/亩,2025-07-17,钱七
FR01575,P0800,叶面肥,化学肥料,57kg/亩,2025-03-12,周九
FR01576,P0800,钾肥,化学肥料,36kg/亩,2025-03-13,吴十
FR01577,P0800,腐殖酸肥,有机肥料,78kg/亩,2025-06-22,郑十一
FR01578,P0801,叶面肥,化学肥料,52kg/亩,2025-04-01,李四
FR01579,P0801,复合肥,化学肥料,49kg/亩,2025-08-20,张三
FR01580,P0801,复合肥,化学肥料,30kg/亩,2025-07-19,赵六
FR01581,P0802,生物菌肥,生物肥料,93kg/亩,2025-03-09,赵六
FR01582,P0802,氮肥,化学肥料,36kg/亩,2025-07-07,孙八
FR01583,P0803,复合肥,化学肥料,69kg/亩,2025-08-09,孙八
FR01584,P0803,有机肥,有机肥料,59kg/亩,2025-04-17,周九
FR01585,P0804,磷肥,化学肥料,32kg/亩,2025-06-10,李四
FR01586,P0804,氮肥,化学肥料,36kg/亩,2025-06-13,郑十一
FR01587,P0804,有机肥,有机肥料,62kg/亩,2025-03-10,张三
FR01588,P0805,钾肥,化学肥料,45kg/亩,2025-07-21,赵六
FR01589,P0806,氮肥,化学肥料,66kg/亩,2025-05-16,周九
FR01590,P0807,钾肥,化学肥料,40kg/亩,2025-06-15,周九
FR01591,P0808,有机肥,有机肥料,45kg/亩,2025-08-27,钱七
FR01592,P0808,氮肥,化学肥料,36kg/亩,2025-05-09,张三
FR01593,P0809,叶面肥,化学肥料,89kg/亩,2025-03-12,周九
FR01594,P0810,钾肥,化学肥料,56kg/亩,2025-03-12,陈十二
FR01595,P0810,腐殖酸肥,有机肥料,70kg/亩,2025-03-12,吴十
FR01596,P0810,叶面肥,化学肥料,81kg/亩,2025-08-20,孙八
FR01597,P0811,有机肥,有机肥料,61kg/亩,2025-06-17,郑十一
FR01598,P0811,生物菌肥,生物肥料,64kg/亩,2025-05-20,王五
FR01599,P0811,复合肥,化学肥料,61kg/亩,2025-07-22,张三
FR01600,P0812,复合肥,化学肥料,37kg/亩,2025-03-27,张三
FR01601,P0812,钾肥,化学肥料,52kg/亩,2025-05-15,王五
FR01602,P0813,氮肥,化学肥料,44kg/亩,2025-08-15,陈十二
FR01603,P0813,氮肥,化学肥料,53kg/亩,2025-03-09,郑十一
FR01604,P0814,腐殖酸肥,有机肥料,92kg/亩,2025-07-16,陈十二
FR01605,P0815,生物菌肥,生物肥料,75kg/亩,2025-04-06,陈十二
FR01606,P0815,叶面肥,化学肥料,46kg/亩,2025-06-13,陈十二
FR01607,P0815,叶面肥,化学肥料,62kg/亩,2025-08-11,赵六
FR01608,P0816,氮肥,化学肥料,59kg/亩,2025-06-25,王五
FR01609,P0816,有机肥,有机肥料,31kg/亩,2025-04-15,周九
FR01610,P0817,叶面肥,化学肥料,67kg/亩,2025-05-11,王五
FR01611,P0818,氮肥,化学肥料,76kg/亩,2025-07-03,孙八
FR01612,P0819,氮肥,化学肥料,52kg/亩,2025-05-05,郑十一
FR01613,P0819,叶面肥,化学肥料,90kg/亩,2025-08-15,陈十二
FR01614,P0819,磷肥,化学肥料,91kg/亩,2025-03-08,李四
FR01615,P0820,钾肥,化学肥料,53kg/亩,2025-04-12,郑十一
FR01616,P0821,生物菌肥,生物肥料,86kg/亩,2025-06-27,赵六
FR01617,P0822,有机肥,有机肥料,68kg/亩,2025-08-10,陈十二
FR01618,P0822,磷肥,化学肥料,89kg/亩,2025-07-12,李四
FR01619,P0822,有机肥,有机肥料,99kg/亩,2025-03-23,郑十一
FR01620,P0823,复合肥,化学肥料,89kg/亩,2025-04-03,郑十一
FR01621,P0823,生物菌肥,生物肥料,57kg/亩,2025-04-08,钱七
FR01622,P0824,氮肥,化学肥料,80kg/亩,2025-04-08,孙八
FR01623,P0824,复合肥,化学肥料,61kg/亩,2025-06-27,王五
FR01624,P0824,叶面肥,化学肥料,34kg/亩,2025-03-11,李四
FR01625,P0825,叶面肥,化学肥料,31kg/亩,2025-03-01,周九
FR01626,P0825,有机肥,有机肥料,96kg/亩,2025-03-12,吴十
FR01627,P0825,氮肥,化学肥料,49kg/亩,2025-04-18,钱七
FR01628,P0826,腐殖酸肥,有机肥料,64kg/亩,2025-03-15,张三
FR01629,P0826,钾肥,化学肥料,36kg/亩,2025-05-28,王五
FR01630,P0827,腐殖酸肥,有机肥料,43kg/亩,2025-08-14,张三
FR01631,P0827,叶面肥,化学肥料,59kg/亩,2025-04-24,吴十
FR01632,P0828,磷肥,化学肥料,55kg/亩,2025-05-18,郑十一
FR01633,P0828,磷肥,化学肥料,47kg/亩,2025-03-15,吴十
FR01634,P0828,复合肥,化学肥料,61kg/亩,2025-08-28,李四
FR01635,P0829,有机肥,有机肥料,46kg/亩,2025-03-05,王五
FR01636,P0830,磷肥,化学肥料,37kg/亩,2025-03-09,王五
FR01637,P0830,氮肥,化学肥料,41kg/亩,2025-04-11,吴十
FR01638,P0830,有机肥,有机肥料,43kg/亩,2025-03-15,王五
FR01639,P0831,磷肥,化学肥料,78kg/亩,2025-05-23,王五
FR01640,P0831,叶面肥,化学肥料,36kg/亩,2025-04-22,李四
FR01641,P0831,氮肥,化学肥料,39kg/亩,2025-08-15,李四
FR01642,P0832,氮肥,化学肥料,54kg/亩,2025-03-01,周九
FR01643,P0832,有机肥,有机肥料,53kg/亩,2025-08-15,王五
FR01644,P0833,腐殖酸肥,有机肥料,75kg/亩,2025-08-12,吴十
FR01645,P0834,腐殖酸肥,有机肥料,81kg/亩,2025-08-08,王五
FR01646,P0835,磷肥,化学肥料,85kg/亩,2025-07-19,张三
FR01647,P0835,复合肥,化学肥料,45kg/亩,2025-03-05,陈十二
FR01648,P0836,腐殖酸肥,有机肥料,84kg/亩,2025-03-25,郑十一
FR01649,P0836,复合肥,化学肥料,56kg/亩,2025-08-20,钱七
FR01650,P0837,磷肥,化学肥料,97kg/亩,2025-05-16,周九
FR01651,P0838,有机肥,有机肥料,100kg/亩,2025-06-13,李四
FR01652,P0838,有机肥,有机肥料,33kg/亩,2025-04-05,李四
FR01653,P0838,复合肥,化学肥料,83kg/亩,2025-04-12,陈十二
FR01654,P0839,叶面肥,化学肥料,73kg/亩,2025-03-21,钱七
FR01655,P0840,腐殖酸肥,有机肥料,67kg/亩,2025-08-28,王五
FR01656,P0841,氮肥,化学肥料,33kg/亩,2025-06-16,钱七
FR01657,P0841,有机肥,有机肥料,37kg/亩,2025-08-09,郑十一
FR01658,P0842,氮肥,化学肥料,94kg/亩,2025-08-14,周九
FR01659,P0842,生物菌肥,生物肥料,60kg/亩,2025-07-25,郑十一
FR01660,P0842,叶面肥,化学肥料,59kg/亩,2025-06-06,孙八
FR01661,P0843,叶面肥,化学肥料,75kg/亩,2025-06-11,赵六
FR01662,P0843,叶面肥,化学肥料,31kg/亩,2025-08-01,周九
FR01663,P0843,钾肥,化学肥料,78kg/亩,2025-03-15,孙八
FR01664,P0844,有机肥,有机肥料,94kg/亩,2025-04-28,王五
FR01665,P0845,腐殖酸肥,有机肥料,48kg/亩,2025-05-05,陈十二
FR01666,P0846,生物菌肥,生物肥料,78kg/亩,2025-08-06,王五
FR01667,P0847,有机肥,有机肥料,96kg/亩,2025-07-08,陈十二
FR01668,P0847,复合肥,化学肥料,78kg/亩,2025-05-02,陈十二
FR01669,P0848,有机肥,有机肥料,59kg/亩,2025-04-08,张三
FR01670,P0848,复合肥,化学肥料,35kg/亩,2025-08-02,张三
FR01671,P0848,腐殖酸肥,有机肥料,84kg/亩,2025-05-13,陈十二
FR01672,P0849,钾肥,化学肥料,30kg/亩,2025-04-02,赵六
FR01673,P0849,复合肥,化学肥料,37kg/亩,2025-04-10,王五
FR01674,P0849,钾肥,化学肥料,95kg/亩,2025-03-16,李四
FR01675,P0850,生物菌肥,生物肥料,51kg/亩,2025-07-08,张三
FR01676,P0850,钾肥,化学肥料,43kg/亩,2025-04-03,李四
FR01677,P0850,氮肥,化学肥料,54kg/亩,2025-06-15,孙八
FR01678,P0851,磷肥,化学肥料,31kg/亩,2025-04-25,陈十二
FR01679,P0852,钾肥,化学肥料,91kg/亩,2025-03-24,吴十
FR01680,P0852,钾肥,化学肥料,91kg/亩,2025-08-27,孙八
FR01681,P0853,氮肥,化学肥料,56kg/亩,2025-05-10,周九
FR01682,P0854,复合肥,化学肥料,74kg/亩,2025-03-10,郑十一
FR01683,P0855,磷肥,化学肥料,48kg/亩,2025-08-05,陈十二
FR01684,P0855,复合肥,化学肥料,43kg/亩,2025-03-21,孙八
FR01685,P0856,复合肥,化学肥料,95kg/亩,2025-06-21,赵六
FR01686,P0857,生物菌肥,生物肥料,73kg/亩,2025-03-07,钱七
FR01687,P0857,磷肥,化学肥料,70kg/亩,2025-06-03,王五
FR01688,P0857,复合肥,化学肥料,35kg/亩,2025-05-05,吴十
FR01689,P0858,磷肥,化学肥料,85kg/亩,2025-03-17,李四
FR01690,P0859,钾肥,化学肥料,33kg/亩,2025-08-27,孙八
FR01691,P0859,有机肥,有机肥料,55kg/亩,2025-07-13,周九
FR01692,P0859,叶面肥,化学肥料,90kg/亩,2025-07-15,周九
FR01693,P0860,钾肥,化学肥料,58kg/亩,2025-06-25,孙八
FR01694,P0861,氮肥,化学肥料,79kg/亩,2025-04-26,李四
FR01695,P0862,氮肥,化学肥料,67kg/亩,2025-03-25,陈十二
FR01696,P0862,有机肥,有机肥料,63kg/亩,2025-08-23,张三
FR01697,P0862,叶面肥,化学肥料,95kg/亩,2025-04-11,王五
FR01698,P0863,有机肥,有机肥料,69kg/亩,2025-05-14,陈十二
FR01699,P0863,磷肥,化学肥料,89kg/亩,2025-04-17,李四
FR01700,P0863,叶面肥,化学肥料,54kg/亩,2025-03-03,赵六
FR01701,P0864,叶面肥,化学肥料,92kg/亩,2025-08-10,王五
FR01702,P0864,叶面肥,化学肥料,91kg/亩,2025-05-25,赵六
FR01703,P0864,有机肥,有机肥料,50kg/亩,2025-06-14,张三
FR01704,P0865,氮肥,化学肥料,88kg/亩,2025-06-18,张三
FR01705,P0865,有机肥,有机肥料,100kg/亩,2025-03-19,吴十
FR01706,P0866,复合肥,化学肥料,83kg/亩,2025-05-08,周九
FR01707,P0867,有机肥,有机肥料,51kg/亩,2025-04-01,王五
FR01708,P0867,复合肥,化学肥料,76kg/亩,2025-08-16,郑十一
FR01709,P0868,腐殖酸肥,有机肥料,31kg/亩,2025-08-07,吴十
FR01710,P0868,复合肥,化学肥料,39kg/亩,2025-04-03,李四
FR01711,P0868,叶面肥,化学肥料,74kg/亩,2025-03-01,陈十二
FR01712,P0869,生物菌肥,生物肥料,59kg/亩,2025-05-22,孙八
FR01713,P0869,生物菌肥,生物肥料,81kg/亩,2025-03-24,赵六
FR01714,P0869,叶面肥,化学肥料,37kg/亩,2025-05-11,王五
FR01715,P0870,钾肥,化学肥料,34kg/亩,2025-04-28,李四
FR01716,P0870,叶面肥,化学肥料,37kg/亩,2025-08-10,郑十一
FR01717,P0871,叶面肥,化学肥料,97kg/亩,2025-07-25,李四
FR01718,P0871,叶面肥,化学肥料,60kg/亩,2025-04-24,钱七
FR01719,P0871,氮肥,化学肥料,64kg/亩,2025-03-04,郑十一
FR01720,P0872,复合肥,化学肥料,69kg/亩,2025-07-11,郑十一
FR01721,P0873,磷肥,化学肥料,45kg/亩,2025-03-06,张三
FR01722,P0873,有机肥,有机肥料,83kg/亩,2025-06-05,李四
FR01723,P0874,生物菌肥,生物肥料,81kg/亩,2025-03-04,李四
FR01724,P0874,生物菌肥,生物肥料,49kg/亩,2025-03-17,郑十一
FR01725,P0875,磷肥,化学肥料,86kg/亩,2025-08-03,李四
FR01726,P0875,复合肥,化学肥料,98kg/亩,2025-03-11,李四
FR01727,P0875,有机肥,有机肥料,57kg/亩,2025-07-28,吴十
FR01728,P0876,生物菌肥,生物肥料,69kg/亩,2025-03-24,陈十二
FR01729,P0877,复合肥,化学肥料,84kg/亩,2025-03-10,郑十一
FR01730,P0877,氮肥,化学肥料,79kg/亩,2025-08-26,孙八
FR01731,P0877,磷肥,化学肥料,76kg/亩,2025-04-16,孙八
FR01732,P0878,生物菌肥,生物肥料,88kg/亩,2025-06-27,李四
FR01733,P0878,有机肥,有机肥料,91kg/亩,2025-03-28,钱七
FR01734,P0879,生物菌肥,生物肥料,100kg/亩,2025-06-14,孙八
FR01735,P0880,有机肥,有机肥料,97kg/亩,2025-07-21,李四
FR01736,P0880,磷肥,化学肥料,87kg/亩,2025-07-14,王五
FR01737,P0881,腐殖酸肥,有机肥料,30kg/亩,2025-05-14,李四
FR01738,P0882,有机肥,有机肥料,97kg/亩,2025-08-13,张三
FR01739,P0882,生物菌肥,生物肥料,68kg/亩,2025-06-15,钱七
FR01740,P0883,腐殖酸肥,有机肥料,65kg/亩,2025-07-04,周九
FR01741,P0883,磷肥,化学肥料,33kg/亩,2025-08-14,郑十一
FR01742,P0883,钾肥,化学肥料,95kg/亩,2025-04-27,钱七
FR01743,P0884,腐殖酸肥,有机肥料,40kg/亩,2025-05-15,郑十一
FR01744,P0884,生物菌肥,生物肥料,79kg/亩,2025-05-06,孙八
FR01745,P0885,复合肥,化学肥料,55kg/亩,2025-08-16,吴十
FR01746,P0886,钾肥,化学肥料,60kg/亩,2025-08-07,吴十
FR01747,P0886,磷肥,化学肥料,56kg/亩,2025-05-21,赵六
FR01748,P0887,钾肥,化学肥料,73kg/亩,2025-03-21,周九
FR01749,P0888,氮肥,化学肥料,70kg/亩,2025-05-17,李四
FR01750,P0889,复合肥,化学肥料,42kg/亩,2025-06-28,孙八
FR01751,P0889,生物菌肥,生物肥料,58kg/亩,2025-03-27,郑十一
FR01752,P0889,叶面肥,化学肥料,73kg/亩,2025-06-08,赵六
FR01753,P0890,钾肥,化学肥料,66kg/亩,2025-07-27,孙八
FR01754,P0890,磷肥,化学肥料,100kg/亩,2025-05-15,赵六
FR01755,P0891,有机肥,有机肥料,73kg/亩,2025-03-10,吴十
FR01756,P0891,有机肥,有机肥料,45kg/亩,2025-03-12,张三
FR01757,P0892,生物菌肥,生物肥料,68kg/亩,2025-03-04,张三
FR01758,P0893,腐殖酸肥,有机肥料,54kg/亩,2025-04-22,郑十一
FR01759,P0893,叶面肥,化学肥料,43kg/亩,2025-03-01,陈十二
FR01760,P0893,生物菌肥,生物肥料,84kg/亩,2025-08-15,李四
FR01761,P0894,复合肥,化学肥料,57kg/亩,2025-03-18,孙八
FR01762,P0894,氮肥,化学肥料,69kg/亩,2025-06-08,郑十一
FR01763,P0895,磷肥,化学肥料,54kg/亩,2025-07-20,赵六
FR01764,P0896,叶面肥,化学肥料,58kg/亩,2025-05-22,李四
FR01765,P0897,有机肥,有机肥料,34kg/亩,2025-04-26,孙八
FR01766,P0897,氮肥,化学肥料,43kg/亩,2025-04-05,吴十
FR01767,P0897,叶面肥,化学肥料,76kg/亩,2025-03-24,孙八
FR01768,P0898,复合肥,化学肥料,99kg/亩,2025-06-24,郑十一
FR01769,P0898,有机肥,有机肥料,90kg/亩,2025-08-16,陈十二
FR01770,P0898,叶面肥,化学肥料,37kg/亩,2025-04-07,郑十一
FR01771,P0899,氮肥,化学肥料,42kg/亩,2025-07-26,周九
FR01772,P0900,腐殖酸肥,有机肥料,67kg/亩,2025-07-04,赵六
FR01773,P0901,腐殖酸肥,有机肥料,78kg/亩,2025-08-26,郑十一
FR01774,P0902,钾肥,化学肥料,38kg/亩,2025-08-24,王五
FR01775,P0902,有机肥,有机肥料,37kg/亩,2025-04-14,周九
FR01776,P0902,磷肥,化学肥料,59kg/亩,2025-05-08,陈十二
FR01777,P0903,磷肥,化学肥料,81kg/亩,2025-05-08,李四
FR01778,P0904,磷肥,化学肥料,98kg/亩,2025-03-03,李四
FR01779,P0904,腐殖酸肥,有机肥料,41kg/亩,2025-05-27,吴十
FR01780,P0905,复合肥,化学肥料,44kg/亩,2025-08-14,吴十
FR01781,P0905,腐殖酸肥,有机肥料,99kg/亩,2025-03-16,陈十二
FR01782,P0906,腐殖酸肥,有机肥料,88kg/亩,2025-05-25,郑十一
FR01783,P0907,钾肥,化学肥料,46kg/亩,2025-07-14,郑十一
FR01784,P0907,氮肥,化学肥料,67kg/亩,2025-04-04,陈十二
FR01785,P0907,腐殖酸肥,有机肥料,82kg/亩,2025-04-19,陈十二
FR01786,P0908,有机肥,有机肥料,86kg/亩,2025-04-22,王五
FR01787,P0908,腐殖酸肥,有机肥料,34kg/亩,2025-06-15,李四
FR01788,P0909,腐殖酸肥,有机肥料,73kg/亩,2025-05-22,周九
FR01789,P0910,复合肥,化学肥料,68kg/亩,2025-08-26,李四
FR01790,P0910,叶面肥,化学肥料,51kg/亩,2025-06-04,郑十一
FR01791,P0911,有机肥,有机肥料,76kg/亩,2025-03-13,郑十一
FR01792,P0911,生物菌肥,生物肥料,61kg/亩,2025-04-11,郑十一
FR01793,P0911,磷肥,化学肥料,68kg/亩,2025-05-08,王五
FR01794,P0912,复合肥,化学肥料,64kg/亩,2025-07-08,周九
FR01795,P0913,生物菌肥,生物肥料,83kg/亩,2025-08-04,钱七
FR01796,P0913,腐殖酸肥,有机肥料,41kg/亩,2025-05-05,郑十一
FR01797,P0913,有机肥,有机肥料,83kg/亩,2025-06-05,张三
FR01798,P0914,腐殖酸肥,有机肥料,54kg/亩,2025-06-27,李四
FR01799,P0914,有机肥,有机肥料,69kg/亩,2025-07-16,陈十二
FR01800,P0914,复合肥,化学肥料,85kg/亩,2025-06-28,孙八
FR01801,P0915,钾肥,化学肥料,50kg/亩,2025-06-23,钱七
FR01802,P0916,磷肥,化学肥料,96kg/亩,2025-04-04,吴十
FR01803,P0917,复合肥,化学肥料,75kg/亩,2025-06-01,赵六
FR01804,P0918,复合肥,化学肥料,37kg/亩,2025-08-26,王五
FR01805,P0918,钾肥,化学肥料,56kg/亩,2025-07-19,赵六
FR01806,P0919,氮肥,化学肥料,52kg/亩,2025-05-20,郑十一
FR01807,P0919,氮肥,化学肥料,51kg/亩,2025-08-12,吴十
FR01808,P0919,磷肥,化学肥料,83kg/亩,2025-06-12,郑十一
FR01809,P0920,腐殖酸肥,有机肥料,70kg/亩,2025-05-11,周九
FR01810,P0921,腐殖酸肥,有机肥料,58kg/亩,2025-06-16,王五
FR01811,P0922,生物菌肥,生物肥料,41kg/亩,2025-08-24,钱七
FR01812,P0922,叶面肥,化学肥料,55kg/亩,2025-07-21,郑十一
FR01813,P0922,复合肥,化学肥料,83kg/亩,2025-05-14,张三
FR01814,P0923,磷肥,化学肥料,99kg/亩,2025-06-02,王五
FR01815,P0923,腐殖酸肥,有机肥料,77kg/亩,2025-07-20,赵六
FR01816,P0924,叶面肥,化学肥料,83kg/亩,2025-04-14,孙八
FR01817,P0924,腐殖酸肥,有机肥料,31kg/亩,2025-07-08,张三
FR01818,P0924,磷肥,化学肥料,73kg/亩,2025-03-24,王五
FR01819,P0925,复合肥,化学肥料,39kg/亩,2025-05-20,赵六
FR01820,P0925,有机肥,有机肥料,97kg/亩,2025-03-18,王五
FR01821,P0925,复合肥,化学肥料,51kg/亩,2025-08-07,吴十
FR01822,P0926,钾肥,化学肥料,59kg/亩,2025-08-08,李四
FR01823,P0926,有机肥,有机肥料,81kg/亩,2025-05-28,李四
FR01824,P0926,叶面肥,化学肥料,30kg/亩,2025-08-16,赵六
FR01825,P0927,生物菌肥,生物肥料,48kg/亩,2025-06-11,陈十二
FR01826,P0927,腐殖酸肥,有机肥料,48kg/亩,2025-08-21,陈十二
FR01827,P0927,复合肥,化学肥料,70kg/亩,2025-08-28,李四
FR01828,P0928,氮肥,化学肥料,31kg/亩,2025-07-10,陈十二
FR01829,P0928,有机肥,有机肥料,51kg/亩,2025-07-08,陈十二
FR01830,P0929,生物菌肥,生物肥料,99kg/亩,2025-07-14,王五
FR01831,P0929,生物菌肥,生物肥料,78kg/亩,2025-05-04,赵六
FR01832,P0930,氮肥,化学肥料,36kg/亩,2025-06-09,赵六
FR01833,P0930,磷肥,化学肥料,71kg/亩,2025-06-02,陈十二
FR01834,P0930,磷肥,化学肥料,81kg/亩,2025-05-07,周九
FR01835,P0931,有机肥,有机肥料,65kg/亩,2025-04-14,王五
FR01836,P0932,氮肥,化学肥料,76kg/亩,2025-07-21,孙八
FR01837,P0932,有机肥,有机肥料,91kg/亩,2025-07-21,王五
FR01838,P0932,腐殖酸肥,有机肥料,56kg/亩,2025-08-18,孙八
FR01839,P0933,生物菌肥,生物肥料,71kg/亩,2025-06-24,周九
FR01840,P0933,叶面肥,化学肥料,49kg/亩,2025-07-03,李四
FR01841,P0934,腐殖酸肥,有机肥料,49kg/亩,2025-07-17,钱七
FR01842,P0935,钾肥,化学肥料,40kg/亩,2025-04-19,吴十
FR01843,P0935,腐殖酸肥,有机肥料,78kg/亩,2025-03-26,周九
FR01844,P0936,生物菌肥,生物肥料,70kg/亩,2025-03-23,王五
FR01845,P0936,生物菌肥,生物肥料,69kg/亩,2025-06-02,张三
FR01846,P0937,腐殖酸肥,有机肥料,89kg/亩,2025-03-28,郑十一
FR01847,P0937,磷肥,化学肥料,37kg/亩,2025-07-24,周九
FR01848,P0938,氮肥,化学肥料,73kg/亩,2025-06-02,王五
FR01849,P0939,钾肥,化学肥料,82kg/亩,2025-04-09,王五
FR01850,P0939,磷肥,化学肥料,73kg/亩,2025-04-28,钱七
FR01851,P0939,腐殖酸肥,有机肥料,68kg/亩,2025-07-17,赵六
FR01852,P0940,腐殖酸肥,有机肥料,67kg/亩,2025-04-10,李四
FR01853,P0940,氮肥,化学肥料,36kg/亩,2025-05-09,郑十一
FR01854,P0940,复合肥,化学肥料,87kg/亩,2025-04-06,周九
FR01855,P0941,钾肥,化学肥料,96kg/亩,2025-03-21,王五
FR01856,P0941,有机肥,有机肥料,32kg/亩,2025-03-07,张三
FR01857,P0942,钾肥,化学肥料,65kg/亩,2025-03-26,李四
FR01858,P0942,有机肥,有机肥料,35kg/亩,2025-05-09,吴十
FR01859,P0943,有机肥,有机肥料,77kg/亩,2025-04-10,陈十二
FR01860,P0944,复合肥,化学肥料,82kg/亩,2025-05-12,张三
FR01861,P0944,钾肥,化学肥料,41kg/亩,2025-05-17,赵六
FR01862,P0945,复合肥,化学肥料,40kg/亩,2025-05-12,王五
FR01863,P0945,钾肥,化学肥料,38kg/亩,2025-04-08,吴十
FR01864,P0946,氮肥,化学肥料,74kg/亩,2025-04-01,孙八
FR01865,P0946,磷肥,化学肥料,67kg/亩,2025-04-27,陈十二
FR01866,P0946,复合肥,化学肥料,44kg/亩,2025-08-06,孙八
FR01867,P0947,生物菌肥,生物肥料,78kg/亩,2025-06-16,吴十
FR01868,P0947,氮肥,化学肥料,49kg/亩,2025-05-08,王五
FR01869,P0948,有机肥,有机肥料,77kg/亩,2025-05-11,吴十
FR01870,P0948,叶面肥,化学肥料,77kg/亩,2025-03-21,吴十
FR01871,P0948,磷肥,化学肥料,75kg/亩,2025-03-22,陈十二
FR01872,P0949,氮肥,化学肥料,100kg/亩,2025-04-07,孙八
FR01873,P0949,钾肥,化学肥料,65kg/亩,2025-08-02,陈十二
FR01874,P0950,磷肥,化学肥料,89kg/亩,2025-04-25,李四
FR01875,P0950,氮肥,化学肥料,87kg/亩,2025-06-22,李四
FR01876,P0950,叶面肥,化学肥料,67kg/亩,2025-06-22,赵六
FR01877,P0951,磷肥,化学肥料,62kg/亩,2025-06-09,孙八
FR01878,P0951,生物菌肥,生物肥料,93kg/亩,2025-07-19,李四
FR01879,P0952,氮肥,化学肥料,93kg/亩,2025-04-01,张三
FR01880,P0953,复合肥,化学肥料,63kg/亩,2025-07-16,张三
FR01881,P0954,复合肥,化学肥料,83kg/亩,2025-04-15,李四
FR01882,P0955,复合肥,化学肥料,31kg/亩,2025-05-20,李四
FR01883,P0956,腐殖酸肥,有机肥料,75kg/亩,2025-07-19,吴十
FR01884,P0956,腐殖酸肥,有机肥料,88kg/亩,2025-05-24,张三
FR01885,P0957,钾肥,化学肥料,92kg/亩,2025-05-27,李四
FR01886,P0957,腐殖酸肥,有机肥料,94kg/亩,2025-05-15,孙八
FR01887,P0957,叶面肥,化学肥料,44kg/亩,2025-03-13,郑十一
FR01888,P0958,生物菌肥,生物肥料,48kg/亩,2025-03-07,郑十一
FR01889,P0958,氮肥,化学肥料,91kg/亩,2025-06-17,郑十一
FR01890,P0959,氮肥,化学肥料,78kg/亩,2025-06-24,李四
FR01891,P0959,氮肥,化学肥料,61kg/亩,2025-08-10,周九
FR01892,P0959,复合肥,化学肥料,50kg/亩,2025-06-19,陈十二
FR01893,P0960,有机肥,有机肥料,82kg/亩,2025-07-24,吴十
FR01894,P0960,钾肥,化学肥料,91kg/亩,2025-04-23,李四
FR01895,P0960,有机肥,有机肥料,52kg/亩,2025-06-13,钱七
FR01896,P0961,磷肥,化学肥料,71kg/亩,2025-05-22,陈十二
FR01897,P0962,叶面肥,化学肥料,61kg/亩,2025-04-25,李四
FR01898,P0962,腐殖酸肥,有机肥料,46kg/亩,2025-03-05,周九
FR01899,P0963,叶面肥,化学肥料,57kg/亩,2025-06-22,钱七
FR01900,P0963,叶面肥,化学肥料,34kg/亩,2025-08-24,钱七
FR01901,P0963,生物菌肥,生物肥料,77kg/亩,2025-08-06,赵六
FR01902,P0964,腐殖酸肥,有机肥料,41kg/亩,2025-03-15,钱七
FR01903,P0964,复合肥,化学肥料,65kg/亩,2025-06-10,赵六
FR01904,P0964,氮肥,化学肥料,40kg/亩,2025-05-15,郑十一
FR01905,P0965,复合肥,化学肥料,86kg/亩,2025-05-28,李四
FR01906,P0965,有机肥,有机肥料,49kg/亩,2025-05-08,赵六
FR01907,P0965,复合肥,化学肥料,79kg/亩,2025-04-02,钱七
FR01908,P0966,氮肥,化学肥料,68kg/亩,2025-04-19,张三
FR01909,P0967,复合肥,化学肥料,99kg/亩,2025-06-07,赵六
FR01910,P0968,叶面肥,化学肥料,81kg/亩,2025-08-01,吴十
FR01911,P0968,叶面肥,化学肥料,81kg/亩,2025-06-03,吴十
FR01912,P0969,氮肥,化学肥料,52kg/亩,2025-04-28,王五
FR01913,P0969,磷肥,化学肥料,32kg/亩,2025-05-03,王五
FR01914,P0970,叶面肥,化学肥料,47kg/亩,2025-03-19,周九
FR01915,P0970,磷肥,化学肥料,71kg/亩,2025-05-28,郑十一
FR01916,P0970,叶面肥,化学肥料,80kg/亩,2025-05-26,赵六
FR01917,P0971,钾肥,化学肥料,35kg/亩,2025-08-24,陈十二
FR01918,P0971,氮肥,化学肥料,40kg/亩,2025-08-17,李四
FR01919,P0971,叶面肥,化学肥料,55kg/亩,2025-07-14,李四
FR01920,P0972,磷肥,化学肥料,36kg/亩,2025-04-03,吴十
FR01921,P0972,钾肥,化学肥料,58kg/亩,2025-05-17,赵六
FR01922,P0973,叶面肥,化学肥料,93kg/亩,2025-07-06,郑十一
FR01923,P0974,有机肥,有机肥料,63kg/亩,2025-04-02,吴十
FR01924,P0974,有机肥,有机肥料,91kg/亩,2025-04-18,吴十
FR01925,P0974,氮肥,化学肥料,93kg/亩,2025-08-08,钱七
FR01926,P0975,复合肥,化学肥料,91kg/亩,2025-04-25,赵六
FR01927,P0975,生物菌肥,生物肥料,83kg/亩,2025-05-20,赵六
FR01928,P0976,复合肥,化学肥料,65kg/亩,2025-06-11,郑十一
FR01929,P0976,有机肥,有机肥料,30kg/亩,2025-03-27,张三
FR01930,P0976,腐殖酸肥,有机肥料,80kg/亩,2025-06-14,吴十
FR01931,P0977,氮肥,化学肥料,69kg/亩,2025-04-15,王五
FR01932,P0978,钾肥,化学肥料,86kg/亩,2025-05-18,李四
FR01933,P0978,磷肥,化学肥料,98kg/亩,2025-05-15,郑十一
FR01934,P0979,复合肥,化学肥料,35kg/亩,2025-08-24,张三
FR01935,P0979,复合肥,化学肥料,41kg/亩,2025-04-10,王五
FR01936,P0980,有机肥,有机肥料,92kg/亩,2025-04-09,郑十一
FR01937,P0980,有机肥,有机肥料,74kg/亩,2025-03-23,郑十一
FR01938,P0980,叶面肥,化学肥料,78kg/亩,2025-04-28,吴十
FR01939,P0981,有机肥,有机肥料,46kg/亩,2025-04-02,张三
FR01940,P0982,氮肥,化学肥料,68kg/亩,2025-04-10,李四
FR01941,P0983,钾肥,化学肥料,63kg/亩,2025-03-06,李四
FR01942,P0983,磷肥,化学肥料,83kg/亩,2025-04-20,周九
FR01943,P0983,有机肥,有机肥料,47kg/亩,2025-05-24,孙八
FR01944,P0984,氮肥,化学肥料,90kg/亩,2025-05-01,陈十二
FR01945,P0984,有机肥,有机肥料,64kg/亩,2025-03-15,王五
FR01946,P0984,生物菌肥,生物肥料,60kg/亩,2025-07-18,李四
FR01947,P0985,生物菌肥,生物肥料,85kg/亩,2025-05-22,孙八
FR01948,P0985,叶面肥,化学肥料,81kg/亩,2025-07-28,郑十一
FR01949,P0986,复合肥,化学肥料,91kg/亩,2025-04-10,孙八
FR01950,P0987,氮肥,化学肥料,59kg/亩,2025-07-04,孙八
FR01951,P0987,生物菌肥,生物肥料,95kg/亩,2025-05-14,陈十二
FR01952,P0988,生物菌肥,生物肥料,59kg/亩,2025-06-28,吴十
FR01953,P0988,钾肥,化学肥料,69kg/亩,2025-06-14,陈十二
FR01954,P0989,磷肥,化学肥料,62kg/亩,2025-06-18,郑十一
FR01955,P0990,钾肥,化学肥料,69kg/亩,2025-07-05,陈十二
FR01956,P0990,钾肥,化学肥料,62kg/亩,2025-03-25,钱七
FR01957,P0990,叶面肥,化学肥料,75kg/亩,2025-08-28,李四
FR01958,P0991,磷肥,化学肥料,89kg/亩,2025-05-06,陈十二
FR01959,P0991,腐殖酸肥,有机肥料,81kg/亩,2025-04-20,王五
FR01960,P0991,生物菌肥,生物肥料,53kg/亩,2025-06-21,张三
FR01961,P0992,腐殖酸肥,有机肥料,65kg/亩,2025-08-28,王五
FR01962,P0993,磷肥,化学肥料,39kg/亩,2025-05-01,陈十二
FR01963,P0993,叶面肥,化学肥料,84kg/亩,2025-03-07,周九
FR01964,P0994,复合肥,化学肥料,85kg/亩,2025-06-16,钱七
FR01965,P0995,有机肥,有机肥料,99kg/亩,2025-06-22,郑十一
FR01966,P0996,生物菌肥,生物肥料,96kg/亩,2025-08-15,郑十一
FR01967,P0996,复合肥,化学肥料,31kg/亩,2025-07-19,陈十二
FR01968,P0997,有机肥,有机肥料,49kg/亩,2025-05-23,孙八
FR01969,P0997,氮肥,化学肥料,53kg/亩,2025-06-16,吴十
FR01970,P0997,磷肥,化学肥料,59kg/亩,2025-08-26,王五
FR01971,P0998,氮肥,化学肥料,84kg/亩,2025-05-25,王五
FR01972,P0998,复合肥,化学肥料,72kg/亩,2025-03-07,吴十
FR01973,P0998,叶面肥,化学肥料,92kg/亩,2025-06-21,王五
FR01974,P0999,有机肥,有机肥料,32kg/亩,2025-05-06,王五
FR01975,P1000,钾肥,化学肥料,50kg/亩,2025-07-27,钱七
FR01976,P1000,生物菌肥,生物肥料,54kg/亩,2025-06-09,孙八
FR01977,P1000,氮肥,化学肥料,48kg/亩,2025-03-22,王五
FR01978,P1001,氮肥,化学肥料,60kg/亩,2025-03-05,钱七
FR01979,P1002,磷肥,化学肥料,53kg/亩,2025-05-24,孙八
FR01980,P1002,有机肥,有机肥料,89kg/亩,2025-06-09,钱七
FR01981,P1003,磷肥,化学肥料,82kg/亩,2025-03-27,王五
FR01982,P1003,生物菌肥,生物肥料,96kg/亩,2025-03-04,孙八
FR01983,P1004,腐殖酸肥,有机肥料,83kg/亩,2025-07-10,周九
FR01984,P1004,钾肥,化学肥料,57kg/亩,2025-07-12,赵六
FR01985,P1004,叶面肥,化学肥料,81kg/亩,2025-08-16,李四
FR01986,P1005,有机肥,有机肥料,71kg/亩,2025-08-23,吴十
FR01987,P1006,钾肥,化学肥料,99kg/亩,2025-06-28,张三
FR01988,P1007,叶面肥,化学肥料,74kg/亩,2025-06-21,吴十
FR01989,P1007,叶面肥,化学肥料,77kg/亩,2025-03-06,孙八
FR01990,P1008,复合肥,化学肥料,32kg/亩,2025-05-12,张三
FR01991,P1009,磷肥,化学肥料,39kg/亩,2025-04-27,周九
FR01992,P1009,有机肥,有机肥料,78kg/亩,2025-04-02,郑十一
FR01993,P1010,腐殖酸肥,有机肥料,88kg/亩,2025-08-01,李四
FR01994,P1011,复合肥,化学肥料,71kg/亩,2025-04-14,郑十一
FR01995,P1011,氮肥,化学肥料,86kg/亩,2025-05-13,张三
FR01996,P1012,叶面肥,化学肥料,31kg/亩,2025-08-18,赵六
FR01997,P1012,叶面肥,化学肥料,67kg/亩,2025-03-18,郑十一
FR01998,P1012,腐殖酸肥,有机肥料,69kg/亩,2025-08-02,张三
FR01999,P1013,生物菌肥,生物肥料,31kg/亩,2025-07-14,周九
FR02000,P1014,复合肥,化学肥料,69kg/亩,2025-04-26,周九
FR02001,P1014,钾肥,化学肥料,99kg/亩,2025-06-05,郑十一
FR02002,P1014,氮肥,化学肥料,37kg/亩,2025-06-18,陈十二
FR02003,P1015,钾肥,化学肥料,92kg/亩,2025-08-13,吴十
FR02004,P1015,氮肥,化学肥料,80kg/亩,2025-04-03,赵六
FR02005,P1016,钾肥,化学肥料,64kg/亩,2025-03-17,王五
FR02006,P1017,腐殖酸肥,有机肥料,85kg/亩,2025-08-21,吴十
FR02007,P1017,有机肥,有机肥料,42kg/亩,2025-07-10,钱七
FR02008,P1017,生物菌肥,生物肥料,71kg/亩,2025-03-28,王五
FR02009,P1018,有机肥,有机肥料,84kg/亩,2025-08-13,张三
FR02010,P1019,生物菌肥,生物肥料,51kg/亩,2025-06-25,陈十二
FR02011,P1020,氮肥,化学肥料,94kg/亩,2025-06-15,孙八
FR02012,P1020,腐殖酸肥,有机肥料,34kg/亩,2025-06-28,李四
FR02013,P1021,叶面肥,化学肥料,50kg/亩,2025-07-26,孙八
FR02014,P1021,磷肥,化学肥料,82kg/亩,2025-04-17,吴十
FR02015,P1022,钾肥,化学肥料,61kg/亩,2025-05-23,李四
FR02016,P1022,磷肥,化学肥料,83kg/亩,2025-06-16,赵六
FR02017,P1023,磷肥,化学肥料,71kg/亩,2025-08-03,吴十
FR02018,P1023,生物菌肥,生物肥料,48kg/亩,2025-07-09,赵六
FR02019,P1023,叶面肥,化学肥料,62kg/亩,2025-05-01,赵六
FR02020,P1024,复合肥,化学肥料,84kg/亩,2025-05-25,郑十一
FR02021,P1024,生物菌肥,生物肥料,36kg/亩,2025-06-11,郑十一
FR02022,P1025,有机肥,有机肥料,60kg/亩,2025-04-17,吴十
FR02023,P1025,磷肥,化学肥料,56kg/亩,2025-06-09,钱七
FR02024,P1026,磷肥,化学肥料,83kg/亩,2025-08-20,郑十一
FR02025,P1027,生物菌肥,生物肥料,44kg/亩,2025-06-02,郑十一
FR02026,P1028,磷肥,化学肥料,66kg/亩,2025-08-15,赵六
FR02027,P1028,复合肥,化学肥料,92kg/亩,2025-05-14,周九
FR02028,P1028,叶面肥,化学肥料,66kg/亩,2025-04-20,孙八
FR02029,P1029,复合肥,化学肥料,63kg/亩,2025-04-13,王五
FR02030,P1029,腐殖酸肥,有机肥料,68kg/亩,2025-05-16,陈十二
FR02031,P1030,有机肥,有机肥料,83kg/亩,2025-07-20,郑十一
FR02032,P1030,钾肥,化学肥料,60kg/亩,2025-06-22,赵六
FR02033,P1030,复合肥,化学肥料,39kg/亩,2025-06-11,王五
FR02034,P1031,有机肥,有机肥料,57kg/亩,2025-07-20,郑十一
FR02035,P1032,复合肥,化学肥料,35kg/亩,2025-08-26,李四
FR02036,P1032,生物菌肥,生物肥料,92kg/亩,2025-06-25,赵六
FR02037,P1033,钾肥,化学肥料,31kg/亩,2025-06-16,吴十
FR02038,P1033,腐殖酸肥,有机肥料,97kg/亩,2025-08-14,王五
FR02039,P1033,磷肥,化学肥料,75kg/亩,2025-03-14,周九
FR02040,P1034,叶面肥,化学肥料,50kg/亩,2025-06-28,赵六
FR02041,P1034,复合肥,化学肥料,80kg/亩,2025-08-04,赵六
FR02042,P1035,钾肥,化学肥料,87kg/亩,2025-05-12,李四
FR02043,P1035,复合肥,化学肥料,91kg/亩,2025-03-23,吴十
FR02044,P1036,生物菌肥,生物肥料,39kg/亩,2025-03-23,陈十二
FR02045,P1037,叶面肥,化学肥料,86kg/亩,2025-06-04,陈十二
FR02046,P1037,有机肥,有机肥料,98kg/亩,2025-04-19,赵六
FR02047,P1038,叶面肥,化学肥料,38kg/亩,2025-04-24,郑十一
FR02048,P1038,钾肥,化学肥料,86kg/亩,2025-08-21,孙八
FR02049,P1039,生物菌肥,生物肥料,92kg/亩,2025-06-09,郑十一
FR02050,P1039,生物菌肥,生物肥料,51kg/亩,2025-05-12,孙八
FR02051,P1040,有机肥,有机肥料,62kg/亩,2025-08-27,王五
FR02052,P1040,复合肥,化学肥料,80kg/亩,2025-04-17,周九
FR02053,P1041,复合肥,化学肥料,63kg/亩,2025-03-03,郑十一
FR02054,P1042,叶面肥,化学肥料,66kg/亩,2025-04-11,李四
FR02055,P1042,叶面肥,化学肥料,64kg/亩,2025-04-06,赵六
FR02056,P1043,叶面肥,化学肥料,64kg/亩,2025-04-26,钱七
FR02057,P1043,磷肥,化学肥料,68kg/亩,2025-04-03,吴十
FR02058,P1043,磷肥,化学肥料,37kg/亩,2025-07-22,王五
FR02059,P1044,复合肥,化学肥料,67kg/亩,2025-03-23,李四
FR02060,P1044,有机肥,有机肥料,36kg/亩,2025-05-02,赵六
FR02061,P1045,氮肥,化学肥料,48kg/亩,2025-04-01,张三
FR02062,P1046,氮肥,化学肥料,79kg/亩,2025-06-26,赵六
FR02063,P1046,叶面肥,化学肥料,97kg/亩,2025-07-16,孙八
FR02064,P1047,生物菌肥,生物肥料,73kg/亩,2025-08-02,钱七
FR02065,P1048,有机肥,有机肥料,71kg/亩,2025-05-14,钱七
FR02066,P1048,腐殖酸肥,有机肥料,83kg/亩,2025-06-24,陈十二
FR02067,P1048,钾肥,化学肥料,84kg/亩,2025-08-04,钱七
FR02068,P1049,复合肥,化学肥料,62kg/亩,2025-06-26,张三
FR02069,P1049,钾肥,化学肥料,68kg/亩,2025-07-15,郑十一
FR02070,P1050,磷肥,化学肥料,70kg/亩,2025-06-26,吴十
FR02071,P1051,有机肥,有机肥料,91kg/亩,2025-03-10,吴十
FR02072,P1051,钾肥,化学肥料,81kg/亩,2025-06-16,孙八
FR02073,P1052,复合肥,化学肥料,99kg/亩,2025-04-05,钱七
FR02074,P1052,叶面肥,化学肥料,81kg/亩,2025-08-26,李四
FR02075,P1052,腐殖酸肥,有机肥料,89kg/亩,2025-08-20,孙八
FR02076,P1053,生物菌肥,生物肥料,53kg/亩,2025-03-11,王五
FR02077,P1053,复合肥,化学肥料,62kg/亩,2025-04-04,李四
FR02078,P1053,复合肥,化学肥料,91kg/亩,2025-04-28,钱七
FR02079,P1054,腐殖酸肥,有机肥料,37kg/亩,2025-05-26,李四
FR02080,P1054,磷肥,化学肥料,91kg/亩,2025-05-09,孙八
FR02081,P1054,复合肥,化学肥料,84kg/亩,2025-06-11,王五
FR02082,P1055,有机肥,有机肥料,79kg/亩,2025-04-15,周九
FR02083,P1056,腐殖酸肥,有机肥料,82kg/亩,2025-04-13,陈十二
FR02084,P1057,氮肥,化学肥料,84kg/亩,2025-05-06,张三
FR02085,P1057,有机肥,有机肥料,55kg/亩,2025-04-11,孙八
FR02086,P1058,复合肥,化学肥料,80kg/亩,2025-07-22,陈十二
FR02087,P1058,腐殖酸肥,有机肥料,42kg/亩,2025-03-24,孙八
FR02088,P1058,有机肥,有机肥料,39kg/亩,2025-08-15,郑十一
FR02089,P1059,氮肥,化学肥料,48kg/亩,2025-05-25,李四
FR02090,P1059,磷肥,化学肥料,97kg/亩,2025-08-27,赵六
FR02091,P1059,有机肥,有机肥料,85kg/亩,2025-03-15,张三
FR02092,P1060,生物菌肥,生物肥料,67kg/亩,2025-07-02,吴十
FR02093,P1060,氮肥,化学肥料,51kg/亩,2025-06-15,钱七
FR02094,P1060,钾肥,化学肥料,73kg/亩,2025-03-03,陈十二
FR02095,P1061,有机肥,有机肥料,77kg/亩,2025-04-22,张三
FR02096,P1062,生物菌肥,生物肥料,39kg/亩,2025-03-24,张三
FR02097,P1062,有机肥,有机肥料,87kg/亩,2025-05-20,王五
FR02098,P1062,有机肥,有机肥料,94kg/亩,2025-06-28,张三
FR02099,P1063,氮肥,化学肥料,80kg/亩,2025-04-19,孙八
FR02100,P1064,复合肥,化学肥料,85kg/亩,2025-08-05,陈十二
FR02101,P1064,磷肥,化学肥料,49kg/亩,2025-06-19,周九
FR02102,P1065,氮肥,化学肥料,69kg/亩,2025-05-22,吴十
FR02103,P1065,叶面肥,化学肥料,43kg/亩,2025-08-19,郑十一
FR02104,P1066,腐殖酸肥,有机肥料,54kg/亩,2025-03-17,赵六
FR02105,P1066,复合肥,化学肥料,50kg/亩,2025-04-04,吴十
FR02106,P1066,钾肥,化学肥料,65kg/亩,2025-08-28,王五
FR02107,P1067,复合肥,化学肥料,84kg/亩,2025-05-16,张三
FR02108,P1067,磷肥,化学肥料,88kg/亩,2025-05-08,吴十
FR02109,P1067,钾肥,化学肥料,31kg/亩,2025-03-23,陈十二
FR02110,P1068,生物菌肥,生物肥料,70kg/亩,2025-07-26,赵六
FR02111,P1069,磷肥,化学肥料,33kg/亩,2025-05-09,郑十一
FR02112,P1069,氮肥,化学肥料,64kg/亩,2025-06-02,张三
FR02113,P1069,钾肥,化学肥料,93kg/亩,2025-08-19,张三
FR02114,P1070,复合肥,化学肥料,64kg/亩,2025-04-26,周九
FR02115,P1070,叶面肥,化学肥料,33kg/亩,2025-08-19,周九
FR02116,P1070,氮肥,化学肥料,52kg/亩,2025-07-27,陈十二
FR02117,P1071,叶面肥,化学肥料,92kg/亩,2025-05-03,郑十一
FR02118,P1072,腐殖酸肥,有机肥料,64kg/亩,2025-07-08,张三
FR02119,P1072,氮肥,化学肥料,93kg/亩,2025-08-04,周九
FR02120,P1072,叶面肥,化学肥料,58kg/亩,2025-06-02,张三
FR02121,P1073,生物菌肥,生物肥料,56kg/亩,2025-07-15,张三
FR02122,P1074,磷肥,化学肥料,57kg/亩,2025-08-15,吴十
FR02123,P1074,生物菌肥,生物肥料,50kg/亩,2025-07-01,陈十二
FR02124,P1075,有机肥,有机肥料,68kg/亩,2025-03-22,孙八
FR02125,P1076,氮肥,化学肥料,75kg/亩,2025-04-14,钱七
FR02126,P1077,复合肥,化学肥料,52kg/亩,2025-05-04,赵六
FR02127,P1077,有机肥,有机肥料,82kg/亩,2025-04-04,郑十一
FR02128,P1077,有机肥,有机肥料,99kg/亩,2025-07-14,李四
FR02129,P1078,钾肥,化学肥料,38kg/亩,2025-04-26,王五
FR02130,P1078,氮肥,化学肥料,84kg/亩,2025-05-07,周九
FR02131,P1079,磷肥,化学肥料,91kg/亩,2025-08-06,孙八
FR02132,P1079,磷肥,化学肥料,78kg/亩,2025-03-07,赵六
FR02133,P1079,钾肥,化学肥料,87kg/亩,2025-08-27,赵六
FR02134,P1080,氮肥,化学肥料,51kg/亩,2025-04-07,王五
FR02135,P1081,生物菌肥,生物肥料,92kg/亩,2025-08-28,李四
FR02136,P1081,叶面肥,化学肥料,59kg/亩,2025-05-12,吴十
FR02137,P1081,有机肥,有机肥料,59kg/亩,2025-06-04,周九
FR02138,P1082,钾肥,化学肥料,63kg/亩,2025-08-13,李四
FR02139,P1083,叶面肥,化学肥料,100kg/亩,2025-05-03,钱七
FR02140,P1083,钾肥,化学肥料,57kg/亩,2025-08-14,郑十一
FR02141,P1083,叶面肥,化学肥料,86kg/亩,2025-03-13,郑十一
FR02142,P1084,氮肥,化学肥料,48kg/亩,2025-06-10,孙八
FR02143,P1084,复合肥,化学肥料,32kg/亩,2025-07-10,王五
FR02144,P1084,腐殖酸肥,有机肥料,74kg/亩,2025-07-15,孙八
FR02145,P1085,钾肥,化学肥料,51kg/亩,2025-04-15,李四
FR02146,P1086,复合肥,化学肥料,35kg/亩,2025-04-13,孙八
FR02147,P1086,磷肥,化学肥料,68kg/亩,2025-07-13,王五
FR02148,P1087,复合肥,化学肥料,71kg/亩,2025-08-03,钱七
FR02149,P1087,有机肥,有机肥料,40kg/亩,2025-06-13,周九
FR02150,P1087,生物菌肥,生物肥料,52kg/亩,2025-03-13,周九
FR02151,P1088,钾肥,化学肥料,75kg/亩,2025-04-21,吴十
FR02152,P1088,钾肥,化学肥料,62kg/亩,2025-05-15,吴十
FR02153,P1089,复合肥,化学肥料,73kg/亩,2025-05-27,钱七
FR02154,P1089,有机肥,有机肥料,95kg/亩,2025-04-18,周九
FR02155,P1089,钾肥,化学肥料,95kg/亩,2025-03-02,吴十
FR02156,P1090,磷肥,化学肥料,33kg/亩,2025-05-18,王五
FR02157,P1091,钾肥,化学肥料,54kg/亩,2025-06-24,郑十一
FR02158,P1091,钾肥,化学肥料,63kg/亩,2025-03-16,王五
FR02159,P1091,生物菌肥,生物肥料,44kg/亩,2025-07-27,郑十一
FR02160,P1092,氮肥,化学肥料,86kg/亩,2025-03-01,郑十一
FR02161,P1092,生物菌肥,生物肥料,74kg/亩,2025-04-09,周九
FR02162,P1092,生物菌肥,生物肥料,54kg/亩,2025-05-12,钱七
FR02163,P1093,有机肥,有机肥料,78kg/亩,2025-03-09,陈十二
FR02164,P1094,有机肥,有机肥料,79kg/亩,2025-05-02,吴十
FR02165,P1095,磷肥,化学肥料,35kg/亩,2025-08-23,吴十
FR02166,P1095,氮肥,化学肥料,48kg/亩,2025-04-18,李四
FR02167,P1095,叶面肥,化学肥料,61kg/亩,2025-07-08,郑十一
FR02168,P1096,复合肥,化学肥料,69kg/亩,2025-04-18,孙八
FR02169,P1096,复合肥,化学肥料,73kg/亩,2025-03-01,周九
FR02170,P1097,磷肥,化学肥料,37kg/亩,2025-07-19,张三
FR02171,P1097,有机肥,有机肥料,66kg/亩,2025-04-23,陈十二
FR02172,P1097,氮肥,化学肥料,77kg/亩,2025-03-04,赵六
FR02173,P1098,氮肥,化学肥料,54kg/亩,2025-04-01,吴十
FR02174,P1099,钾肥,化学肥料,81kg/亩,2025-08-18,孙八
FR02175,P1100,有机肥,有机肥料,53kg/亩,2025-05-04,钱七
FR02176,P1100,钾肥,化学肥料,44kg/亩,2025-05-09,吴十
FR02177,P1100,复合肥,化学肥料,52kg/亩,2025-03-12,郑十一
FR02178,P1101,钾肥,化学肥料,74kg/亩,2025-04-21,张三
FR02179,P1101,氮肥,化学肥料,66kg/亩,2025-05-19,王五
FR02180,P1102,腐殖酸肥,有机肥料,42kg/亩,2025-05-10,钱七
FR02181,P1102,钾肥,化学肥料,49kg/亩,2025-05-03,张三
FR02182,P1103,氮肥,化学肥料,38kg/亩,2025-03-15,赵六
FR02183,P1104,生物菌肥,生物肥料,54kg/亩,2025-04-21,郑十一
FR02184,P1105,钾肥,化学肥料,66kg/亩,2025-05-28,郑十一
FR02185,P1105,磷肥,化学肥料,42kg/亩,2025-05-25,陈十二
FR02186,P1105,有机肥,有机肥料,57kg/亩,2025-04-24,李四
FR02187,P1106,腐殖酸肥,有机肥料,31kg/亩,2025-07-25,钱七
FR02188,P1106,磷肥,化学肥料,80kg/亩,2025-04-18,张三
FR02189,P1107,生物菌肥,生物肥料,37kg/亩,2025-05-15,陈十二
FR02190,P1107,复合肥,化学肥料,68kg/亩,2025-03-18,张三
FR02191,P1107,叶面肥,化学肥料,46kg/亩,2025-05-10,吴十
FR02192,P1108,叶面肥,化学肥料,100kg/亩,2025-07-12,周九
FR02193,P1108,氮肥,化学肥料,42kg/亩,2025-07-07,郑十一
FR02194,P1108,氮肥,化学肥料,72kg/亩,2025-07-18,周九
FR02195,P1109,有机肥,有机肥料,80kg/亩,2025-06-23,张三
FR02196,P1109,叶面肥,化学肥料,78kg/亩,2025-03-22,周九
FR02197,P1109,叶面肥,化学肥料,99kg/亩,2025-06-26,王五
FR02198,P1110,氮肥,化学肥料,79kg/亩,2025-05-24,郑十一
FR02199,P1110,腐殖酸肥,有机肥料,71kg/亩,2025-05-19,钱七
FR02200,P1111,有机肥,有机肥料,44kg/亩,2025-07-07,孙八
FR02201,P1112,有机肥,有机肥料,52kg/亩,2025-03-11,赵六
FR02202,P1112,钾肥,化学肥料,78kg/亩,2025-06-02,钱七
FR02203,P1112,钾肥,化学肥料,55kg/亩,2025-05-05,吴十
FR02204,P1113,氮肥,化学肥料,55kg/亩,2025-08-17,张三
FR02205,P1114,磷肥,化学肥料,40kg/亩,2025-07-23,张三
FR02206,P1115,腐殖酸肥,有机肥料,94kg/亩,2025-06-16,王五
FR02207,P1115,磷肥,化学肥料,49kg/亩,2025-08-21,吴十
FR02208,P1116,腐殖酸肥,有机肥料,42kg/亩,2025-03-19,陈十二
FR02209,P1116,氮肥,化学肥料,56kg/亩,2025-03-01,王五
FR02210,P1117,氮肥,化学肥料,37kg/亩,2025-04-13,吴十
FR02211,P1117,生物菌肥,生物肥料,56kg/亩,2025-06-10,张三
FR02212,P1117,磷肥,化学肥料,87kg/亩,2025-06-10,赵六
FR02213,P1118,钾肥,化学肥料,82kg/亩,2025-07-07,周九
FR02214,P1119,腐殖酸肥,有机肥料,54kg/亩,2025-08-04,孙八
FR02215,P1119,氮肥,化学肥料,100kg/亩,2025-04-13,王五
FR02216,P1120,钾肥,化学肥料,78kg/亩,2025-04-17,王五
FR02217,P1120,氮肥,化学肥料,59kg/亩,2025-07-18,钱七
FR02218,P1120,氮肥,化学肥料,76kg/亩,2025-07-08,张三
FR02219,P1121,生物菌肥,生物肥料,37kg/亩,2025-05-20,吴十
FR02220,P1122,氮肥,化学肥料,83kg/亩,2025-07-23,钱七
FR02221,P1122,复合肥,化学肥料,88kg/亩,2025-08-17,李四
FR02222,P1122,叶面肥,化学肥料,37kg/亩,2025-08-15,钱七
FR02223,P1123,复合肥,化学肥料,94kg/亩,2025-07-02,孙八
FR02224,P1124,复合肥,化学肥料,95kg/亩,2025-04-07,陈十二
FR02225,P1125,钾肥,化学肥料,85kg/亩,2025-04-07,李四
FR02226,P1125,复合肥,化学肥料,34kg/亩,2025-06-08,陈十二
FR02227,P1126,复合肥,化学肥料,62kg/亩,2025-04-06,钱七
FR02228,P1126,腐殖酸肥,有机肥料,87kg/亩,2025-04-17,吴十
FR02229,P1127,氮肥,化学肥料,78kg/亩,2025-06-23,张三
FR02230,P1127,生物菌肥,生物肥料,83kg/亩,2025-08-25,吴十
FR02231,P1128,磷肥,化学肥料,94kg/亩,2025-08-20,陈十二
FR02232,P1128,叶面肥,化学肥料,34kg/亩,2025-06-13,钱七
FR02233,P1129,有机肥,有机肥料,41kg/亩,2025-05-11,孙八
FR02234,P1130,生物菌肥,生物肥料,79kg/亩,2025-03-08,孙八
FR02235,P1131,生物菌肥,生物肥料,77kg/亩,2025-03-11,钱七
FR02236,P1131,生物菌肥,生物肥料,100kg/亩,2025-07-12,张三
FR02237,P1131,叶面肥,化学肥料,51kg/亩,2025-04-14,赵六
FR02238,P1132,磷肥,化学肥料,84kg/亩,2025-04-09,周九
FR02239,P1132,生物菌肥,生物肥料,37kg/亩,2025-03-12,郑十一
FR02240,P1132,磷肥,化学肥料,92kg/亩,2025-05-08,赵六
FR02241,P1133,钾肥,化学肥料,63kg/亩,2025-07-23,郑十一
FR02242,P1134,叶面肥,化学肥料,95kg/亩,2025-04-09,周九
FR02243,P1134,腐殖酸肥,有机肥料,78kg/亩,2025-05-25,郑十一
FR02244,P1134,钾肥,化学肥料,33kg/亩,2025-06-14,钱七
FR02245,P1135,生物菌肥,生物肥料,37kg/亩,2025-07-12,陈十二
FR02246,P1135,有机肥,有机肥料,51kg/亩,2025-05-18,周九
FR02247,P1135,腐殖酸肥,有机肥料,77kg/亩,2025-07-12,赵六
FR02248,P1136,磷肥,化学肥料,89kg/亩,2025-08-09,李四
FR02249,P1136,复合肥,化学肥料,34kg/亩,2025-03-26,孙八
FR02250,P1136,叶面肥,化学肥料,79kg/亩,2025-03-06,赵六
FR02251,P1137,磷肥,化学肥料,37kg/亩,2025-03-12,张三
FR02252,P1138,生物菌肥,生物肥料,46kg/亩,2025-07-06,孙八
FR02253,P1139,钾肥,化学肥料,43kg/亩,2025-05-13,周九
FR02254,P1140,生物菌肥,生物肥料,76kg/亩,2025-07-19,赵六
FR02255,P1140,氮肥,化学肥料,99kg/亩,2025-07-18,陈十二
FR02256,P1141,磷肥,化学肥料,47kg/亩,2025-05-14,吴十
FR02257,P1142,磷肥,化学肥料,45kg/亩,2025-04-26,王五
FR02258,P1143,钾肥,化学肥料,46kg/亩,2025-04-13,赵六
FR02259,P1144,氮肥,化学肥料,57kg/亩,2025-04-21,张三
FR02260,P1144,磷肥,化学肥料,36kg/亩,2025-06-17,李四
FR02261,P1144,钾肥,化学肥料,95kg/亩,2025-07-27,赵六
FR02262,P1145,磷肥,化学肥料,44kg/亩,2025-08-07,王五
FR02263,P1145,复合肥,化学肥料,42kg/亩,2025-07-20,张三
FR02264,P1146,磷肥,化学肥料,63kg/亩,2025-05-04,张三
FR02265,P1146,有机肥,有机肥料,69kg/亩,2025-03-20,周九
FR02266,P1146,有机肥,有机肥料,71kg/亩,2025-03-20,陈十二
FR02267,P1147,生物菌肥,生物肥料,99kg/亩,2025-05-16,李四
FR02268,P1147,有机肥,有机肥料,69kg/亩,2025-08-12,张三
FR02269,P1148,氮肥,化学肥料,98kg/亩,2025-08-28,赵六
FR02270,P1149,复合肥,化学肥料,57kg/亩,2025-06-02,陈十二
FR02271,P1150,腐殖酸肥,有机肥料,63kg/亩,2025-05-17,赵六
FR02272,P1150,氮肥,化学肥料,40kg/亩,2025-04-05,钱七
FR02273,P1151,生物菌肥,生物肥料,97kg/亩,2025-07-14,王五
FR02274,P1152,腐殖酸肥,有机肥料,98kg/亩,2025-03-21,王五
FR02275,P1153,钾肥,化学肥料,65kg/亩,2025-07-06,李四
FR02276,P1153,叶面肥,化学肥料,88kg/亩,2025-07-01,陈十二
FR02277,P1153,磷肥,化学肥料,75kg/亩,2025-04-20,王五
FR02278,P1154,氮肥,化学肥料,57kg/亩,2025-07-13,孙八
FR02279,P1154,腐殖酸肥,有机肥料,70kg/亩,2025-07-17,周九
FR02280,P1154,叶面肥,化学肥料,42kg/亩,2025-04-19,孙八
FR02281,P1155,有机肥,有机肥料,72kg/亩,2025-04-13,吴十
FR02282,P1155,复合肥,化学肥料,83kg/亩,2025-07-26,赵六
FR02283,P1155,磷肥,化学肥料,74kg/亩,2025-06-07,孙八
FR02284,P1156,氮肥,化学肥料,49kg/亩,2025-04-02,孙八
FR02285,P1156,复合肥,化学肥料,35kg/亩,2025-04-01,孙八
FR02286,P1157,氮肥,化学肥料,91kg/亩,2025-05-12,孙八
FR02287,P1157,有机肥,有机肥料,99kg/亩,2025-07-13,周九
FR02288,P1157,生物菌肥,生物肥料,60kg/亩,2025-07-24,陈十二
FR02289,P1158,氮肥,化学肥料,49kg/亩,2025-03-08,吴十
FR02290,P1158,腐殖酸肥,有机肥料,81kg/亩,2025-07-11,周九
FR02291,P1159,钾肥,化学肥料,48kg/亩,2025-05-14,陈十二
FR02292,P1159,叶面肥,化学肥料,52kg/亩,2025-05-03,吴十
FR02293,P1160,叶面肥,化学肥料,89kg/亩,2025-05-21,陈十二
FR02294,P1160,钾肥,化学肥料,78kg/亩,2025-08-13,郑十一
FR02295,P1160,钾肥,化学肥料,77kg/亩,2025-05-01,赵六
FR02296,P1161,有机肥,有机肥料,32kg/亩,2025-04-17,周九
FR02297,P1161,叶面肥,化学肥料,60kg/亩,2025-06-22,周九
FR02298,P1161,生物菌肥,生物肥料,38kg/亩,2025-03-25,王五
FR02299,P1162,钾肥,化学肥料,87kg/亩,2025-08-02,赵六
FR02300,P1162,复合肥,化学肥料,89kg/亩,2025-08-19,赵六
FR02301,P1162,叶面肥,化学肥料,37kg/亩,2025-04-21,周九
FR02302,P1163,氮肥,化学肥料,41kg/亩,2025-07-22,张三
FR02303,P1163,有机肥,有机肥料,85kg/亩,2025-03-08,吴十
FR02304,P1164,腐殖酸肥,有机肥料,42kg/亩,2025-03-24,孙八
FR02305,P1164,叶面肥,化学肥料,63kg/亩,2025-05-05,李四
FR02306,P1165,叶面肥,化学肥料,61kg/亩,2025-05-05,赵六
FR02307,P1165,磷肥,化学肥料,57kg/亩,2025-05-04,吴十
FR02308,P1165,磷肥,化学肥料,86kg/亩,2025-04-27,张三
FR02309,P1166,有机肥,有机肥料,68kg/亩,2025-07-02,赵六
FR02310,P1166,叶面肥,化学肥料,39kg/亩,2025-08-03,吴十
FR02311,P1166,氮肥,化学肥料,91kg/亩,2025-07-21,郑十一
FR02312,P1167,钾肥,化学肥料,61kg/亩,2025-05-04,周九
FR02313,P1168,钾肥,化学肥料,50kg/亩,2025-07-14,李四
FR02314,P1168,有机肥,有机肥料,46kg/亩,2025-08-07,郑十一
FR02315,P1169,生物菌肥,生物肥料,52kg/亩,2025-06-07,钱七
FR02316,P1169,复合肥,化学肥料,31kg/亩,2025-06-23,孙八
FR02317,P1170,钾肥,化学肥料,68kg/亩,2025-07-03,张三
FR02318,P1170,复合肥,化学肥料,67kg/亩,2025-06-17,李四
FR02319,P1170,氮肥,化学肥料,36kg/亩,2025-05-12,孙八
FR02320,P1171,有机肥,有机肥料,80kg/亩,2025-03-03,郑十一
FR02321,P1172,氮肥,化学肥料,88kg/亩,2025-06-16,吴十
FR02322,P1172,磷肥,化学肥料,86kg/亩,2025-04-19,张三
FR02323,P1173,复合肥,化学肥料,50kg/亩,2025-07-04,张三
FR02324,P1173,生物菌肥,生物肥料,91kg/亩,2025-04-28,孙八
FR02325,P1173,磷肥,化学肥料,49kg/亩,2025-06-14,钱七
FR02326,P1174,复合肥,化学肥料,85kg/亩,2025-03-10,周九
FR02327,P1174,氮肥,化学肥料,61kg/亩,2025-03-15,陈十二
FR02328,P1175,氮肥,化学肥料,91kg/亩,2025-05-28,吴十
FR02329,P1176,腐殖酸肥,有机肥料,31kg/亩,2025-07-26,钱七
FR02330,P1176,氮肥,化学肥料,57kg/亩,2025-06-28,钱七
FR02331,P1176,复合肥,化学肥料,58kg/亩,2025-03-08,王五
FR02332,P1177,有机肥,有机肥料,97kg/亩,2025-06-15,郑十一
FR02333,P1177,磷肥,化学肥料,80kg/亩,2025-04-11,王五
FR02334,P1178,腐殖酸肥,有机肥料,86kg/亩,2025-03-23,郑十一
FR02335,P1179,磷肥,化学肥料,90kg/亩,2025-03-01,钱七
FR02336,P1179,有机肥,有机肥料,47kg/亩,2025-05-10,赵六
FR02337,P1180,氮肥,化学肥料,50kg/亩,2025-08-09,孙八
FR02338,P1181,钾肥,化学肥料,54kg/亩,2025-05-10,周九
FR02339,P1181,有机肥,有机肥料,70kg/亩,2025-08-21,周九
FR02340,P1181,磷肥,化学肥料,46kg/亩,2025-05-27,郑十一
FR02341,P1182,腐殖酸肥,有机肥料,44kg/亩,2025-03-18,陈十二
FR02342,P1183,有机肥,有机肥料,37kg/亩,2025-05-12,钱七
FR02343,P1184,叶面肥,化学肥料,74kg/亩,2025-05-22,王五
FR02344,P1184,生物菌肥,生物肥料,76kg/亩,2025-06-02,孙八
FR02345,P1185,氮肥,化学肥料,92kg/亩,2025-07-03,周九
FR02346,P1185,复合肥,化学肥料,56kg/亩,2025-03-15,张三
FR02347,P1185,腐殖酸肥,有机肥料,57kg/亩,2025-04-04,李四
FR02348,P1186,磷肥,化学肥料,89kg/亩,2025-08-15,周九
FR02349,P1187,氮肥,化学肥料,83kg/亩,2025-07-13,周九
FR02350,P1188,叶面肥,化学肥料,94kg/亩,2025-05-21,周九
FR02351,P1188,氮肥,化学肥料,40kg/亩,2025-08-15,张三
FR02352,P1189,磷肥,化学肥料,47kg/亩,2025-03-07,李四
FR02353,P1189,磷肥,化学肥料,82kg/亩,2025-04-09,李四
FR02354,P1190,腐殖酸肥,有机肥料,75kg/亩,2025-08-13,王五
FR02355,P1190,复合肥,化学肥料,97kg/亩,2025-03-11,赵六
FR02356,P1190,复合肥,化学肥料,50kg/亩,2025-05-13,李四
FR02357,P1191,钾肥,化学肥料,95kg/亩,2025-06-10,陈十二
FR02358,P1191,生物菌肥,生物肥料,66kg/亩,2025-04-04,钱七
FR02359,P1191,生物菌肥,生物肥料,42kg/亩,2025-05-17,钱七
FR02360,P1192,有机肥,有机肥料,100kg/亩,2025-08-19,周九
FR02361,P1192,氮肥,化学肥料,98kg/亩,2025-06-21,赵六
FR02362,P1192,氮肥,化学肥料,92kg/亩,2025-03-25,陈十二
FR02363,P1193,生物菌肥,生物肥料,86kg/亩,2025-03-21,赵六
FR02364,P1193,叶面肥,化学肥料,61kg/亩,2025-05-24,吴十
FR02365,P1194,叶面肥,化学肥料,31kg/亩,2025-05-18,赵六
FR02366,P1195,钾肥,化学肥料,69kg/亩,2025-05-05,王五
FR02367,P1195,叶面肥,化学肥料,39kg/亩,2025-08-11,周九
FR02368,P1196,叶面肥,化学肥料,73kg/亩,2025-03-16,陈十二
FR02369,P1197,钾肥,化学肥料,96kg/亩,2025-06-11,赵六
FR02370,P1197,氮肥,化学肥料,58kg/亩,2025-05-12,王五
FR02371,P1197,叶面肥,化学肥料,70kg/亩,2025-03-15,陈十二
FR02372,P1198,复合肥,化学肥料,57kg/亩,2025-05-19,赵六
FR02373,P1198,腐殖酸肥,有机肥料,67kg/亩,2025-07-11,赵六
FR02374,P1198,复合肥,化学肥料,34kg/亩,2025-06-24,吴十
FR02375,P1199,有机肥,有机肥料,55kg/亩,2025-05-11,张三
FR02376,P1199,叶面肥,化学肥料,63kg/亩,2025-03-18,孙八
FR02377,P1199,有机肥,有机肥料,61kg/亩,2025-07-16,王五
FR02378,P1200,氮肥,化学肥料,46kg/亩,2025-03-23,孙八
FR02379,P1200,生物菌肥,生物肥料,35kg/亩,2025-03-09,郑十一
