record_id,transport_id,record_time,temperature,is_normal
TT00001,TR0001,2025-07-23 00:00:00,5.1,true
TT00002,TR0001,2025-07-23 04:00:00,3.6,true
TT00003,TR0001,2025-07-23 08:00:00,3.0,true
TT00004,TR0001,2025-07-23 12:00:00,5.5,true
TT00005,TR0002,2025-11-23 00:00:00,3.8,true
TT00006,TR0002,2025-11-23 04:00:00,5.2,true
TT00007,TR0002,2025-11-23 08:00:00,5.2,true
TT00008,TR0002,2025-11-23 12:00:00,2.9,true
TT00009,TR0002,2025-11-23 16:00:00,6.5,true
TT00010,TR0002,2025-11-23 20:00:00,4.1,true
TT00011,TR0002,2025-11-23 24:00:00,6.1,true
TT00012,TR0002,2025-11-23 28:00:00,5.3,true
TT00013,TR0003,2025-11-24 00:00:00,10.1,false
TT00014,TR0003,2025-11-24 04:00:00,2.7,true
TT00015,TR0003,2025-11-24 08:00:00,4.2,true
TT00016,TR0003,2025-11-24 12:00:00,5.3,true
TT00017,TR0003,2025-11-24 16:00:00,4.6,true
TT00018,TR0004,2025-11-03 00:00:00,4.5,true
TT00019,TR0004,2025-11-03 04:00:00,6.0,true
TT00020,TR0004,2025-11-03 08:00:00,5.2,true
TT00021,TR0004,2025-11-03 12:00:00,4.2,true
TT00022,TR0004,2025-11-03 16:00:00,2.5,true
TT00023,TR0004,2025-11-03 20:00:00,6.3,true
TT00024,TR0004,2025-11-03 24:00:00,6.4,true
TT00025,TR0005,2025-07-11 00:00:00,2.6,true
TT00026,TR0005,2025-07-11 04:00:00,3.9,true
TT00027,TR0005,2025-07-11 08:00:00,2.1,true
TT00028,TR0005,2025-07-11 12:00:00,2.7,true
TT00029,TR0005,2025-07-11 16:00:00,2.9,true
TT00030,TR0005,2025-07-11 20:00:00,4.5,true
TT00031,TR0005,2025-07-11 24:00:00,2.2,true
TT00032,TR0006,2025-11-16 00:00:00,3.2,true
TT00033,TR0006,2025-11-16 04:00:00,5.1,true
TT00034,TR0006,2025-11-16 08:00:00,5.9,true
TT00035,TR0006,2025-11-16 12:00:00,3.1,true
TT00036,TR0006,2025-11-16 16:00:00,2.7,true
TT00037,TR0006,2025-11-16 20:00:00,2.5,true
TT00038,TR0006,2025-11-16 24:00:00,3.6,true
TT00039,TR0007,2025-07-13 00:00:00,7.0,true
TT00040,TR0007,2025-07-13 04:00:00,2.6,true
TT00041,TR0007,2025-07-13 08:00:00,3.9,true
TT00042,TR0007,2025-07-13 12:00:00,5.5,true
TT00043,TR0007,2025-07-13 16:00:00,5.0,true
TT00044,TR0008,2025-08-17 00:00:00,2.5,true
TT00045,TR0008,2025-08-17 04:00:00,6.2,true
TT00046,TR0008,2025-08-17 08:00:00,5.3,true
TT00047,TR0008,2025-08-17 12:00:00,3.7,true
TT00048,TR0009,2025-07-24 00:00:00,4.3,true
TT00049,TR0009,2025-07-24 04:00:00,2.8,true
TT00050,TR0009,2025-07-24 08:00:00,2.3,true
TT00051,TR0009,2025-07-24 12:00:00,3.2,true
TT00052,TR0009,2025-07-24 16:00:00,3.5,true
TT00053,TR0009,2025-07-24 20:00:00,5.7,true
TT00054,TR0009,2025-07-24 24:00:00,5.3,true
TT00055,TR0009,2025-07-24 28:00:00,5.4,true
TT00056,TR0010,2025-07-12 00:00:00,4.8,true
TT00057,TR0010,2025-07-12 04:00:00,3.4,true
TT00058,TR0010,2025-07-12 08:00:00,3.6,true
TT00059,TR0010,2025-07-12 12:00:00,3.6,true
TT00060,TR0011,2025-11-21 00:00:00,6.4,true
TT00061,TR0011,2025-11-21 04:00:00,5.0,true
TT00062,TR0011,2025-11-21 08:00:00,3.6,true
TT00063,TR0011,2025-11-21 12:00:00,6.4,true
TT00064,TR0011,2025-11-21 16:00:00,5.7,true
TT00065,TR0011,2025-11-21 20:00:00,5.9,true
TT00066,TR0011,2025-11-21 24:00:00,5.8,true
TT00067,TR0012,2025-08-13 00:00:00,2.3,true
TT00068,TR0012,2025-08-13 04:00:00,4.6,true
TT00069,TR0012,2025-08-13 08:00:00,2.7,true
TT00070,TR0012,2025-08-13 12:00:00,4.0,true
TT00071,TR0012,2025-08-13 16:00:00,2.7,true
TT00072,TR0012,2025-08-13 20:00:00,2.3,true
TT00073,TR0012,2025-08-13 24:00:00,6.0,true
TT00074,TR0012,2025-08-13 28:00:00,3.4,true
TT00075,TR0013,2025-10-10 00:00:00,2.6,true
TT00076,TR0013,2025-10-10 04:00:00,3.7,true
TT00077,TR0013,2025-10-10 08:00:00,3.6,true
TT00078,TR0013,2025-10-10 12:00:00,2.3,true
TT00079,TR0013,2025-10-10 16:00:00,3.3,true
TT00080,TR0013,2025-10-10 20:00:00,5.1,true
TT00081,TR0013,2025-10-10 24:00:00,4.9,true
TT00082,TR0014,2025-09-18 00:00:00,2.2,true
TT00083,TR0014,2025-09-18 04:00:00,6.1,true
TT00084,TR0014,2025-09-18 08:00:00,4.0,true
TT00085,TR0014,2025-09-18 12:00:00,6.6,true
TT00086,TR0014,2025-09-18 16:00:00,6.6,true
TT00087,TR0015,2025-09-07 00:00:00,2.2,true
TT00088,TR0015,2025-09-07 04:00:00,5.1,true
TT00089,TR0015,2025-09-07 08:00:00,3.5,true
TT00090,TR0015,2025-09-07 12:00:00,3.1,true
TT00091,TR0015,2025-09-07 16:00:00,2.2,true
TT00092,TR0016,2025-07-10 00:00:00,2.5,true
TT00093,TR0016,2025-07-10 04:00:00,3.6,true
TT00094,TR0016,2025-07-10 08:00:00,5.2,true
TT00095,TR0016,2025-07-10 12:00:00,6.9,true
TT00096,TR0016,2025-07-10 16:00:00,4.4,true
TT00097,TR0016,2025-07-10 20:00:00,4.1,true
TT00098,TR0016,2025-07-10 24:00:00,2.1,true
TT00099,TR0016,2025-07-10 28:00:00,3.4,true
TT00100,TR0017,2025-08-02 00:00:00,4.2,true
TT00101,TR0017,2025-08-02 04:00:00,6.4,true
TT00102,TR0017,2025-08-02 08:00:00,5.1,true
TT00103,TR0017,2025-08-02 12:00:00,3.5,true
TT00104,TR0017,2025-08-02 16:00:00,5.1,true
TT00105,TR0017,2025-08-02 20:00:00,3.3,true
TT00106,TR0017,2025-08-02 24:00:00,2.9,true
TT00107,TR0018,2025-08-19 00:00:00,3.9,true
TT00108,TR0018,2025-08-19 04:00:00,5.0,true
TT00109,TR0018,2025-08-19 08:00:00,3.5,true
TT00110,TR0018,2025-08-19 12:00:00,4.5,true
TT00111,TR0018,2025-08-19 16:00:00,6.5,true
TT00112,TR0018,2025-08-19 20:00:00,4.4,true
TT00113,TR0018,2025-08-19 24:00:00,3.7,true
TT00114,TR0018,2025-08-19 28:00:00,2.8,true
TT00115,TR0019,2025-08-17 00:00:00,4.7,true
TT00116,TR0019,2025-08-17 04:00:00,2.3,true
TT00117,TR0019,2025-08-17 08:00:00,3.8,true
TT00118,TR0019,2025-08-17 12:00:00,3.6,true
TT00119,TR0019,2025-08-17 16:00:00,3.3,true
TT00120,TR0019,2025-08-17 20:00:00,3.1,true
TT00121,TR0019,2025-08-17 24:00:00,4.0,true
TT00122,TR0020,2025-10-17 00:00:00,2.3,true
TT00123,TR0020,2025-10-17 04:00:00,5.5,true
TT00124,TR0020,2025-10-17 08:00:00,3.3,true
TT00125,TR0020,2025-10-17 12:00:00,5.9,true
TT00126,TR0020,2025-10-17 16:00:00,6.6,true
TT00127,TR0020,2025-10-17 20:00:00,3.6,true
TT00128,TR0020,2025-10-17 24:00:00,6.9,true
TT00129,TR0021,2025-10-07 00:00:00,3.5,true
TT00130,TR0021,2025-10-07 04:00:00,3.3,true
TT00131,TR0021,2025-10-07 08:00:00,6.8,true
TT00132,TR0021,2025-10-07 12:00:00,4.6,true
TT00133,TR0022,2025-09-07 00:00:00,4.5,true
TT00134,TR0022,2025-09-07 04:00:00,3.8,true
TT00135,TR0022,2025-09-07 08:00:00,2.8,true
TT00136,TR0022,2025-09-07 12:00:00,6.9,true
TT00137,TR0022,2025-09-07 16:00:00,4.7,true
TT00138,TR0023,2025-08-11 00:00:00,4.8,true
TT00139,TR0023,2025-08-11 04:00:00,6.0,true
TT00140,TR0023,2025-08-11 08:00:00,2.3,true
TT00141,TR0023,2025-08-11 12:00:00,3.5,true
TT00142,TR0024,2025-11-15 00:00:00,4.6,true
TT00143,TR0024,2025-11-15 04:00:00,3.0,true
TT00144,TR0024,2025-11-15 08:00:00,3.4,true
TT00145,TR0024,2025-11-15 12:00:00,5.4,true
TT00146,TR0024,2025-11-15 16:00:00,3.8,true
TT00147,TR0025,2025-11-21 00:00:00,6.4,true
TT00148,TR0025,2025-11-21 04:00:00,2.4,true
TT00149,TR0025,2025-11-21 08:00:00,3.9,true
TT00150,TR0025,2025-11-21 12:00:00,4.7,true
TT00151,TR0025,2025-11-21 16:00:00,5.5,true
TT00152,TR0025,2025-11-21 20:00:00,4.2,true
TT00153,TR0025,2025-11-21 24:00:00,4.8,true
TT00154,TR0026,2025-10-04 00:00:00,6.5,true
TT00155,TR0026,2025-10-04 04:00:00,4.3,true
TT00156,TR0026,2025-10-04 08:00:00,5.5,true
TT00157,TR0026,2025-10-04 12:00:00,5.3,true
TT00158,TR0026,2025-10-04 16:00:00,5.5,true
TT00159,TR0027,2025-10-05 00:00:00,2.6,true
TT00160,TR0027,2025-10-05 04:00:00,2.2,true
TT00161,TR0027,2025-10-05 08:00:00,6.6,true
TT00162,TR0027,2025-10-05 12:00:00,4.8,true
TT00163,TR0027,2025-10-05 16:00:00,5.2,true
TT00164,TR0028,2025-08-19 00:00:00,6.3,true
TT00165,TR0028,2025-08-19 04:00:00,5.5,true
TT00166,TR0028,2025-08-19 08:00:00,3.0,true
TT00167,TR0028,2025-08-19 12:00:00,3.2,true
TT00168,TR0028,2025-08-19 16:00:00,6.9,true
TT00169,TR0029,2025-10-05 00:00:00,5.4,true
TT00170,TR0029,2025-10-05 04:00:00,2.9,true
TT00171,TR0029,2025-10-05 08:00:00,3.1,true
TT00172,TR0029,2025-10-05 12:00:00,5.3,true
TT00173,TR0029,2025-10-05 16:00:00,2.1,true
TT00174,TR0029,2025-10-05 20:00:00,3.9,true
TT00175,TR0029,2025-10-05 24:00:00,5.4,true
TT00176,TR0030,2025-09-04 00:00:00,3.9,true
TT00177,TR0030,2025-09-04 04:00:00,2.7,true
TT00178,TR0030,2025-09-04 08:00:00,6.4,true
TT00179,TR0030,2025-09-04 12:00:00,3.7,true
TT00180,TR0030,2025-09-04 16:00:00,2.8,true
TT00181,TR0030,2025-09-04 20:00:00,4.4,true
TT00182,TR0030,2025-09-04 24:00:00,2.6,true
TT00183,TR0031,2025-09-22 00:00:00,3.4,true
TT00184,TR0031,2025-09-22 04:00:00,4.4,true
TT00185,TR0031,2025-09-22 08:00:00,5.8,true
TT00186,TR0031,2025-09-22 12:00:00,6.2,true
TT00187,TR0031,2025-09-22 16:00:00,6.0,true
TT00188,TR0031,2025-09-22 20:00:00,6.1,true
TT00189,TR0032,2025-11-11 00:00:00,5.6,true
TT00190,TR0032,2025-11-11 04:00:00,6.7,true
TT00191,TR0032,2025-11-11 08:00:00,5.9,true
TT00192,TR0032,2025-11-11 12:00:00,3.6,true
TT00193,TR0032,2025-11-11 16:00:00,5.6,true
TT00194,TR0033,2025-11-05 00:00:00,4.6,true
TT00195,TR0033,2025-11-05 04:00:00,6.2,true
TT00196,TR0033,2025-11-05 08:00:00,2.2,true
TT00197,TR0033,2025-11-05 12:00:00,3.6,true
TT00198,TR0033,2025-11-05 16:00:00,3.7,true
TT00199,TR0033,2025-11-05 20:00:00,6.0,true
TT00200,TR0033,2025-11-05 24:00:00,4.9,true
TT00201,TR0033,2025-11-05 28:00:00,6.2,true
TT00202,TR0034,2025-11-05 00:00:00,3.5,true
TT00203,TR0034,2025-11-05 04:00:00,2.6,true
TT00204,TR0034,2025-11-05 08:00:00,6.8,true
TT00205,TR0034,2025-11-05 12:00:00,3.4,true
TT00206,TR0034,2025-11-05 16:00:00,5.6,true
TT00207,TR0034,2025-11-05 20:00:00,4.5,true
TT00208,TR0035,2025-08-18 00:00:00,2.7,true
TT00209,TR0035,2025-08-18 04:00:00,6.7,true
TT00210,TR0035,2025-08-18 08:00:00,6.1,true
TT00211,TR0035,2025-08-18 12:00:00,2.5,true
TT00212,TR0035,2025-08-18 16:00:00,2.6,true
TT00213,TR0035,2025-08-18 20:00:00,6.6,true
TT00214,TR0035,2025-08-18 24:00:00,2.3,true
TT00215,TR0035,2025-08-18 28:00:00,3.1,true
TT00216,TR0036,2025-07-06 00:00:00,6.5,true
TT00217,TR0036,2025-07-06 04:00:00,2.6,true
TT00218,TR0036,2025-07-06 08:00:00,4.4,true
TT00219,TR0036,2025-07-06 12:00:00,5.0,true
TT00220,TR0036,2025-07-06 16:00:00,6.7,true
TT00221,TR0036,2025-07-06 20:00:00,6.8,true
TT00222,TR0037,2025-11-25 00:00:00,5.5,true
TT00223,TR0037,2025-11-25 04:00:00,5.3,true
TT00224,TR0037,2025-11-25 08:00:00,3.9,true
TT00225,TR0037,2025-11-25 12:00:00,4.1,true
TT00226,TR0038,2025-11-03 00:00:00,4.9,true
TT00227,TR0038,2025-11-03 04:00:00,2.2,true
TT00228,TR0038,2025-11-03 08:00:00,6.7,true
TT00229,TR0038,2025-11-03 12:00:00,4.9,true
TT00230,TR0038,2025-11-03 16:00:00,3.0,true
TT00231,TR0038,2025-11-03 20:00:00,6.7,true
TT00232,TR0038,2025-11-03 24:00:00,5.8,true
TT00233,TR0039,2025-08-04 00:00:00,6.8,true
TT00234,TR0039,2025-08-04 04:00:00,5.7,true
TT00235,TR0039,2025-08-04 08:00:00,5.6,true
TT00236,TR0039,2025-08-04 12:00:00,4.7,true
TT00237,TR0039,2025-08-04 16:00:00,5.3,true
TT00238,TR0039,2025-08-04 20:00:00,2.4,true
TT00239,TR0040,2025-09-14 00:00:00,6.2,true
TT00240,TR0040,2025-09-14 04:00:00,2.8,true
TT00241,TR0040,2025-09-14 08:00:00,5.6,true
TT00242,TR0040,2025-09-14 12:00:00,5.8,true
TT00243,TR0040,2025-09-14 16:00:00,2.8,true
TT00244,TR0041,2025-11-18 00:00:00,5.4,true
TT00245,TR0041,2025-11-18 04:00:00,4.2,true
TT00246,TR0041,2025-11-18 08:00:00,5.4,true
TT00247,TR0041,2025-11-18 12:00:00,2.2,true
TT00248,TR0041,2025-11-18 16:00:00,6.4,true
TT00249,TR0041,2025-11-18 20:00:00,5.5,true
TT00250,TR0041,2025-11-18 24:00:00,3.5,true
TT00251,TR0041,2025-11-18 28:00:00,6.6,true
TT00252,TR0042,2025-11-20 00:00:00,4.7,true
TT00253,TR0042,2025-11-20 04:00:00,3.3,true
TT00254,TR0042,2025-11-20 08:00:00,5.1,true
TT00255,TR0042,2025-11-20 12:00:00,4.5,true
TT00256,TR0042,2025-11-20 16:00:00,3.3,true
TT00257,TR0042,2025-11-20 20:00:00,2.4,true
TT00258,TR0042,2025-11-20 24:00:00,6.9,true
TT00259,TR0043,2025-11-16 00:00:00,6.2,true
TT00260,TR0043,2025-11-16 04:00:00,2.5,true
TT00261,TR0043,2025-11-16 08:00:00,6.2,true
TT00262,TR0043,2025-11-16 12:00:00,2.3,true
TT00263,TR0043,2025-11-16 16:00:00,5.3,true
TT00264,TR0043,2025-11-16 20:00:00,2.3,true
TT00265,TR0043,2025-11-16 24:00:00,7.0,true
TT00266,TR0044,2025-09-04 00:00:00,3.8,true
TT00267,TR0044,2025-09-04 04:00:00,5.4,true
TT00268,TR0044,2025-09-04 08:00:00,4.3,true
TT00269,TR0044,2025-09-04 12:00:00,6.4,true
TT00270,TR0044,2025-09-04 16:00:00,2.7,true
TT00271,TR0044,2025-09-04 20:00:00,3.7,true
TT00272,TR0044,2025-09-04 24:00:00,3.3,true
TT00273,TR0045,2025-11-24 00:00:00,6.2,true
TT00274,TR0045,2025-11-24 04:00:00,6.2,true
TT00275,TR0045,2025-11-24 08:00:00,6.3,true
TT00276,TR0045,2025-11-24 12:00:00,5.2,true
TT00277,TR0045,2025-11-24 16:00:00,6.8,true
TT00278,TR0045,2025-11-24 20:00:00,2.3,true
TT00279,TR0046,2025-07-12 00:00:00,6.9,true
TT00280,TR0046,2025-07-12 04:00:00,2.4,true
TT00281,TR0046,2025-07-12 08:00:00,6.6,true
TT00282,TR0046,2025-07-12 12:00:00,3.1,true
TT00283,TR0046,2025-07-12 16:00:00,2.6,true
TT00284,TR0046,2025-07-12 20:00:00,3.2,true
TT00285,TR0047,2025-07-12 00:00:00,5.6,true
TT00286,TR0047,2025-07-12 04:00:00,6.9,true
TT00287,TR0047,2025-07-12 08:00:00,3.2,true
TT00288,TR0047,2025-07-12 12:00:00,4.0,true
TT00289,TR0047,2025-07-12 16:00:00,5.9,true
TT00290,TR0047,2025-07-12 20:00:00,4.4,true
TT00291,TR0048,2025-11-18 00:00:00,5.8,true
TT00292,TR0048,2025-11-18 04:00:00,2.0,true
TT00293,TR0048,2025-11-18 08:00:00,6.0,true
TT00294,TR0048,2025-11-18 12:00:00,3.1,true
TT00295,TR0048,2025-11-18 16:00:00,2.0,true
TT00296,TR0048,2025-11-18 20:00:00,2.8,true
TT00297,TR0048,2025-11-18 24:00:00,5.0,true
TT00298,TR0049,2025-09-02 00:00:00,3.1,true
TT00299,TR0049,2025-09-02 04:00:00,4.3,true
TT00300,TR0049,2025-09-02 08:00:00,4.4,true
TT00301,TR0049,2025-09-02 12:00:00,3.0,true
TT00302,TR0049,2025-09-02 16:00:00,4.1,true
TT00303,TR0049,2025-09-02 20:00:00,6.6,true
TT00304,TR0049,2025-09-02 24:00:00,2.7,true
TT00305,TR0050,2025-09-09 00:00:00,5.7,true
TT00306,TR0050,2025-09-09 04:00:00,4.5,true
TT00307,TR0050,2025-09-09 08:00:00,5.1,true
TT00308,TR0050,2025-09-09 12:00:00,4.2,true
TT00309,TR0050,2025-09-09 16:00:00,6.7,true
TT00310,TR0050,2025-09-09 20:00:00,4.9,true
TT00311,TR0051,2025-11-18 00:00:00,4.7,true
TT00312,TR0051,2025-11-18 04:00:00,6.9,true
TT00313,TR0051,2025-11-18 08:00:00,2.7,true
TT00314,TR0051,2025-11-18 12:00:00,2.8,true
TT00315,TR0051,2025-11-18 16:00:00,6.3,true
TT00316,TR0051,2025-11-18 20:00:00,2.6,true
TT00317,TR0051,2025-11-18 24:00:00,4.8,true
TT00318,TR0052,2025-11-10 00:00:00,4.5,true
TT00319,TR0052,2025-11-10 04:00:00,6.6,true
TT00320,TR0052,2025-11-10 08:00:00,7.0,true
TT00321,TR0052,2025-11-10 12:00:00,3.9,true
TT00322,TR0052,2025-11-10 16:00:00,4.2,true
TT00323,TR0053,2025-07-24 00:00:00,5.7,true
TT00324,TR0053,2025-07-24 04:00:00,3.6,true
TT00325,TR0053,2025-07-24 08:00:00,2.2,true
TT00326,TR0053,2025-07-24 12:00:00,2.1,true
TT00327,TR0053,2025-07-24 16:00:00,2.0,true
TT00328,TR0053,2025-07-24 20:00:00,4.4,true
TT00329,TR0054,2025-08-04 00:00:00,4.0,true
TT00330,TR0054,2025-08-04 04:00:00,3.7,true
TT00331,TR0054,2025-08-04 08:00:00,6.2,true
TT00332,TR0054,2025-08-04 12:00:00,5.7,true
TT00333,TR0054,2025-08-04 16:00:00,6.5,true
TT00334,TR0054,2025-08-04 20:00:00,3.5,true
TT00335,TR0054,2025-08-04 24:00:00,3.5,true
TT00336,TR0054,2025-08-04 28:00:00,4.1,true
TT00337,TR0055,2025-11-16 00:00:00,6.7,true
TT00338,TR0055,2025-11-16 04:00:00,2.0,true
TT00339,TR0055,2025-11-16 08:00:00,3.7,true
TT00340,TR0055,2025-11-16 12:00:00,7.0,true
TT00341,TR0055,2025-11-16 16:00:00,2.6,true
TT00342,TR0056,2025-08-01 00:00:00,2.1,true
TT00343,TR0056,2025-08-01 04:00:00,3.0,true
TT00344,TR0056,2025-08-01 08:00:00,3.0,true
TT00345,TR0056,2025-08-01 12:00:00,4.5,true
TT00346,TR0056,2025-08-01 16:00:00,6.6,true
TT00347,TR0057,2025-07-11 00:00:00,4.4,true
TT00348,TR0057,2025-07-11 04:00:00,3.4,true
TT00349,TR0057,2025-07-11 08:00:00,6.3,true
TT00350,TR0057,2025-07-11 12:00:00,3.4,true
TT00351,TR0057,2025-07-11 16:00:00,6.5,true
TT00352,TR0057,2025-07-11 20:00:00,4.1,true
TT00353,TR0057,2025-07-11 24:00:00,6.9,true
TT00354,TR0058,2025-09-04 00:00:00,3.4,true
TT00355,TR0058,2025-09-04 04:00:00,2.8,true
TT00356,TR0058,2025-09-04 08:00:00,3.9,true
TT00357,TR0058,2025-09-04 12:00:00,2.6,true
TT00358,TR0058,2025-09-04 16:00:00,3.1,true
TT00359,TR0058,2025-09-04 20:00:00,4.8,true
TT00360,TR0058,2025-09-04 24:00:00,7.0,true
TT00361,TR0058,2025-09-04 28:00:00,4.1,true
TT00362,TR0059,2025-11-12 00:00:00,2.5,true
TT00363,TR0059,2025-11-12 04:00:00,3.7,true
TT00364,TR0059,2025-11-12 08:00:00,5.9,true
TT00365,TR0059,2025-11-12 12:00:00,6.5,true
TT00366,TR0059,2025-11-12 16:00:00,4.1,true
TT00367,TR0059,2025-11-12 20:00:00,5.7,true
TT00368,TR0059,2025-11-12 24:00:00,5.0,true
TT00369,TR0059,2025-11-12 28:00:00,4.2,true
TT00370,TR0060,2025-11-16 00:00:00,3.6,true
TT00371,TR0060,2025-11-16 04:00:00,5.9,true
TT00372,TR0060,2025-11-16 08:00:00,3.9,true
TT00373,TR0060,2025-11-16 12:00:00,5.7,true
TT00374,TR0060,2025-11-16 16:00:00,4.1,true
TT00375,TR0060,2025-11-16 20:00:00,2.5,true
TT00376,TR0061,2025-11-16 00:00:00,3.5,true
TT00377,TR0061,2025-11-16 04:00:00,5.4,true
TT00378,TR0061,2025-11-16 08:00:00,5.8,true
TT00379,TR0061,2025-11-16 12:00:00,6.4,true
TT00380,TR0062,2025-09-22 00:00:00,5.0,true
TT00381,TR0062,2025-09-22 04:00:00,4.4,true
TT00382,TR0062,2025-09-22 08:00:00,3.3,true
TT00383,TR0062,2025-09-22 12:00:00,5.0,true
TT00384,TR0062,2025-09-22 16:00:00,6.4,true
TT00385,TR0062,2025-09-22 20:00:00,2.9,true
TT00386,TR0062,2025-09-22 24:00:00,2.1,true
TT00387,TR0062,2025-09-22 28:00:00,6.8,true
TT00388,TR0063,2025-07-21 00:00:00,4.8,true
TT00389,TR0063,2025-07-21 04:00:00,3.8,true
TT00390,TR0063,2025-07-21 08:00:00,3.9,true
TT00391,TR0063,2025-07-21 12:00:00,4.1,true
TT00392,TR0063,2025-07-21 16:00:00,5.7,true
TT00393,TR0063,2025-07-21 20:00:00,4.3,true
TT00394,TR0063,2025-07-21 24:00:00,6.6,true
TT00395,TR0064,2025-11-12 00:00:00,6.9,true
TT00396,TR0064,2025-11-12 04:00:00,3.7,true
TT00397,TR0064,2025-11-12 08:00:00,2.2,true
TT00398,TR0064,2025-11-12 12:00:00,2.2,true
TT00399,TR0064,2025-11-12 16:00:00,4.9,true
TT00400,TR0065,2025-11-22 00:00:00,2.4,true
TT00401,TR0065,2025-11-22 04:00:00,2.9,true
TT00402,TR0065,2025-11-22 08:00:00,6.2,true
TT00403,TR0065,2025-11-22 12:00:00,2.6,true
TT00404,TR0065,2025-11-22 16:00:00,6.8,true
TT00405,TR0066,2025-10-21 00:00:00,3.5,true
TT00406,TR0066,2025-10-21 04:00:00,5.7,true
TT00407,TR0066,2025-10-21 08:00:00,4.1,true
TT00408,TR0066,2025-10-21 12:00:00,4.0,true
TT00409,TR0066,2025-10-21 16:00:00,5.5,true
TT00410,TR0066,2025-10-21 20:00:00,4.4,true
TT00411,TR0066,2025-10-21 24:00:00,3.2,true
TT00412,TR0067,2025-08-17 00:00:00,4.6,true
TT00413,TR0067,2025-08-17 04:00:00,4.4,true
TT00414,TR0067,2025-08-17 08:00:00,2.2,true
TT00415,TR0067,2025-08-17 12:00:00,6.8,true
TT00416,TR0068,2025-11-06 00:00:00,6.9,true
TT00417,TR0068,2025-11-06 04:00:00,2.4,true
TT00418,TR0068,2025-11-06 08:00:00,4.7,true
TT00419,TR0068,2025-11-06 12:00:00,5.4,true
TT00420,TR0068,2025-11-06 16:00:00,4.2,true
TT00421,TR0069,2025-11-09 00:00:00,6.6,true
TT00422,TR0069,2025-11-09 04:00:00,5.3,true
TT00423,TR0069,2025-11-09 08:00:00,4.8,true
TT00424,TR0069,2025-11-09 12:00:00,3.1,true
TT00425,TR0069,2025-11-09 16:00:00,5.3,true
TT00426,TR0069,2025-11-09 20:00:00,5.9,true
TT00427,TR0069,2025-11-09 24:00:00,3.3,true
TT00428,TR0069,2025-11-09 28:00:00,5.0,true
TT00429,TR0070,2025-11-02 00:00:00,3.1,true
TT00430,TR0070,2025-11-02 04:00:00,5.2,true
TT00431,TR0070,2025-11-02 08:00:00,2.9,true
TT00432,TR0070,2025-11-02 12:00:00,5.8,true
TT00433,TR0070,2025-11-02 16:00:00,5.8,true
TT00434,TR0070,2025-11-02 20:00:00,4.5,true
TT00435,TR0071,2025-09-07 00:00:00,2.4,true
TT00436,TR0071,2025-09-07 04:00:00,5.7,true
TT00437,TR0071,2025-09-07 08:00:00,5.5,true
TT00438,TR0071,2025-09-07 12:00:00,2.7,true
TT00439,TR0071,2025-09-07 16:00:00,2.8,true
TT00440,TR0071,2025-09-07 20:00:00,4.5,true
TT00441,TR0072,2025-07-20 00:00:00,6.9,true
TT00442,TR0072,2025-07-20 04:00:00,6.4,true
TT00443,TR0072,2025-07-20 08:00:00,3.2,true
TT00444,TR0072,2025-07-20 12:00:00,2.7,true
TT00445,TR0072,2025-07-20 16:00:00,2.3,true
TT00446,TR0072,2025-07-20 20:00:00,4.6,true
TT00447,TR0072,2025-07-20 24:00:00,3.9,true
TT00448,TR0073,2025-09-09 00:00:00,3.1,true
TT00449,TR0073,2025-09-09 04:00:00,5.1,true
TT00450,TR0073,2025-09-09 08:00:00,5.2,true
TT00451,TR0073,2025-09-09 12:00:00,4.9,true
TT00452,TR0073,2025-09-09 16:00:00,3.6,true
TT00453,TR0073,2025-09-09 20:00:00,2.9,true
TT00454,TR0074,2025-11-25 00:00:00,3.4,true
TT00455,TR0074,2025-11-25 04:00:00,4.1,true
TT00456,TR0074,2025-11-25 08:00:00,6.9,true
TT00457,TR0074,2025-11-25 12:00:00,3.2,true
TT00458,TR0074,2025-11-25 16:00:00,5.2,true
TT00459,TR0074,2025-11-25 20:00:00,6.9,true
TT00460,TR0075,2025-11-20 00:00:00,6.5,true
TT00461,TR0075,2025-11-20 04:00:00,5.2,true
TT00462,TR0075,2025-11-20 08:00:00,4.5,true
TT00463,TR0075,2025-11-20 12:00:00,3.8,true
TT00464,TR0075,2025-11-20 16:00:00,6.3,true
TT00465,TR0075,2025-11-20 20:00:00,5.2,true
TT00466,TR0075,2025-11-20 24:00:00,3.1,true
TT00467,TR0075,2025-11-20 28:00:00,5.1,true
TT00468,TR0076,2025-09-01 00:00:00,6.3,true
TT00469,TR0076,2025-09-01 04:00:00,5.1,true
TT00470,TR0076,2025-09-01 08:00:00,4.5,true
TT00471,TR0076,2025-09-01 12:00:00,3.1,true
TT00472,TR0076,2025-09-01 16:00:00,2.1,true
TT00473,TR0077,2025-07-17 00:00:00,5.1,true
TT00474,TR0077,2025-07-17 04:00:00,4.7,true
TT00475,TR0077,2025-07-17 08:00:00,2.4,true
TT00476,TR0077,2025-07-17 12:00:00,4.2,true
TT00477,TR0078,2025-08-14 00:00:00,5.5,true
TT00478,TR0078,2025-08-14 04:00:00,6.9,true
TT00479,TR0078,2025-08-14 08:00:00,3.9,true
TT00480,TR0078,2025-08-14 12:00:00,4.0,true
TT00481,TR0078,2025-08-14 16:00:00,6.2,true
TT00482,TR0079,2025-11-09 00:00:00,3.6,true
TT00483,TR0079,2025-11-09 04:00:00,4.8,true
TT00484,TR0079,2025-11-09 08:00:00,3.5,true
TT00485,TR0079,2025-11-09 12:00:00,4.2,true
TT00486,TR0079,2025-11-09 16:00:00,6.1,true
TT00487,TR0079,2025-11-09 20:00:00,4.4,true
TT00488,TR0079,2025-11-09 24:00:00,4.7,true
TT00489,TR0079,2025-11-09 28:00:00,6.1,true
TT00490,TR0080,2025-07-04 00:00:00,4.2,true
TT00491,TR0080,2025-07-04 04:00:00,4.0,true
TT00492,TR0080,2025-07-04 08:00:00,5.3,true
TT00493,TR0080,2025-07-04 12:00:00,5.2,true
TT00494,TR0080,2025-07-04 16:00:00,2.5,true
TT00495,TR0080,2025-07-04 20:00:00,6.4,true
TT00496,TR0080,2025-07-04 24:00:00,6.8,true
TT00497,TR0080,2025-07-04 28:00:00,3.6,true
TT00498,TR0081,2025-10-05 00:00:00,6.6,true
TT00499,TR0081,2025-10-05 04:00:00,3.9,true
TT00500,TR0081,2025-10-05 08:00:00,4.3,true
TT00501,TR0081,2025-10-05 12:00:00,6.3,true
TT00502,TR0082,2025-09-18 00:00:00,6.3,true
TT00503,TR0082,2025-09-18 04:00:00,4.1,true
TT00504,TR0082,2025-09-18 08:00:00,5.2,true
TT00505,TR0082,2025-09-18 12:00:00,6.3,true
TT00506,TR0082,2025-09-18 16:00:00,2.7,true
TT00507,TR0082,2025-09-18 20:00:00,5.5,true
TT00508,TR0082,2025-09-18 24:00:00,2.4,true
TT00509,TR0082,2025-09-18 28:00:00,6.8,true
TT00510,TR0083,2025-08-12 00:00:00,4.9,true
TT00511,TR0083,2025-08-12 04:00:00,2.9,true
TT00512,TR0083,2025-08-12 08:00:00,3.4,true
TT00513,TR0083,2025-08-12 12:00:00,3.5,true
TT00514,TR0083,2025-08-12 16:00:00,6.9,true
TT00515,TR0084,2025-09-02 00:00:00,7.0,true
TT00516,TR0084,2025-09-02 04:00:00,5.8,true
TT00517,TR0084,2025-09-02 08:00:00,6.3,true
TT00518,TR0084,2025-09-02 12:00:00,5.9,true
TT00519,TR0084,2025-09-02 16:00:00,3.8,true
TT00520,TR0084,2025-09-02 20:00:00,5.0,true
TT00521,TR0084,2025-09-02 24:00:00,4.2,true
TT00522,TR0084,2025-09-02 28:00:00,2.5,true
TT00523,TR0085,2025-08-21 00:00:00,6.8,true
TT00524,TR0085,2025-08-21 04:00:00,4.4,true
TT00525,TR0085,2025-08-21 08:00:00,3.4,true
TT00526,TR0085,2025-08-21 12:00:00,6.8,true
TT00527,TR0085,2025-08-21 16:00:00,6.0,true
TT00528,TR0085,2025-08-21 20:00:00,4.1,true
TT00529,TR0086,2025-08-15 00:00:00,6.6,true
TT00530,TR0086,2025-08-15 04:00:00,3.1,true
TT00531,TR0086,2025-08-15 08:00:00,3.4,true
TT00532,TR0086,2025-08-15 12:00:00,6.7,true
TT00533,TR0086,2025-08-15 16:00:00,4.9,true
TT00534,TR0086,2025-08-15 20:00:00,3.7,true
TT00535,TR0086,2025-08-15 24:00:00,2.4,true
TT00536,TR0087,2025-07-12 00:00:00,3.7,true
TT00537,TR0087,2025-07-12 04:00:00,2.0,true
TT00538,TR0087,2025-07-12 08:00:00,5.8,true
TT00539,TR0087,2025-07-12 12:00:00,2.7,true
TT00540,TR0087,2025-07-12 16:00:00,6.0,true
TT00541,TR0087,2025-07-12 20:00:00,5.1,true
TT00542,TR0087,2025-07-12 24:00:00,5.2,true
TT00543,TR0088,2025-11-16 00:00:00,6.2,true
TT00544,TR0088,2025-11-16 04:00:00,4.5,true
TT00545,TR0088,2025-11-16 08:00:00,6.5,true
TT00546,TR0088,2025-11-16 12:00:00,6.8,true
TT00547,TR0088,2025-11-16 16:00:00,4.0,true
TT00548,TR0089,2025-08-06 00:00:00,6.7,true
TT00549,TR0089,2025-08-06 04:00:00,4.1,true
TT00550,TR0089,2025-08-06 08:00:00,4.6,true
TT00551,TR0089,2025-08-06 12:00:00,3.3,true
TT00552,TR0089,2025-08-06 16:00:00,5.8,true
TT00553,TR0090,2025-10-06 00:00:00,5.6,true
TT00554,TR0090,2025-10-06 04:00:00,4.7,true
TT00555,TR0090,2025-10-06 08:00:00,6.6,true
TT00556,TR0090,2025-10-06 12:00:00,6.2,true
TT00557,TR0090,2025-10-06 16:00:00,2.8,true
TT00558,TR0090,2025-10-06 20:00:00,4.1,true
TT00559,TR0091,2025-07-24 00:00:00,2.2,true
TT00560,TR0091,2025-07-24 04:00:00,5.8,true
TT00561,TR0091,2025-07-24 08:00:00,6.4,true
TT00562,TR0091,2025-07-24 12:00:00,3.6,true
TT00563,TR0092,2025-10-22 00:00:00,5.5,true
TT00564,TR0092,2025-10-22 04:00:00,5.1,true
TT00565,TR0092,2025-10-22 08:00:00,5.1,true
TT00566,TR0092,2025-10-22 12:00:00,2.6,true
TT00567,TR0092,2025-10-22 16:00:00,4.5,true
TT00568,TR0093,2025-10-14 00:00:00,3.1,true
TT00569,TR0093,2025-10-14 04:00:00,3.8,true
TT00570,TR0093,2025-10-14 08:00:00,5.1,true
TT00571,TR0093,2025-10-14 12:00:00,4.2,true
TT00572,TR0093,2025-10-14 16:00:00,4.7,true
TT00573,TR0093,2025-10-14 20:00:00,6.4,true
TT00574,TR0094,2025-07-01 00:00:00,6.5,true
TT00575,TR0094,2025-07-01 04:00:00,5.2,true
TT00576,TR0094,2025-07-01 08:00:00,6.6,true
TT00577,TR0094,2025-07-01 12:00:00,3.9,true
TT00578,TR0095,2025-09-09 00:00:00,5.9,true
TT00579,TR0095,2025-09-09 04:00:00,5.2,true
TT00580,TR0095,2025-09-09 08:00:00,5.0,true
TT00581,TR0095,2025-09-09 12:00:00,6.1,true
TT00582,TR0095,2025-09-09 16:00:00,3.3,true
TT00583,TR0095,2025-09-09 20:00:00,2.3,true
TT00584,TR0096,2025-10-10 00:00:00,3.0,true
TT00585,TR0096,2025-10-10 04:00:00,6.8,true
TT00586,TR0096,2025-10-10 08:00:00,6.3,true
TT00587,TR0096,2025-10-10 12:00:00,5.8,true
TT00588,TR0096,2025-10-10 16:00:00,4.7,true
TT00589,TR0097,2025-10-15 00:00:00,2.2,true
TT00590,TR0097,2025-10-15 04:00:00,3.0,true
TT00591,TR0097,2025-10-15 08:00:00,6.0,true
TT00592,TR0097,2025-10-15 12:00:00,4.8,true
TT00593,TR0097,2025-10-15 16:00:00,4.7,true
TT00594,TR0097,2025-10-15 20:00:00,4.2,true
TT00595,TR0097,2025-10-15 24:00:00,4.7,true
TT00596,TR0097,2025-10-15 28:00:00,4.0,true
TT00597,TR0098,2025-09-16 00:00:00,2.1,true
TT00598,TR0098,2025-09-16 04:00:00,16.3,false
TT00599,TR0098,2025-09-16 08:00:00,6.5,true
TT00600,TR0098,2025-09-16 12:00:00,4.1,true
TT00601,TR0098,2025-09-16 16:00:00,5.1,true
TT00602,TR0098,2025-09-16 20:00:00,3.5,true
TT00603,TR0098,2025-09-16 24:00:00,4.5,true
TT00604,TR0098,2025-09-16 28:00:00,12.6,false
TT00605,TR0099,2025-08-19 00:00:00,5.0,true
TT00606,TR0099,2025-08-19 04:00:00,2.3,true
TT00607,TR0099,2025-08-19 08:00:00,5.8,true
TT00608,TR0099,2025-08-19 12:00:00,2.1,true
TT00609,TR0099,2025-08-19 16:00:00,6.0,true
TT00610,TR0100,2025-09-15 00:00:00,2.3,true
TT00611,TR0100,2025-09-15 04:00:00,5.8,true
TT00612,TR0100,2025-09-15 08:00:00,3.8,true
TT00613,TR0100,2025-09-15 12:00:00,2.0,true
TT00614,TR0100,2025-09-15 16:00:00,2.2,true
TT00615,TR0100,2025-09-15 20:00:00,4.8,true
TT00616,TR0101,2025-08-18 00:00:00,4.8,true
TT00617,TR0101,2025-08-18 04:00:00,6.4,true
TT00618,TR0101,2025-08-18 08:00:00,6.8,true
TT00619,TR0101,2025-08-18 12:00:00,2.7,true
TT00620,TR0101,2025-08-18 16:00:00,2.7,true
TT00621,TR0102,2025-09-11 00:00:00,5.3,true
TT00622,TR0102,2025-09-11 04:00:00,5.4,true
TT00623,TR0102,2025-09-11 08:00:00,6.4,true
TT00624,TR0102,2025-09-11 12:00:00,3.2,true
TT00625,TR0103,2025-11-21 00:00:00,2.9,true
TT00626,TR0103,2025-11-21 04:00:00,2.2,true
TT00627,TR0103,2025-11-21 08:00:00,2.1,true
TT00628,TR0103,2025-11-21 12:00:00,4.2,true
TT00629,TR0103,2025-11-21 16:00:00,2.8,true
TT00630,TR0104,2025-11-07 00:00:00,2.8,true
TT00631,TR0104,2025-11-07 04:00:00,5.9,true
TT00632,TR0104,2025-11-07 08:00:00,6.2,true
TT00633,TR0104,2025-11-07 12:00:00,4.9,true
TT00634,TR0104,2025-11-07 16:00:00,6.9,true
TT00635,TR0105,2025-11-20 00:00:00,6.3,true
TT00636,TR0105,2025-11-20 04:00:00,3.0,true
TT00637,TR0105,2025-11-20 08:00:00,3.2,true
TT00638,TR0105,2025-11-20 12:00:00,3.8,true
TT00639,TR0105,2025-11-20 16:00:00,2.6,true
TT00640,TR0106,2025-09-24 00:00:00,14.5,false
TT00641,TR0106,2025-09-24 04:00:00,5.8,true
TT00642,TR0106,2025-09-24 08:00:00,2.1,true
TT00643,TR0106,2025-09-24 12:00:00,11.3,false
TT00644,TR0106,2025-09-24 16:00:00,14.0,false
TT00645,TR0107,2025-10-09 00:00:00,6.8,true
TT00646,TR0107,2025-10-09 04:00:00,6.7,true
TT00647,TR0107,2025-10-09 08:00:00,4.7,true
TT00648,TR0107,2025-10-09 12:00:00,6.0,true
TT00649,TR0107,2025-10-09 16:00:00,5.9,true
TT00650,TR0108,2025-08-18 00:00:00,5.9,true
TT00651,TR0108,2025-08-18 04:00:00,6.2,true
TT00652,TR0108,2025-08-18 08:00:00,4.2,true
TT00653,TR0108,2025-08-18 12:00:00,2.7,true
TT00654,TR0108,2025-08-18 16:00:00,3.2,true
TT00655,TR0108,2025-08-18 20:00:00,4.3,true
TT00656,TR0109,2025-08-21 00:00:00,3.6,true
TT00657,TR0109,2025-08-21 04:00:00,2.2,true
TT00658,TR0109,2025-08-21 08:00:00,2.8,true
TT00659,TR0109,2025-08-21 12:00:00,6.5,true
TT00660,TR0109,2025-08-21 16:00:00,3.7,true
TT00661,TR0109,2025-08-21 20:00:00,2.2,true
TT00662,TR0109,2025-08-21 24:00:00,3.3,true
TT00663,TR0110,2025-09-07 00:00:00,7.0,true
TT00664,TR0110,2025-09-07 04:00:00,2.9,true
TT00665,TR0110,2025-09-07 08:00:00,6.5,true
TT00666,TR0110,2025-09-07 12:00:00,2.5,true
TT00667,TR0110,2025-09-07 16:00:00,6.7,true
TT00668,TR0110,2025-09-07 20:00:00,6.7,true
TT00669,TR0111,2025-10-06 00:00:00,13.5,false
TT00670,TR0111,2025-10-06 04:00:00,10.6,false
TT00671,TR0111,2025-10-06 08:00:00,15.3,false
TT00672,TR0111,2025-10-06 12:00:00,12.1,false
TT00673,TR0111,2025-10-06 16:00:00,13.8,false
TT00674,TR0111,2025-10-06 20:00:00,17.3,false
TT00675,TR0111,2025-10-06 24:00:00,3.8,true
TT00676,TR0112,2025-08-21 00:00:00,6.6,true
TT00677,TR0112,2025-08-21 04:00:00,3.6,true
TT00678,TR0112,2025-08-21 08:00:00,3.1,true
TT00679,TR0112,2025-08-21 12:00:00,3.9,true
TT00680,TR0112,2025-08-21 16:00:00,3.2,true
TT00681,TR0112,2025-08-21 20:00:00,3.1,true
TT00682,TR0113,2025-10-20 00:00:00,6.2,true
TT00683,TR0113,2025-10-20 04:00:00,4.5,true
TT00684,TR0113,2025-10-20 08:00:00,3.0,true
TT00685,TR0113,2025-10-20 12:00:00,4.2,true
TT00686,TR0113,2025-10-20 16:00:00,2.3,true
TT00687,TR0114,2025-09-01 00:00:00,5.6,true
TT00688,TR0114,2025-09-01 04:00:00,5.6,true
TT00689,TR0114,2025-09-01 08:00:00,3.5,true
TT00690,TR0114,2025-09-01 12:00:00,4.7,true
TT00691,TR0114,2025-09-01 16:00:00,6.1,true
TT00692,TR0114,2025-09-01 20:00:00,3.8,true
TT00693,TR0114,2025-09-01 24:00:00,2.4,true
TT00694,TR0114,2025-09-01 28:00:00,6.4,true
TT00695,TR0115,2025-07-13 00:00:00,4.3,true
TT00696,TR0115,2025-07-13 04:00:00,5.0,true
TT00697,TR0115,2025-07-13 08:00:00,5.1,true
TT00698,TR0115,2025-07-13 12:00:00,2.1,true
TT00699,TR0115,2025-07-13 16:00:00,5.5,true
TT00700,TR0115,2025-07-13 20:00:00,3.6,true
TT00701,TR0115,2025-07-13 24:00:00,5.5,true
TT00702,TR0116,2025-10-11 00:00:00,3.4,true
TT00703,TR0116,2025-10-11 04:00:00,6.2,true
TT00704,TR0116,2025-10-11 08:00:00,5.8,true
TT00705,TR0116,2025-10-11 12:00:00,5.1,true
TT00706,TR0116,2025-10-11 16:00:00,5.9,true
TT00707,TR0117,2025-11-07 00:00:00,3.7,true
TT00708,TR0117,2025-11-07 04:00:00,2.9,true
TT00709,TR0117,2025-11-07 08:00:00,5.1,true
TT00710,TR0117,2025-11-07 12:00:00,2.9,true
TT00711,TR0117,2025-11-07 16:00:00,5.7,true
TT00712,TR0117,2025-11-07 20:00:00,5.4,true
TT00713,TR0117,2025-11-07 24:00:00,5.4,true
TT00714,TR0118,2025-11-08 00:00:00,6.1,true
TT00715,TR0118,2025-11-08 04:00:00,5.9,true
TT00716,TR0118,2025-11-08 08:00:00,2.1,true
TT00717,TR0118,2025-11-08 12:00:00,4.0,true
TT00718,TR0118,2025-11-08 16:00:00,4.6,true
TT00719,TR0118,2025-11-08 20:00:00,4.4,true
TT00720,TR0118,2025-11-08 24:00:00,5.2,true
TT00721,TR0119,2025-07-17 00:00:00,2.4,true
TT00722,TR0119,2025-07-17 04:00:00,4.7,true
TT00723,TR0119,2025-07-17 08:00:00,4.9,true
TT00724,TR0119,2025-07-17 12:00:00,4.8,true
TT00725,TR0119,2025-07-17 16:00:00,4.1,true
TT00726,TR0119,2025-07-17 20:00:00,3.0,true
TT00727,TR0120,2025-08-22 00:00:00,3.1,true
TT00728,TR0120,2025-08-22 04:00:00,2.3,true
TT00729,TR0120,2025-08-22 08:00:00,6.8,true
TT00730,TR0120,2025-08-22 12:00:00,6.2,true
TT00731,TR0120,2025-08-22 16:00:00,6.9,true
TT00732,TR0120,2025-08-22 20:00:00,7.0,true
TT00733,TR0121,2025-07-23 00:00:00,5.9,true
TT00734,TR0121,2025-07-23 04:00:00,4.8,true
TT00735,TR0121,2025-07-23 08:00:00,2.8,true
TT00736,TR0121,2025-07-23 12:00:00,2.3,true
TT00737,TR0121,2025-07-23 16:00:00,6.6,true
TT00738,TR0121,2025-07-23 20:00:00,4.6,true
TT00739,TR0121,2025-07-23 24:00:00,4.7,true
TT00740,TR0122,2025-11-19 00:00:00,6.2,true
TT00741,TR0122,2025-11-19 04:00:00,3.0,true
TT00742,TR0122,2025-11-19 08:00:00,4.8,true
TT00743,TR0122,2025-11-19 12:00:00,4.6,true
TT00744,TR0122,2025-11-19 16:00:00,5.8,true
TT00745,TR0122,2025-11-19 20:00:00,6.3,true
TT00746,TR0122,2025-11-19 24:00:00,5.7,true
TT00747,TR0123,2025-09-25 00:00:00,5.3,true
TT00748,TR0123,2025-09-25 04:00:00,6.4,true
TT00749,TR0123,2025-09-25 08:00:00,3.0,true
TT00750,TR0123,2025-09-25 12:00:00,3.2,true
TT00751,TR0123,2025-09-25 16:00:00,6.7,true
TT00752,TR0123,2025-09-25 20:00:00,4.5,true
TT00753,TR0123,2025-09-25 24:00:00,3.2,true
TT00754,TR0124,2025-11-13 00:00:00,5.9,true
TT00755,TR0124,2025-11-13 04:00:00,6.0,true
TT00756,TR0124,2025-11-13 08:00:00,4.1,true
TT00757,TR0124,2025-11-13 12:00:00,2.5,true
TT00758,TR0124,2025-11-13 16:00:00,3.6,true
TT00759,TR0125,2025-10-04 00:00:00,6.0,true
TT00760,TR0125,2025-10-04 04:00:00,5.1,true
TT00761,TR0125,2025-10-04 08:00:00,2.8,true
TT00762,TR0125,2025-10-04 12:00:00,4.5,true
TT00763,TR0125,2025-10-04 16:00:00,2.1,true
TT00764,TR0126,2025-07-25 00:00:00,3.3,true
TT00765,TR0126,2025-07-25 04:00:00,2.2,true
TT00766,TR0126,2025-07-25 08:00:00,6.8,true
TT00767,TR0126,2025-07-25 12:00:00,2.5,true
TT00768,TR0126,2025-07-25 16:00:00,4.1,true
TT00769,TR0126,2025-07-25 20:00:00,4.2,true
TT00770,TR0127,2025-10-05 00:00:00,6.1,true
TT00771,TR0127,2025-10-05 04:00:00,4.7,true
TT00772,TR0127,2025-10-05 08:00:00,4.3,true
TT00773,TR0127,2025-10-05 12:00:00,6.4,true
TT00774,TR0127,2025-10-05 16:00:00,6.3,true
TT00775,TR0128,2025-10-24 00:00:00,2.8,true
TT00776,TR0128,2025-10-24 04:00:00,3.8,true
TT00777,TR0128,2025-10-24 08:00:00,3.2,true
TT00778,TR0128,2025-10-24 12:00:00,6.8,true
TT00779,TR0128,2025-10-24 16:00:00,3.9,true
TT00780,TR0129,2025-09-02 00:00:00,6.1,true
TT00781,TR0129,2025-09-02 04:00:00,5.9,true
TT00782,TR0129,2025-09-02 08:00:00,6.7,true
TT00783,TR0129,2025-09-02 12:00:00,5.6,true
TT00784,TR0129,2025-09-02 16:00:00,2.8,true
TT00785,TR0129,2025-09-02 20:00:00,6.8,true
TT00786,TR0130,2025-10-19 00:00:00,4.0,true
TT00787,TR0130,2025-10-19 04:00:00,3.9,true
TT00788,TR0130,2025-10-19 08:00:00,4.7,true
TT00789,TR0130,2025-10-19 12:00:00,2.7,true
TT00790,TR0130,2025-10-19 16:00:00,5.0,true
TT00791,TR0131,2025-10-21 00:00:00,3.2,true
TT00792,TR0131,2025-10-21 04:00:00,5.7,true
TT00793,TR0131,2025-10-21 08:00:00,2.1,true
TT00794,TR0131,2025-10-21 12:00:00,2.4,true
TT00795,TR0131,2025-10-21 16:00:00,6.1,true
TT00796,TR0131,2025-10-21 20:00:00,4.2,true
TT00797,TR0131,2025-10-21 24:00:00,2.6,true
TT00798,TR0131,2025-10-21 28:00:00,2.2,true
TT00799,TR0132,2025-07-01 00:00:00,3.1,true
TT00800,TR0132,2025-07-01 04:00:00,3.7,true
TT00801,TR0132,2025-07-01 08:00:00,3.3,true
TT00802,TR0132,2025-07-01 12:00:00,2.9,true
TT00803,TR0132,2025-07-01 16:00:00,4.2,true
TT00804,TR0132,2025-07-01 20:00:00,4.3,true
TT00805,TR0132,2025-07-01 24:00:00,2.3,true
TT00806,TR0133,2025-08-01 00:00:00,2.8,true
TT00807,TR0133,2025-08-01 04:00:00,3.1,true
TT00808,TR0133,2025-08-01 08:00:00,6.1,true
TT00809,TR0133,2025-08-01 12:00:00,5.3,true
TT00810,TR0134,2025-10-21 00:00:00,6.5,true
TT00811,TR0134,2025-10-21 04:00:00,2.4,true
TT00812,TR0134,2025-10-21 08:00:00,6.0,true
TT00813,TR0134,2025-10-21 12:00:00,5.4,true
TT00814,TR0134,2025-10-21 16:00:00,2.0,true
TT00815,TR0134,2025-10-21 20:00:00,6.9,true
TT00816,TR0134,2025-10-21 24:00:00,3.1,true
TT00817,TR0134,2025-10-21 28:00:00,2.5,true
TT00818,TR0135,2025-08-09 00:00:00,2.5,true
TT00819,TR0135,2025-08-09 04:00:00,4.1,true
TT00820,TR0135,2025-08-09 08:00:00,3.9,true
TT00821,TR0135,2025-08-09 12:00:00,7.0,true
TT00822,TR0135,2025-08-09 16:00:00,4.4,true
TT00823,TR0135,2025-08-09 20:00:00,5.0,true
TT00824,TR0136,2025-09-22 00:00:00,3.7,true
TT00825,TR0136,2025-09-22 04:00:00,4.7,true
TT00826,TR0136,2025-09-22 08:00:00,5.3,true
TT00827,TR0136,2025-09-22 12:00:00,5.3,true
TT00828,TR0136,2025-09-22 16:00:00,4.0,true
TT00829,TR0136,2025-09-22 20:00:00,4.4,true
TT00830,TR0136,2025-09-22 24:00:00,2.7,true
TT00831,TR0136,2025-09-22 28:00:00,3.7,true
TT00832,TR0137,2025-11-16 00:00:00,4.3,true
TT00833,TR0137,2025-11-16 04:00:00,4.2,true
TT00834,TR0137,2025-11-16 08:00:00,4.1,true
TT00835,TR0137,2025-11-16 12:00:00,4.4,true
TT00836,TR0137,2025-11-16 16:00:00,4.5,true
TT00837,TR0137,2025-11-16 20:00:00,4.6,true
TT00838,TR0138,2025-11-17 00:00:00,6.9,true
TT00839,TR0138,2025-11-17 04:00:00,2.1,true
TT00840,TR0138,2025-11-17 08:00:00,5.3,true
TT00841,TR0138,2025-11-17 12:00:00,3.0,true
TT00842,TR0138,2025-11-17 16:00:00,4.5,true
TT00843,TR0139,2025-11-22 00:00:00,2.3,true
TT00844,TR0139,2025-11-22 04:00:00,6.7,true
TT00845,TR0139,2025-11-22 08:00:00,3.3,true
TT00846,TR0139,2025-11-22 12:00:00,3.3,true
TT00847,TR0140,2025-10-03 00:00:00,4.2,true
TT00848,TR0140,2025-10-03 04:00:00,4.1,true
TT00849,TR0140,2025-10-03 08:00:00,5.9,true
TT00850,TR0140,2025-10-03 12:00:00,3.2,true
TT00851,TR0140,2025-10-03 16:00:00,4.2,true
TT00852,TR0140,2025-10-03 20:00:00,3.8,true
TT00853,TR0140,2025-10-03 24:00:00,2.7,true
TT00854,TR0140,2025-10-03 28:00:00,5.5,true
TT00855,TR0141,2025-09-17 00:00:00,3.0,true
TT00856,TR0141,2025-09-17 04:00:00,6.7,true
TT00857,TR0141,2025-09-17 08:00:00,3.0,true
TT00858,TR0141,2025-09-17 12:00:00,2.8,true
TT00859,TR0141,2025-09-17 16:00:00,4.4,true
TT00860,TR0141,2025-09-17 20:00:00,3.1,true
TT00861,TR0141,2025-09-17 24:00:00,3.6,true
TT00862,TR0141,2025-09-17 28:00:00,3.9,true
TT00863,TR0142,2025-07-13 00:00:00,3.4,true
TT00864,TR0142,2025-07-13 04:00:00,4.8,true
TT00865,TR0142,2025-07-13 08:00:00,4.8,true
TT00866,TR0142,2025-07-13 12:00:00,2.9,true
TT00867,TR0142,2025-07-13 16:00:00,2.5,true
TT00868,TR0142,2025-07-13 20:00:00,2.1,true
TT00869,TR0142,2025-07-13 24:00:00,6.2,true
TT00870,TR0142,2025-07-13 28:00:00,6.7,true
TT00871,TR0143,2025-08-18 00:00:00,5.8,true
TT00872,TR0143,2025-08-18 04:00:00,4.0,true
TT00873,TR0143,2025-08-18 08:00:00,4.3,true
TT00874,TR0143,2025-08-18 12:00:00,3.2,true
TT00875,TR0143,2025-08-18 16:00:00,6.2,true
TT00876,TR0143,2025-08-18 20:00:00,3.0,true
TT00877,TR0143,2025-08-18 24:00:00,6.6,true
TT00878,TR0143,2025-08-18 28:00:00,6.2,true
TT00879,TR0144,2025-11-06 00:00:00,2.2,true
TT00880,TR0144,2025-11-06 04:00:00,5.2,true
TT00881,TR0144,2025-11-06 08:00:00,5.1,true
TT00882,TR0144,2025-11-06 12:00:00,4.5,true
TT00883,TR0144,2025-11-06 16:00:00,4.0,true
TT00884,TR0144,2025-11-06 20:00:00,3.5,true
TT00885,TR0145,2025-07-15 00:00:00,4.6,true
TT00886,TR0145,2025-07-15 04:00:00,2.2,true
TT00887,TR0145,2025-07-15 08:00:00,6.6,true
TT00888,TR0145,2025-07-15 12:00:00,4.2,true
TT00889,TR0145,2025-07-15 16:00:00,4.9,true
TT00890,TR0145,2025-07-15 20:00:00,4.4,true
TT00891,TR0146,2025-10-04 00:00:00,4.8,true
TT00892,TR0146,2025-10-04 04:00:00,4.5,true
TT00893,TR0146,2025-10-04 08:00:00,6.0,true
TT00894,TR0146,2025-10-04 12:00:00,5.2,true
TT00895,TR0146,2025-10-04 16:00:00,5.7,true
TT00896,TR0146,2025-10-04 20:00:00,5.4,true
TT00897,TR0147,2025-08-15 00:00:00,5.1,true
TT00898,TR0147,2025-08-15 04:00:00,2.4,true
TT00899,TR0147,2025-08-15 08:00:00,5.2,true
TT00900,TR0147,2025-08-15 12:00:00,3.9,true
TT00901,TR0147,2025-08-15 16:00:00,4.0,true
TT00902,TR0148,2025-09-08 00:00:00,2.9,true
TT00903,TR0148,2025-09-08 04:00:00,4.1,true
TT00904,TR0148,2025-09-08 08:00:00,6.4,true
TT00905,TR0148,2025-09-08 12:00:00,4.2,true
TT00906,TR0148,2025-09-08 16:00:00,6.3,true
TT00907,TR0148,2025-09-08 20:00:00,2.5,true
TT00908,TR0148,2025-09-08 24:00:00,5.3,true
TT00909,TR0149,2025-07-23 00:00:00,4.1,true
TT00910,TR0149,2025-07-23 04:00:00,2.2,true
TT00911,TR0149,2025-07-23 08:00:00,3.2,true
TT00912,TR0149,2025-07-23 12:00:00,5.8,true
TT00913,TR0149,2025-07-23 16:00:00,4.5,true
TT00914,TR0149,2025-07-23 20:00:00,4.0,true
TT00915,TR0150,2025-07-17 00:00:00,6.6,true
TT00916,TR0150,2025-07-17 04:00:00,3.2,true
TT00917,TR0150,2025-07-17 08:00:00,4.2,true
TT00918,TR0150,2025-07-17 12:00:00,4.3,true
TT00919,TR0150,2025-07-17 16:00:00,3.1,true
TT00920,TR0150,2025-07-17 20:00:00,6.1,true
TT00921,TR0150,2025-07-17 24:00:00,6.1,true
TT00922,TR0150,2025-07-17 28:00:00,3.6,true
TT00923,TR0151,2025-11-21 00:00:00,2.5,true
TT00924,TR0151,2025-11-21 04:00:00,3.9,true
TT00925,TR0151,2025-11-21 08:00:00,3.8,true
TT00926,TR0151,2025-11-21 12:00:00,6.6,true
TT00927,TR0151,2025-11-21 16:00:00,6.8,true
TT00928,TR0151,2025-11-21 20:00:00,2.0,true
TT00929,TR0151,2025-11-21 24:00:00,2.8,true
TT00930,TR0151,2025-11-21 28:00:00,5.6,true
TT00931,TR0152,2025-10-19 00:00:00,2.2,true
TT00932,TR0152,2025-10-19 04:00:00,4.9,true
TT00933,TR0152,2025-10-19 08:00:00,5.3,true
TT00934,TR0152,2025-10-19 12:00:00,6.7,true
TT00935,TR0152,2025-10-19 16:00:00,5.5,true
TT00936,TR0152,2025-10-19 20:00:00,4.2,true
TT00937,TR0153,2025-11-17 00:00:00,4.0,true
TT00938,TR0153,2025-11-17 04:00:00,6.6,true
TT00939,TR0153,2025-11-17 08:00:00,2.7,true
TT00940,TR0153,2025-11-17 12:00:00,6.5,true
TT00941,TR0153,2025-11-17 16:00:00,3.0,true
TT00942,TR0153,2025-11-17 20:00:00,3.0,true
TT00943,TR0154,2025-09-13 00:00:00,3.6,true
TT00944,TR0154,2025-09-13 04:00:00,5.8,true
TT00945,TR0154,2025-09-13 08:00:00,5.6,true
TT00946,TR0154,2025-09-13 12:00:00,5.9,true
TT00947,TR0154,2025-09-13 16:00:00,4.4,true
TT00948,TR0154,2025-09-13 20:00:00,3.3,true
TT00949,TR0155,2025-07-01 00:00:00,5.0,true
TT00950,TR0155,2025-07-01 04:00:00,5.8,true
TT00951,TR0155,2025-07-01 08:00:00,5.2,true
TT00952,TR0155,2025-07-01 12:00:00,3.5,true
TT00953,TR0155,2025-07-01 16:00:00,6.3,true
TT00954,TR0155,2025-07-01 20:00:00,3.0,true
TT00955,TR0155,2025-07-01 24:00:00,5.3,true
TT00956,TR0155,2025-07-01 28:00:00,2.5,true
TT00957,TR0156,2025-11-20 00:00:00,6.0,true
TT00958,TR0156,2025-11-20 04:00:00,6.8,true
TT00959,TR0156,2025-11-20 08:00:00,3.7,true
TT00960,TR0156,2025-11-20 12:00:00,4.7,true
TT00961,TR0156,2025-11-20 16:00:00,6.2,true
TT00962,TR0156,2025-11-20 20:00:00,3.1,true
TT00963,TR0157,2025-10-18 00:00:00,3.5,true
TT00964,TR0157,2025-10-18 04:00:00,7.0,true
TT00965,TR0157,2025-10-18 08:00:00,4.7,true
TT00966,TR0157,2025-10-18 12:00:00,2.3,true
TT00967,TR0157,2025-10-18 16:00:00,2.6,true
TT00968,TR0157,2025-10-18 20:00:00,2.8,true
TT00969,TR0158,2025-07-25 00:00:00,2.7,true
TT00970,TR0158,2025-07-25 04:00:00,5.9,true
TT00971,TR0158,2025-07-25 08:00:00,3.6,true
TT00972,TR0158,2025-07-25 12:00:00,5.8,true
TT00973,TR0158,2025-07-25 16:00:00,4.1,true
TT00974,TR0158,2025-07-25 20:00:00,3.4,true
TT00975,TR0159,2025-08-15 00:00:00,5.8,true
TT00976,TR0159,2025-08-15 04:00:00,6.9,true
TT00977,TR0159,2025-08-15 08:00:00,5.7,true
TT00978,TR0159,2025-08-15 12:00:00,5.2,true
TT00979,TR0159,2025-08-15 16:00:00,15.6,false
TT00980,TR0160,2025-07-02 00:00:00,5.6,true
TT00981,TR0160,2025-07-02 04:00:00,2.1,true
TT00982,TR0160,2025-07-02 08:00:00,5.1,true
TT00983,TR0160,2025-07-02 12:00:00,4.1,true
TT00984,TR0161,2025-08-23 00:00:00,2.4,true
TT00985,TR0161,2025-08-23 04:00:00,6.3,true
TT00986,TR0161,2025-08-23 08:00:00,2.5,true
TT00987,TR0161,2025-08-23 12:00:00,5.3,true
TT00988,TR0161,2025-08-23 16:00:00,7.0,true
TT00989,TR0161,2025-08-23 20:00:00,5.5,true
TT00990,TR0161,2025-08-23 24:00:00,3.0,true
TT00991,TR0162,2025-11-07 00:00:00,5.8,true
TT00992,TR0162,2025-11-07 04:00:00,6.3,true
TT00993,TR0162,2025-11-07 08:00:00,3.7,true
TT00994,TR0162,2025-11-07 12:00:00,4.6,true
TT00995,TR0162,2025-11-07 16:00:00,3.0,true
TT00996,TR0162,2025-11-07 20:00:00,6.0,true
TT00997,TR0162,2025-11-07 24:00:00,3.7,true
TT00998,TR0163,2025-10-11 00:00:00,6.0,true
TT00999,TR0163,2025-10-11 04:00:00,5.9,true
TT01000,TR0163,2025-10-11 08:00:00,3.0,true
TT01001,TR0163,2025-10-11 12:00:00,2.9,true
TT01002,TR0163,2025-10-11 16:00:00,2.9,true
TT01003,TR0163,2025-10-11 20:00:00,6.0,true
TT01004,TR0163,2025-10-11 24:00:00,5.8,true
TT01005,TR0164,2025-07-22 00:00:00,6.6,true
TT01006,TR0164,2025-07-22 04:00:00,2.6,true
TT01007,TR0164,2025-07-22 08:00:00,5.8,true
TT01008,TR0164,2025-07-22 12:00:00,5.9,true
TT01009,TR0164,2025-07-22 16:00:00,7.0,true
TT01010,TR0164,2025-07-22 20:00:00,4.9,true
TT01011,TR0165,2025-08-03 00:00:00,3.0,true
TT01012,TR0165,2025-08-03 04:00:00,6.8,true
TT01013,TR0165,2025-08-03 08:00:00,5.0,true
TT01014,TR0165,2025-08-03 12:00:00,3.9,true
TT01015,TR0165,2025-08-03 16:00:00,2.5,true
TT01016,TR0165,2025-08-03 20:00:00,2.5,true
TT01017,TR0165,2025-08-03 24:00:00,4.4,true
TT01018,TR0166,2025-08-24 00:00:00,5.8,true
TT01019,TR0166,2025-08-24 04:00:00,2.3,true
TT01020,TR0166,2025-08-24 08:00:00,5.7,true
TT01021,TR0166,2025-08-24 12:00:00,2.9,true
TT01022,TR0166,2025-08-24 16:00:00,6.4,true
TT01023,TR0166,2025-08-24 20:00:00,6.3,true
TT01024,TR0166,2025-08-24 24:00:00,4.3,true
TT01025,TR0166,2025-08-24 28:00:00,2.9,true
TT01026,TR0167,2025-08-10 00:00:00,6.6,true
TT01027,TR0167,2025-08-10 04:00:00,2.2,true
TT01028,TR0167,2025-08-10 08:00:00,4.2,true
TT01029,TR0167,2025-08-10 12:00:00,2.5,true
TT01030,TR0167,2025-08-10 16:00:00,6.9,true
TT01031,TR0167,2025-08-10 20:00:00,4.8,true
TT01032,TR0168,2025-08-12 00:00:00,5.2,true
TT01033,TR0168,2025-08-12 04:00:00,6.4,true
TT01034,TR0168,2025-08-12 08:00:00,6.1,true
TT01035,TR0168,2025-08-12 12:00:00,6.7,true
TT01036,TR0168,2025-08-12 16:00:00,5.5,true
TT01037,TR0168,2025-08-12 20:00:00,5.7,true
TT01038,TR0168,2025-08-12 24:00:00,2.4,true
TT01039,TR0169,2025-08-13 00:00:00,4.1,true
TT01040,TR0169,2025-08-13 04:00:00,5.9,true
TT01041,TR0169,2025-08-13 08:00:00,4.4,true
TT01042,TR0169,2025-08-13 12:00:00,2.4,true
TT01043,TR0169,2025-08-13 16:00:00,6.9,true
TT01044,TR0169,2025-08-13 20:00:00,5.4,true
TT01045,TR0169,2025-08-13 24:00:00,5.0,true
TT01046,TR0169,2025-08-13 28:00:00,3.0,true
TT01047,TR0170,2025-07-11 00:00:00,3.5,true
TT01048,TR0170,2025-07-11 04:00:00,2.3,true
TT01049,TR0170,2025-07-11 08:00:00,2.0,true
TT01050,TR0170,2025-07-11 12:00:00,5.8,true
TT01051,TR0170,2025-07-11 16:00:00,2.5,true
TT01052,TR0171,2025-09-09 00:00:00,3.9,true
TT01053,TR0171,2025-09-09 04:00:00,3.0,true
TT01054,TR0171,2025-09-09 08:00:00,4.7,true
TT01055,TR0171,2025-09-09 12:00:00,4.3,true
TT01056,TR0172,2025-09-24 00:00:00,3.9,true
TT01057,TR0172,2025-09-24 04:00:00,2.7,true
TT01058,TR0172,2025-09-24 08:00:00,2.4,true
TT01059,TR0172,2025-09-24 12:00:00,3.4,true
TT01060,TR0173,2025-08-16 00:00:00,3.2,true
TT01061,TR0173,2025-08-16 04:00:00,5.4,true
TT01062,TR0173,2025-08-16 08:00:00,4.3,true
TT01063,TR0173,2025-08-16 12:00:00,6.1,true
TT01064,TR0173,2025-08-16 16:00:00,4.3,true
TT01065,TR0173,2025-08-16 20:00:00,2.6,true
TT01066,TR0173,2025-08-16 24:00:00,5.0,true
TT01067,TR0173,2025-08-16 28:00:00,6.4,true
TT01068,TR0174,2025-09-21 00:00:00,3.1,true
TT01069,TR0174,2025-09-21 04:00:00,6.8,true
TT01070,TR0174,2025-09-21 08:00:00,5.6,true
TT01071,TR0174,2025-09-21 12:00:00,4.8,true
TT01072,TR0174,2025-09-21 16:00:00,2.5,true
TT01073,TR0175,2025-10-19 00:00:00,2.0,true
TT01074,TR0175,2025-10-19 04:00:00,5.1,true
TT01075,TR0175,2025-10-19 08:00:00,2.5,true
TT01076,TR0175,2025-10-19 12:00:00,4.3,true
TT01077,TR0175,2025-10-19 16:00:00,2.6,true
TT01078,TR0175,2025-10-19 20:00:00,4.5,true
TT01079,TR0175,2025-10-19 24:00:00,6.0,true
TT01080,TR0175,2025-10-19 28:00:00,6.8,true
TT01081,TR0176,2025-10-23 00:00:00,3.2,true
TT01082,TR0176,2025-10-23 04:00:00,6.4,true
TT01083,TR0176,2025-10-23 08:00:00,6.9,true
TT01084,TR0176,2025-10-23 12:00:00,3.8,true
TT01085,TR0176,2025-10-23 16:00:00,4.5,true
TT01086,TR0177,2025-07-14 00:00:00,6.2,true
TT01087,TR0177,2025-07-14 04:00:00,2.9,true
TT01088,TR0177,2025-07-14 08:00:00,6.7,true
TT01089,TR0177,2025-07-14 12:00:00,6.8,true
TT01090,TR0177,2025-07-14 16:00:00,4.5,true
TT01091,TR0177,2025-07-14 20:00:00,6.8,true
TT01092,TR0177,2025-07-14 24:00:00,2.3,true
TT01093,TR0177,2025-07-14 28:00:00,6.7,true
TT01094,TR0178,2025-07-23 00:00:00,2.4,true
TT01095,TR0178,2025-07-23 04:00:00,6.8,true
TT01096,TR0178,2025-07-23 08:00:00,2.0,true
TT01097,TR0178,2025-07-23 12:00:00,4.0,true
TT01098,TR0178,2025-07-23 16:00:00,6.1,true
TT01099,TR0178,2025-07-23 20:00:00,6.2,true
TT01100,TR0178,2025-07-23 24:00:00,2.4,true
TT01101,TR0178,2025-07-23 28:00:00,3.4,true
TT01102,TR0179,2025-08-04 00:00:00,6.2,true
TT01103,TR0179,2025-08-04 04:00:00,6.2,true
TT01104,TR0179,2025-08-04 08:00:00,3.9,true
TT01105,TR0179,2025-08-04 12:00:00,5.3,true
TT01106,TR0179,2025-08-04 16:00:00,5.4,true
TT01107,TR0179,2025-08-04 20:00:00,5.9,true
TT01108,TR0180,2025-10-17 00:00:00,5.6,true
TT01109,TR0180,2025-10-17 04:00:00,4.7,true
TT01110,TR0180,2025-10-17 08:00:00,5.3,true
TT01111,TR0180,2025-10-17 12:00:00,2.9,true
TT01112,TR0180,2025-10-17 16:00:00,3.3,true
TT01113,TR0181,2025-09-14 00:00:00,6.2,true
TT01114,TR0181,2025-09-14 04:00:00,5.2,true
TT01115,TR0181,2025-09-14 08:00:00,3.7,true
TT01116,TR0181,2025-09-14 12:00:00,6.4,true
TT01117,TR0181,2025-09-14 16:00:00,2.8,true
TT01118,TR0181,2025-09-14 20:00:00,4.7,true
TT01119,TR0181,2025-09-14 24:00:00,6.0,true
TT01120,TR0181,2025-09-14 28:00:00,3.8,true
TT01121,TR0182,2025-09-13 00:00:00,4.4,true
TT01122,TR0182,2025-09-13 04:00:00,5.1,true
TT01123,TR0182,2025-09-13 08:00:00,3.0,true
TT01124,TR0182,2025-09-13 12:00:00,5.8,true
TT01125,TR0182,2025-09-13 16:00:00,3.5,true
TT01126,TR0183,2025-11-11 00:00:00,6.8,true
TT01127,TR0183,2025-11-11 04:00:00,4.0,true
TT01128,TR0183,2025-11-11 08:00:00,3.2,true
TT01129,TR0183,2025-11-11 12:00:00,4.7,true
TT01130,TR0184,2025-09-11 00:00:00,6.0,true
TT01131,TR0184,2025-09-11 04:00:00,3.7,true
TT01132,TR0184,2025-09-11 08:00:00,5.3,true
TT01133,TR0184,2025-09-11 12:00:00,5.6,true
TT01134,TR0184,2025-09-11 16:00:00,4.1,true
TT01135,TR0184,2025-09-11 20:00:00,6.8,true
TT01136,TR0184,2025-09-11 24:00:00,3.6,true
TT01137,TR0185,2025-08-11 00:00:00,4.8,true
TT01138,TR0185,2025-08-11 04:00:00,4.7,true
TT01139,TR0185,2025-08-11 08:00:00,4.2,true
TT01140,TR0185,2025-08-11 12:00:00,4.7,true
TT01141,TR0185,2025-08-11 16:00:00,2.9,true
TT01142,TR0185,2025-08-11 20:00:00,4.6,true
TT01143,TR0185,2025-08-11 24:00:00,4.5,true
TT01144,TR0186,2025-10-21 00:00:00,3.7,true
TT01145,TR0186,2025-10-21 04:00:00,4.6,true
TT01146,TR0186,2025-10-21 08:00:00,13.4,false
TT01147,TR0186,2025-10-21 12:00:00,3.5,true
TT01148,TR0186,2025-10-21 16:00:00,15.4,false
TT01149,TR0187,2025-11-09 00:00:00,4.4,true
TT01150,TR0187,2025-11-09 04:00:00,5.8,true
TT01151,TR0187,2025-11-09 08:00:00,2.3,true
TT01152,TR0187,2025-11-09 12:00:00,6.9,true
TT01153,TR0187,2025-11-09 16:00:00,4.0,true
TT01154,TR0187,2025-11-09 20:00:00,4.1,true
TT01155,TR0187,2025-11-09 24:00:00,6.8,true
TT01156,TR0188,2025-11-09 00:00:00,3.5,true
TT01157,TR0188,2025-11-09 04:00:00,2.3,true
TT01158,TR0188,2025-11-09 08:00:00,4.9,true
TT01159,TR0188,2025-11-09 12:00:00,6.9,true
TT01160,TR0188,2025-11-09 16:00:00,2.4,true
TT01161,TR0188,2025-11-09 20:00:00,2.4,true
TT01162,TR0188,2025-11-09 24:00:00,4.9,true
TT01163,TR0189,2025-09-04 00:00:00,4.1,true
TT01164,TR0189,2025-09-04 04:00:00,4.4,true
TT01165,TR0189,2025-09-04 08:00:00,3.9,true
TT01166,TR0189,2025-09-04 12:00:00,4.1,true
TT01167,TR0189,2025-09-04 16:00:00,3.2,true
TT01168,TR0189,2025-09-04 20:00:00,5.0,true
TT01169,TR0189,2025-09-04 24:00:00,2.1,true
TT01170,TR0190,2025-11-13 00:00:00,5.4,true
TT01171,TR0190,2025-11-13 04:00:00,4.3,true
TT01172,TR0190,2025-11-13 08:00:00,6.9,true
TT01173,TR0190,2025-11-13 12:00:00,6.1,true
TT01174,TR0190,2025-11-13 16:00:00,2.9,true
TT01175,TR0190,2025-11-13 20:00:00,3.9,true
TT01176,TR0190,2025-11-13 24:00:00,2.8,true
TT01177,TR0191,2025-10-16 00:00:00,5.2,true
TT01178,TR0191,2025-10-16 04:00:00,3.8,true
TT01179,TR0191,2025-10-16 08:00:00,6.8,true
TT01180,TR0191,2025-10-16 12:00:00,2.7,true
TT01181,TR0191,2025-10-16 16:00:00,5.4,true
TT01182,TR0191,2025-10-16 20:00:00,2.3,true
TT01183,TR0191,2025-10-16 24:00:00,4.9,true
TT01184,TR0191,2025-10-16 28:00:00,5.8,true
TT01185,TR0192,2025-08-03 00:00:00,4.0,true
TT01186,TR0192,2025-08-03 04:00:00,4.5,true
TT01187,TR0192,2025-08-03 08:00:00,3.3,true
TT01188,TR0192,2025-08-03 12:00:00,2.2,true
TT01189,TR0192,2025-08-03 16:00:00,3.9,true
TT01190,TR0192,2025-08-03 20:00:00,2.5,true
TT01191,TR0193,2025-11-18 00:00:00,4.1,true
TT01192,TR0193,2025-11-18 04:00:00,4.3,true
TT01193,TR0193,2025-11-18 08:00:00,6.4,true
TT01194,TR0193,2025-11-18 12:00:00,3.9,true
TT01195,TR0193,2025-11-18 16:00:00,5.5,true
TT01196,TR0193,2025-11-18 20:00:00,5.1,true
TT01197,TR0194,2025-11-08 00:00:00,5.7,true
TT01198,TR0194,2025-11-08 04:00:00,3.2,true
TT01199,TR0194,2025-11-08 08:00:00,2.7,true
TT01200,TR0194,2025-11-08 12:00:00,6.8,true
TT01201,TR0194,2025-11-08 16:00:00,4.8,true
TT01202,TR0194,2025-11-08 20:00:00,4.7,true
TT01203,TR0194,2025-11-08 24:00:00,6.0,true
TT01204,TR0195,2025-08-15 00:00:00,6.3,true
TT01205,TR0195,2025-08-15 04:00:00,2.3,true
TT01206,TR0195,2025-08-15 08:00:00,3.1,true
TT01207,TR0195,2025-08-15 12:00:00,2.1,true
TT01208,TR0195,2025-08-15 16:00:00,5.4,true
TT01209,TR0195,2025-08-15 20:00:00,2.5,true
TT01210,TR0196,2025-07-16 00:00:00,2.5,true
TT01211,TR0196,2025-07-16 04:00:00,2.2,true
TT01212,TR0196,2025-07-16 08:00:00,4.5,true
TT01213,TR0196,2025-07-16 12:00:00,2.2,true
TT01214,TR0196,2025-07-16 16:00:00,2.7,true
TT01215,TR0196,2025-07-16 20:00:00,4.8,true
TT01216,TR0196,2025-07-16 24:00:00,2.3,true
TT01217,TR0196,2025-07-16 28:00:00,5.1,true
TT01218,TR0197,2025-09-19 00:00:00,5.1,true
TT01219,TR0197,2025-09-19 04:00:00,5.3,true
TT01220,TR0197,2025-09-19 08:00:00,5.9,true
TT01221,TR0197,2025-09-19 12:00:00,6.6,true
TT01222,TR0197,2025-09-19 16:00:00,2.9,true
TT01223,TR0198,2025-08-17 00:00:00,6.3,true
TT01224,TR0198,2025-08-17 04:00:00,3.4,true
TT01225,TR0198,2025-08-17 08:00:00,5.3,true
TT01226,TR0198,2025-08-17 12:00:00,3.9,true
TT01227,TR0199,2025-11-04 00:00:00,2.9,true
TT01228,TR0199,2025-11-04 04:00:00,3.5,true
TT01229,TR0199,2025-11-04 08:00:00,2.1,true
TT01230,TR0199,2025-11-04 12:00:00,6.7,true
TT01231,TR0199,2025-11-04 16:00:00,2.1,true
TT01232,TR0199,2025-11-04 20:00:00,6.3,true
TT01233,TR0200,2025-11-23 00:00:00,6.2,true
TT01234,TR0200,2025-11-23 04:00:00,12.0,false
TT01235,TR0200,2025-11-23 08:00:00,4.5,true
TT01236,TR0200,2025-11-23 12:00:00,2.1,true
TT01237,TR0200,2025-11-23 16:00:00,6.3,true
TT01238,TR0201,2025-11-08 00:00:00,3.9,true
TT01239,TR0201,2025-11-08 04:00:00,2.4,true
TT01240,TR0201,2025-11-08 08:00:00,6.9,true
TT01241,TR0201,2025-11-08 12:00:00,4.5,true
TT01242,TR0201,2025-11-08 16:00:00,5.9,true
TT01243,TR0201,2025-11-08 20:00:00,4.4,true
TT01244,TR0201,2025-11-08 24:00:00,2.0,true
TT01245,TR0202,2025-10-03 00:00:00,3.3,true
TT01246,TR0202,2025-10-03 04:00:00,4.0,true
TT01247,TR0202,2025-10-03 08:00:00,6.9,true
TT01248,TR0202,2025-10-03 12:00:00,3.9,true
TT01249,TR0203,2025-09-22 00:00:00,10.5,false
TT01250,TR0203,2025-09-22 04:00:00,4.9,true
TT01251,TR0203,2025-09-22 08:00:00,12.9,false
TT01252,TR0203,2025-09-22 12:00:00,2.5,true
TT01253,TR0203,2025-09-22 16:00:00,16.3,false
TT01254,TR0203,2025-09-22 20:00:00,2.9,true
TT01255,TR0203,2025-09-22 24:00:00,11.3,false
TT01256,TR0204,2025-11-16 00:00:00,6.6,true
TT01257,TR0204,2025-11-16 04:00:00,3.9,true
TT01258,TR0204,2025-11-16 08:00:00,4.9,true
TT01259,TR0204,2025-11-16 12:00:00,4.3,true
TT01260,TR0205,2025-10-17 00:00:00,6.9,true
TT01261,TR0205,2025-10-17 04:00:00,4.8,true
TT01262,TR0205,2025-10-17 08:00:00,2.7,true
TT01263,TR0205,2025-10-17 12:00:00,5.1,true
TT01264,TR0205,2025-10-17 16:00:00,3.4,true
TT01265,TR0205,2025-10-17 20:00:00,4.6,true
TT01266,TR0206,2025-08-21 00:00:00,5.7,true
TT01267,TR0206,2025-08-21 04:00:00,6.6,true
TT01268,TR0206,2025-08-21 08:00:00,2.9,true
TT01269,TR0206,2025-08-21 12:00:00,5.1,true
TT01270,TR0206,2025-08-21 16:00:00,4.4,true
TT01271,TR0206,2025-08-21 20:00:00,2.3,true
TT01272,TR0207,2025-08-24 00:00:00,2.2,true
TT01273,TR0207,2025-08-24 04:00:00,6.0,true
TT01274,TR0207,2025-08-24 08:00:00,2.3,true
TT01275,TR0207,2025-08-24 12:00:00,6.3,true
TT01276,TR0207,2025-08-24 16:00:00,4.1,true
TT01277,TR0208,2025-10-20 00:00:00,3.9,true
TT01278,TR0208,2025-10-20 04:00:00,6.7,true
TT01279,TR0208,2025-10-20 08:00:00,3.6,true
TT01280,TR0208,2025-10-20 12:00:00,7.0,true
TT01281,TR0209,2025-10-24 00:00:00,4.4,true
TT01282,TR0209,2025-10-24 04:00:00,2.6,true
TT01283,TR0209,2025-10-24 08:00:00,5.7,true
TT01284,TR0209,2025-10-24 12:00:00,2.5,true
TT01285,TR0209,2025-10-24 16:00:00,6.3,true
TT01286,TR0209,2025-10-24 20:00:00,4.9,true
TT01287,TR0209,2025-10-24 24:00:00,2.6,true
TT01288,TR0209,2025-10-24 28:00:00,5.4,true
TT01289,TR0210,2025-11-16 00:00:00,2.9,true
TT01290,TR0210,2025-11-16 04:00:00,4.5,true
TT01291,TR0210,2025-11-16 08:00:00,3.5,true
TT01292,TR0210,2025-11-16 12:00:00,4.6,true
TT01293,TR0210,2025-11-16 16:00:00,6.4,true
TT01294,TR0211,2025-07-18 00:00:00,4.5,true
TT01295,TR0211,2025-07-18 04:00:00,2.5,true
TT01296,TR0211,2025-07-18 08:00:00,6.8,true
TT01297,TR0211,2025-07-18 12:00:00,2.9,true
TT01298,TR0211,2025-07-18 16:00:00,5.3,true
TT01299,TR0211,2025-07-18 20:00:00,3.5,true
TT01300,TR0211,2025-07-18 24:00:00,2.5,true
TT01301,TR0212,2025-08-10 00:00:00,5.3,true
TT01302,TR0212,2025-08-10 04:00:00,5.1,true
TT01303,TR0212,2025-08-10 08:00:00,2.1,true
TT01304,TR0212,2025-08-10 12:00:00,3.9,true
TT01305,TR0212,2025-08-10 16:00:00,6.2,true
TT01306,TR0212,2025-08-10 20:00:00,2.3,true
TT01307,TR0213,2025-07-02 00:00:00,4.8,true
TT01308,TR0213,2025-07-02 04:00:00,4.9,true
TT01309,TR0213,2025-07-02 08:00:00,6.0,true
TT01310,TR0213,2025-07-02 12:00:00,2.8,true
TT01311,TR0213,2025-07-02 16:00:00,4.4,true
TT01312,TR0213,2025-07-02 20:00:00,2.3,true
TT01313,TR0214,2025-09-14 00:00:00,5.2,true
TT01314,TR0214,2025-09-14 04:00:00,2.0,true
TT01315,TR0214,2025-09-14 08:00:00,2.8,true
TT01316,TR0214,2025-09-14 12:00:00,4.9,true
TT01317,TR0214,2025-09-14 16:00:00,4.8,true
TT01318,TR0215,2025-08-23 00:00:00,4.7,true
TT01319,TR0215,2025-08-23 04:00:00,3.4,true
TT01320,TR0215,2025-08-23 08:00:00,6.2,true
TT01321,TR0215,2025-08-23 12:00:00,4.0,true
TT01322,TR0215,2025-08-23 16:00:00,6.7,true
TT01323,TR0215,2025-08-23 20:00:00,3.1,true
TT01324,TR0216,2025-07-23 00:00:00,13.9,false
TT01325,TR0216,2025-07-23 04:00:00,13.8,false
TT01326,TR0216,2025-07-23 08:00:00,11.1,false
TT01327,TR0216,2025-07-23 12:00:00,14.8,false
TT01328,TR0216,2025-07-23 16:00:00,14.2,false
TT01329,TR0216,2025-07-23 20:00:00,6.9,true
TT01330,TR0217,2025-07-19 00:00:00,6.6,true
TT01331,TR0217,2025-07-19 04:00:00,6.7,true
TT01332,TR0217,2025-07-19 08:00:00,3.5,true
TT01333,TR0217,2025-07-19 12:00:00,5.1,true
TT01334,TR0217,2025-07-19 16:00:00,2.6,true
TT01335,TR0218,2025-11-06 00:00:00,4.1,true
TT01336,TR0218,2025-11-06 04:00:00,5.6,true
TT01337,TR0218,2025-11-06 08:00:00,6.9,true
TT01338,TR0218,2025-11-06 12:00:00,6.1,true
TT01339,TR0219,2025-09-20 00:00:00,4.0,true
TT01340,TR0219,2025-09-20 04:00:00,5.9,true
TT01341,TR0219,2025-09-20 08:00:00,3.8,true
TT01342,TR0219,2025-09-20 12:00:00,6.7,true
TT01343,TR0219,2025-09-20 16:00:00,3.5,true
TT01344,TR0220,2025-07-10 00:00:00,2.2,true
TT01345,TR0220,2025-07-10 04:00:00,3.3,true
TT01346,TR0220,2025-07-10 08:00:00,5.7,true
TT01347,TR0220,2025-07-10 12:00:00,5.8,true
TT01348,TR0220,2025-07-10 16:00:00,5.6,true
TT01349,TR0220,2025-07-10 20:00:00,4.0,true
TT01350,TR0221,2025-08-23 00:00:00,2.1,true
TT01351,TR0221,2025-08-23 04:00:00,5.3,true
TT01352,TR0221,2025-08-23 08:00:00,3.0,true
TT01353,TR0221,2025-08-23 12:00:00,6.3,true
TT01354,TR0221,2025-08-23 16:00:00,3.3,true
TT01355,TR0221,2025-08-23 20:00:00,5.4,true
TT01356,TR0222,2025-08-11 00:00:00,4.4,true
TT01357,TR0222,2025-08-11 04:00:00,6.5,true
TT01358,TR0222,2025-08-11 08:00:00,3.4,true
TT01359,TR0222,2025-08-11 12:00:00,4.4,true
TT01360,TR0222,2025-08-11 16:00:00,3.2,true
TT01361,TR0222,2025-08-11 20:00:00,4.8,true
TT01362,TR0222,2025-08-11 24:00:00,5.5,true
TT01363,TR0222,2025-08-11 28:00:00,3.6,true
TT01364,TR0223,2025-10-21 00:00:00,6.4,true
TT01365,TR0223,2025-10-21 04:00:00,3.7,true
TT01366,TR0223,2025-10-21 08:00:00,5.4,true
TT01367,TR0223,2025-10-21 12:00:00,6.1,true
TT01368,TR0223,2025-10-21 16:00:00,3.2,true
TT01369,TR0223,2025-10-21 20:00:00,2.7,true
TT01370,TR0224,2025-08-10 00:00:00,5.6,true
TT01371,TR0224,2025-08-10 04:00:00,6.8,true
TT01372,TR0224,2025-08-10 08:00:00,3.3,true
TT01373,TR0224,2025-08-10 12:00:00,2.3,true
TT01374,TR0224,2025-08-10 16:00:00,2.8,true
TT01375,TR0224,2025-08-10 20:00:00,5.5,true
TT01376,TR0225,2025-10-03 00:00:00,6.5,true
TT01377,TR0225,2025-10-03 04:00:00,3.1,true
TT01378,TR0225,2025-10-03 08:00:00,3.0,true
TT01379,TR0225,2025-10-03 12:00:00,4.3,true
TT01380,TR0225,2025-10-03 16:00:00,6.7,true
TT01381,TR0225,2025-10-03 20:00:00,3.1,true
TT01382,TR0226,2025-09-12 00:00:00,3.5,true
TT01383,TR0226,2025-09-12 04:00:00,2.0,true
TT01384,TR0226,2025-09-12 08:00:00,2.9,true
TT01385,TR0226,2025-09-12 12:00:00,2.3,true
TT01386,TR0226,2025-09-12 16:00:00,3.3,true
TT01387,TR0227,2025-10-03 00:00:00,6.5,true
TT01388,TR0227,2025-10-03 04:00:00,6.0,true
TT01389,TR0227,2025-10-03 08:00:00,4.3,true
TT01390,TR0227,2025-10-03 12:00:00,3.4,true
TT01391,TR0227,2025-10-03 16:00:00,2.4,true
TT01392,TR0228,2025-08-22 00:00:00,3.8,true
TT01393,TR0228,2025-08-22 04:00:00,5.7,true
TT01394,TR0228,2025-08-22 08:00:00,4.2,true
TT01395,TR0228,2025-08-22 12:00:00,2.1,true
TT01396,TR0228,2025-08-22 16:00:00,3.4,true
TT01397,TR0229,2025-07-22 00:00:00,3.0,true
TT01398,TR0229,2025-07-22 04:00:00,2.3,true
TT01399,TR0229,2025-07-22 08:00:00,4.0,true
TT01400,TR0229,2025-07-22 12:00:00,4.1,true
TT01401,TR0229,2025-07-22 16:00:00,6.7,true
TT01402,TR0229,2025-07-22 20:00:00,4.9,true
TT01403,TR0229,2025-07-22 24:00:00,4.9,true
TT01404,TR0230,2025-07-24 00:00:00,5.9,true
TT01405,TR0230,2025-07-24 04:00:00,5.9,true
TT01406,TR0230,2025-07-24 08:00:00,3.2,true
TT01407,TR0230,2025-07-24 12:00:00,3.5,true
TT01408,TR0230,2025-07-24 16:00:00,4.6,true
TT01409,TR0230,2025-07-24 20:00:00,4.2,true
TT01410,TR0230,2025-07-24 24:00:00,5.6,true
TT01411,TR0230,2025-07-24 28:00:00,3.2,true
TT01412,TR0231,2025-10-05 00:00:00,6.4,true
TT01413,TR0231,2025-10-05 04:00:00,5.5,true
TT01414,TR0231,2025-10-05 08:00:00,2.3,true
TT01415,TR0231,2025-10-05 12:00:00,5.3,true
TT01416,TR0232,2025-08-03 00:00:00,2.3,true
TT01417,TR0232,2025-08-03 04:00:00,3.9,true
TT01418,TR0232,2025-08-03 08:00:00,4.1,true
TT01419,TR0232,2025-08-03 12:00:00,4.4,true
TT01420,TR0233,2025-11-14 00:00:00,3.8,true
TT01421,TR0233,2025-11-14 04:00:00,4.4,true
TT01422,TR0233,2025-11-14 08:00:00,3.9,true
TT01423,TR0233,2025-11-14 12:00:00,4.7,true
TT01424,TR0233,2025-11-14 16:00:00,5.2,true
TT01425,TR0233,2025-11-14 20:00:00,2.1,true
TT01426,TR0233,2025-11-14 24:00:00,2.1,true
TT01427,TR0233,2025-11-14 28:00:00,5.8,true
TT01428,TR0234,2025-08-24 00:00:00,4.6,true
TT01429,TR0234,2025-08-24 04:00:00,4.6,true
TT01430,TR0234,2025-08-24 08:00:00,6.8,true
TT01431,TR0234,2025-08-24 12:00:00,6.7,true
TT01432,TR0234,2025-08-24 16:00:00,2.8,true
TT01433,TR0235,2025-11-18 00:00:00,7.0,true
TT01434,TR0235,2025-11-18 04:00:00,4.5,true
TT01435,TR0235,2025-11-18 08:00:00,3.3,true
TT01436,TR0235,2025-11-18 12:00:00,6.8,true
TT01437,TR0235,2025-11-18 16:00:00,6.6,true
TT01438,TR0236,2025-10-12 00:00:00,3.8,true
TT01439,TR0236,2025-10-12 04:00:00,3.3,true
TT01440,TR0236,2025-10-12 08:00:00,4.1,true
TT01441,TR0236,2025-10-12 12:00:00,5.7,true
TT01442,TR0236,2025-10-12 16:00:00,6.3,true
TT01443,TR0236,2025-10-12 20:00:00,2.4,true
TT01444,TR0237,2025-10-25 00:00:00,6.2,true
TT01445,TR0237,2025-10-25 04:00:00,4.4,true
TT01446,TR0237,2025-10-25 08:00:00,5.4,true
TT01447,TR0237,2025-10-25 12:00:00,6.8,true
TT01448,TR0238,2025-07-14 00:00:00,4.6,true
TT01449,TR0238,2025-07-14 04:00:00,4.1,true
TT01450,TR0238,2025-07-14 08:00:00,3.2,true
TT01451,TR0238,2025-07-14 12:00:00,3.4,true
TT01452,TR0238,2025-07-14 16:00:00,3.0,true
TT01453,TR0238,2025-07-14 20:00:00,3.5,true
TT01454,TR0239,2025-08-17 00:00:00,5.5,true
TT01455,TR0239,2025-08-17 04:00:00,3.7,true
TT01456,TR0239,2025-08-17 08:00:00,2.4,true
TT01457,TR0239,2025-08-17 12:00:00,3.6,true
TT01458,TR0239,2025-08-17 16:00:00,4.8,true
TT01459,TR0239,2025-08-17 20:00:00,3.8,true
TT01460,TR0240,2025-08-03 00:00:00,2.5,true
TT01461,TR0240,2025-08-03 04:00:00,3.5,true
TT01462,TR0240,2025-08-03 08:00:00,3.5,true
TT01463,TR0240,2025-08-03 12:00:00,2.0,true
TT01464,TR0240,2025-08-03 16:00:00,4.7,true
TT01465,TR0240,2025-08-03 20:00:00,3.0,true
TT01466,TR0240,2025-08-03 24:00:00,6.1,true
TT01467,TR0241,2025-10-13 00:00:00,3.5,true
TT01468,TR0241,2025-10-13 04:00:00,2.3,true
TT01469,TR0241,2025-10-13 08:00:00,3.2,true
TT01470,TR0241,2025-10-13 12:00:00,3.2,true
TT01471,TR0241,2025-10-13 16:00:00,2.0,true
TT01472,TR0242,2025-11-07 00:00:00,3.6,true
TT01473,TR0242,2025-11-07 04:00:00,2.3,true
TT01474,TR0242,2025-11-07 08:00:00,6.0,true
TT01475,TR0242,2025-11-07 12:00:00,6.2,true
TT01476,TR0242,2025-11-07 16:00:00,3.5,true
TT01477,TR0242,2025-11-07 20:00:00,5.5,true
TT01478,TR0243,2025-10-25 00:00:00,3.0,true
TT01479,TR0243,2025-10-25 04:00:00,2.0,true
TT01480,TR0243,2025-10-25 08:00:00,3.9,true
TT01481,TR0243,2025-10-25 12:00:00,2.8,true
TT01482,TR0243,2025-10-25 16:00:00,2.9,true
TT01483,TR0243,2025-10-25 20:00:00,4.9,true
TT01484,TR0243,2025-10-25 24:00:00,2.0,true
TT01485,TR0243,2025-10-25 28:00:00,2.9,true
TT01486,TR0244,2025-10-04 00:00:00,5.4,true
TT01487,TR0244,2025-10-04 04:00:00,4.5,true
TT01488,TR0244,2025-10-04 08:00:00,6.0,true
TT01489,TR0244,2025-10-04 12:00:00,5.7,true
TT01490,TR0244,2025-10-04 16:00:00,2.1,true
TT01491,TR0245,2025-07-05 00:00:00,5.5,true
TT01492,TR0245,2025-07-05 04:00:00,5.3,true
TT01493,TR0245,2025-07-05 08:00:00,4.0,true
TT01494,TR0245,2025-07-05 12:00:00,6.5,true
TT01495,TR0245,2025-07-05 16:00:00,3.9,true
TT01496,TR0245,2025-07-05 20:00:00,2.8,true
TT01497,TR0245,2025-07-05 24:00:00,2.3,true
TT01498,TR0246,2025-09-22 00:00:00,5.8,true
TT01499,TR0246,2025-09-22 04:00:00,3.2,true
TT01500,TR0246,2025-09-22 08:00:00,6.4,true
TT01501,TR0246,2025-09-22 12:00:00,6.6,true
TT01502,TR0247,2025-07-25 00:00:00,5.9,true
TT01503,TR0247,2025-07-25 04:00:00,5.5,true
TT01504,TR0247,2025-07-25 08:00:00,2.8,true
TT01505,TR0247,2025-07-25 12:00:00,5.2,true
TT01506,TR0247,2025-07-25 16:00:00,3.3,true
TT01507,TR0247,2025-07-25 20:00:00,4.3,true
TT01508,TR0247,2025-07-25 24:00:00,4.8,true
TT01509,TR0248,2025-07-11 00:00:00,5.4,true
TT01510,TR0248,2025-07-11 04:00:00,6.6,true
TT01511,TR0248,2025-07-11 08:00:00,4.1,true
TT01512,TR0248,2025-07-11 12:00:00,14.3,false
TT01513,TR0248,2025-07-11 16:00:00,15.1,false
TT01514,TR0249,2025-08-06 00:00:00,3.8,true
TT01515,TR0249,2025-08-06 04:00:00,4.9,true
TT01516,TR0249,2025-08-06 08:00:00,2.8,true
TT01517,TR0249,2025-08-06 12:00:00,5.6,true
TT01518,TR0249,2025-08-06 16:00:00,5.2,true
TT01519,TR0249,2025-08-06 20:00:00,2.1,true
TT01520,TR0249,2025-08-06 24:00:00,6.5,true
TT01521,TR0250,2025-11-20 00:00:00,2.1,true
TT01522,TR0250,2025-11-20 04:00:00,7.0,true
TT01523,TR0250,2025-11-20 08:00:00,2.6,true
TT01524,TR0250,2025-11-20 12:00:00,3.7,true
TT01525,TR0250,2025-11-20 16:00:00,5.3,true
TT01526,TR0250,2025-11-20 20:00:00,5.6,true
TT01527,TR0251,2025-11-11 00:00:00,5.4,true
TT01528,TR0251,2025-11-11 04:00:00,3.1,true
TT01529,TR0251,2025-11-11 08:00:00,2.7,true
TT01530,TR0251,2025-11-11 12:00:00,4.0,true
TT01531,TR0251,2025-11-11 16:00:00,3.9,true
TT01532,TR0251,2025-11-11 20:00:00,3.0,true
TT01533,TR0251,2025-11-11 24:00:00,5.7,true
TT01534,TR0252,2025-08-16 00:00:00,4.0,true
TT01535,TR0252,2025-08-16 04:00:00,3.3,true
TT01536,TR0252,2025-08-16 08:00:00,6.3,true
TT01537,TR0252,2025-08-16 12:00:00,5.9,true
TT01538,TR0252,2025-08-16 16:00:00,2.1,true
TT01539,TR0252,2025-08-16 20:00:00,5.0,true
TT01540,TR0252,2025-08-16 24:00:00,6.6,true
TT01541,TR0253,2025-11-08 00:00:00,2.2,true
TT01542,TR0253,2025-11-08 04:00:00,3.7,true
TT01543,TR0253,2025-11-08 08:00:00,2.2,true
TT01544,TR0253,2025-11-08 12:00:00,3.0,true
TT01545,TR0253,2025-11-08 16:00:00,2.8,true
TT01546,TR0253,2025-11-08 20:00:00,5.8,true
TT01547,TR0254,2025-08-20 00:00:00,6.4,true
TT01548,TR0254,2025-08-20 04:00:00,3.1,true
TT01549,TR0254,2025-08-20 08:00:00,3.2,true
TT01550,TR0254,2025-08-20 12:00:00,6.4,true
TT01551,TR0254,2025-08-20 16:00:00,4.9,true
TT01552,TR0254,2025-08-20 20:00:00,3.9,true
TT01553,TR0254,2025-08-20 24:00:00,4.4,true
TT01554,TR0255,2025-07-01 00:00:00,2.4,true
TT01555,TR0255,2025-07-01 04:00:00,6.1,true
TT01556,TR0255,2025-07-01 08:00:00,2.7,true
TT01557,TR0255,2025-07-01 12:00:00,4.0,true
TT01558,TR0256,2025-10-02 00:00:00,6.8,true
TT01559,TR0256,2025-10-02 04:00:00,6.0,true
TT01560,TR0256,2025-10-02 08:00:00,6.9,true
TT01561,TR0256,2025-10-02 12:00:00,4.7,true
TT01562,TR0256,2025-10-02 16:00:00,2.1,true
TT01563,TR0256,2025-10-02 20:00:00,5.1,true
TT01564,TR0257,2025-09-10 00:00:00,2.9,true
TT01565,TR0257,2025-09-10 04:00:00,2.8,true
TT01566,TR0257,2025-09-10 08:00:00,6.2,true
TT01567,TR0257,2025-09-10 12:00:00,2.8,true
TT01568,TR0257,2025-09-10 16:00:00,2.3,true
TT01569,TR0258,2025-08-17 00:00:00,4.9,true
TT01570,TR0258,2025-08-17 04:00:00,17.9,false
TT01571,TR0258,2025-08-17 08:00:00,5.4,true
TT01572,TR0258,2025-08-17 12:00:00,11.8,false
TT01573,TR0258,2025-08-17 16:00:00,4.0,true
TT01574,TR0259,2025-09-14 00:00:00,4.5,true
TT01575,TR0259,2025-09-14 04:00:00,3.5,true
TT01576,TR0259,2025-09-14 08:00:00,2.6,true
TT01577,TR0259,2025-09-14 12:00:00,4.5,true
TT01578,TR0259,2025-09-14 16:00:00,2.1,true
TT01579,TR0259,2025-09-14 20:00:00,5.5,true
TT01580,TR0259,2025-09-14 24:00:00,4.8,true
TT01581,TR0259,2025-09-14 28:00:00,4.3,true
TT01582,TR0260,2025-11-15 00:00:00,2.5,true
TT01583,TR0260,2025-11-15 04:00:00,5.9,true
TT01584,TR0260,2025-11-15 08:00:00,5.0,true
TT01585,TR0260,2025-11-15 12:00:00,5.1,true
TT01586,TR0260,2025-11-15 16:00:00,6.9,true
TT01587,TR0261,2025-09-12 00:00:00,4.4,true
TT01588,TR0261,2025-09-12 04:00:00,3.3,true
TT01589,TR0261,2025-09-12 08:00:00,6.0,true
TT01590,TR0261,2025-09-12 12:00:00,4.1,true
TT01591,TR0261,2025-09-12 16:00:00,2.9,true
TT01592,TR0261,2025-09-12 20:00:00,5.3,true
TT01593,TR0262,2025-09-14 00:00:00,6.1,true
TT01594,TR0262,2025-09-14 04:00:00,5.6,true
TT01595,TR0262,2025-09-14 08:00:00,3.1,true
TT01596,TR0262,2025-09-14 12:00:00,2.1,true
TT01597,TR0262,2025-09-14 16:00:00,2.2,true
TT01598,TR0263,2025-10-23 00:00:00,6.1,true
TT01599,TR0263,2025-10-23 04:00:00,6.1,true
TT01600,TR0263,2025-10-23 08:00:00,2.1,true
TT01601,TR0263,2025-10-23 12:00:00,6.1,true
TT01602,TR0263,2025-10-23 16:00:00,5.2,true
TT01603,TR0263,2025-10-23 20:00:00,6.3,true
TT01604,TR0263,2025-10-23 24:00:00,3.6,true
TT01605,TR0264,2025-07-15 00:00:00,5.1,true
TT01606,TR0264,2025-07-15 04:00:00,6.7,true
TT01607,TR0264,2025-07-15 08:00:00,6.6,true
TT01608,TR0264,2025-07-15 12:00:00,2.2,true
TT01609,TR0264,2025-07-15 16:00:00,4.1,true
TT01610,TR0264,2025-07-15 20:00:00,2.9,true
TT01611,TR0265,2025-07-01 00:00:00,6.7,true
TT01612,TR0265,2025-07-01 04:00:00,5.4,true
TT01613,TR0265,2025-07-01 08:00:00,5.2,true
TT01614,TR0265,2025-07-01 12:00:00,6.7,true
TT01615,TR0265,2025-07-01 16:00:00,5.8,true
TT01616,TR0265,2025-07-01 20:00:00,4.5,true
TT01617,TR0265,2025-07-01 24:00:00,3.9,true
TT01618,TR0265,2025-07-01 28:00:00,6.9,true
TT01619,TR0266,2025-10-03 00:00:00,5.0,true
TT01620,TR0266,2025-10-03 04:00:00,3.9,true
TT01621,TR0266,2025-10-03 08:00:00,5.4,true
TT01622,TR0266,2025-10-03 12:00:00,2.4,true
TT01623,TR0266,2025-10-03 16:00:00,6.0,true
TT01624,TR0267,2025-07-10 00:00:00,2.3,true
TT01625,TR0267,2025-07-10 04:00:00,2.0,true
TT01626,TR0267,2025-07-10 08:00:00,3.6,true
TT01627,TR0267,2025-07-10 12:00:00,6.1,true
TT01628,TR0267,2025-07-10 16:00:00,3.6,true
TT01629,TR0268,2025-08-14 00:00:00,3.5,true
TT01630,TR0268,2025-08-14 04:00:00,6.5,true
TT01631,TR0268,2025-08-14 08:00:00,4.2,true
TT01632,TR0268,2025-08-14 12:00:00,6.5,true
TT01633,TR0268,2025-08-14 16:00:00,3.5,true
TT01634,TR0268,2025-08-14 20:00:00,2.7,true
TT01635,TR0268,2025-08-14 24:00:00,2.2,true
TT01636,TR0269,2025-10-22 00:00:00,2.4,true
TT01637,TR0269,2025-10-22 04:00:00,6.2,true
TT01638,TR0269,2025-10-22 08:00:00,3.9,true
TT01639,TR0269,2025-10-22 12:00:00,6.8,true
TT01640,TR0269,2025-10-22 16:00:00,2.6,true
TT01641,TR0269,2025-10-22 20:00:00,4.5,true
TT01642,TR0269,2025-10-22 24:00:00,4.6,true
TT01643,TR0270,2025-07-13 00:00:00,4.4,true
TT01644,TR0270,2025-07-13 04:00:00,2.9,true
TT01645,TR0270,2025-07-13 08:00:00,6.1,true
TT01646,TR0270,2025-07-13 12:00:00,3.3,true
TT01647,TR0270,2025-07-13 16:00:00,4.0,true
TT01648,TR0270,2025-07-13 20:00:00,5.9,true
TT01649,TR0271,2025-11-04 00:00:00,2.8,true
TT01650,TR0271,2025-11-04 04:00:00,3.9,true
TT01651,TR0271,2025-11-04 08:00:00,3.3,true
TT01652,TR0271,2025-11-04 12:00:00,2.6,true
TT01653,TR0271,2025-11-04 16:00:00,3.2,true
TT01654,TR0271,2025-11-04 20:00:00,6.2,true
TT01655,TR0272,2025-08-06 00:00:00,5.7,true
TT01656,TR0272,2025-08-06 04:00:00,4.6,true
TT01657,TR0272,2025-08-06 08:00:00,4.9,true
TT01658,TR0272,2025-08-06 12:00:00,2.4,true
TT01659,TR0272,2025-08-06 16:00:00,3.4,true
TT01660,TR0272,2025-08-06 20:00:00,6.1,true
TT01661,TR0272,2025-08-06 24:00:00,4.5,true
TT01662,TR0273,2025-07-12 00:00:00,2.3,true
TT01663,TR0273,2025-07-12 04:00:00,6.0,true
TT01664,TR0273,2025-07-12 08:00:00,6.3,true
TT01665,TR0273,2025-07-12 12:00:00,4.9,true
TT01666,TR0273,2025-07-12 16:00:00,6.3,true
TT01667,TR0273,2025-07-12 20:00:00,4.6,true
TT01668,TR0274,2025-09-09 00:00:00,6.4,true
TT01669,TR0274,2025-09-09 04:00:00,3.3,true
TT01670,TR0274,2025-09-09 08:00:00,5.4,true
TT01671,TR0274,2025-09-09 12:00:00,6.6,true
TT01672,TR0274,2025-09-09 16:00:00,4.5,true
TT01673,TR0274,2025-09-09 20:00:00,6.8,true
TT01674,TR0274,2025-09-09 24:00:00,4.3,true
TT01675,TR0274,2025-09-09 28:00:00,3.1,true
TT01676,TR0275,2025-11-16 00:00:00,4.8,true
TT01677,TR0275,2025-11-16 04:00:00,4.4,true
TT01678,TR0275,2025-11-16 08:00:00,6.1,true
TT01679,TR0275,2025-11-16 12:00:00,7.0,true
TT01680,TR0275,2025-11-16 16:00:00,5.4,true
TT01681,TR0275,2025-11-16 20:00:00,4.7,true
TT01682,TR0275,2025-11-16 24:00:00,6.0,true
TT01683,TR0276,2025-08-06 00:00:00,5.4,true
TT01684,TR0276,2025-08-06 04:00:00,2.5,true
TT01685,TR0276,2025-08-06 08:00:00,4.9,true
TT01686,TR0276,2025-08-06 12:00:00,6.2,true
TT01687,TR0276,2025-08-06 16:00:00,3.6,true
TT01688,TR0276,2025-08-06 20:00:00,2.7,true
TT01689,TR0276,2025-08-06 24:00:00,4.6,true
TT01690,TR0276,2025-08-06 28:00:00,3.8,true
TT01691,TR0277,2025-07-24 00:00:00,3.6,true
TT01692,TR0277,2025-07-24 04:00:00,4.3,true
TT01693,TR0277,2025-07-24 08:00:00,2.5,true
TT01694,TR0277,2025-07-24 12:00:00,2.8,true
TT01695,TR0277,2025-07-24 16:00:00,7.0,true
TT01696,TR0277,2025-07-24 20:00:00,5.2,true
TT01697,TR0277,2025-07-24 24:00:00,6.0,true
TT01698,TR0278,2025-10-09 00:00:00,3.6,true
TT01699,TR0278,2025-10-09 04:00:00,4.5,true
TT01700,TR0278,2025-10-09 08:00:00,2.5,true
TT01701,TR0278,2025-10-09 12:00:00,6.8,true
TT01702,TR0278,2025-10-09 16:00:00,6.1,true
TT01703,TR0278,2025-10-09 20:00:00,6.0,true
TT01704,TR0279,2025-07-25 00:00:00,6.4,true
TT01705,TR0279,2025-07-25 04:00:00,6.9,true
TT01706,TR0279,2025-07-25 08:00:00,4.2,true
TT01707,TR0279,2025-07-25 12:00:00,2.8,true
TT01708,TR0279,2025-07-25 16:00:00,3.3,true
TT01709,TR0280,2025-07-24 00:00:00,3.1,true
TT01710,TR0280,2025-07-24 04:00:00,4.0,true
TT01711,TR0280,2025-07-24 08:00:00,5.1,true
TT01712,TR0280,2025-07-24 12:00:00,6.6,true
TT01713,TR0280,2025-07-24 16:00:00,4.6,true
TT01714,TR0281,2025-11-14 00:00:00,2.5,true
TT01715,TR0281,2025-11-14 04:00:00,2.2,true
TT01716,TR0281,2025-11-14 08:00:00,3.1,true
TT01717,TR0281,2025-11-14 12:00:00,4.8,true
TT01718,TR0281,2025-11-14 16:00:00,2.8,true
TT01719,TR0281,2025-11-14 20:00:00,3.6,true
TT01720,TR0281,2025-11-14 24:00:00,4.9,true
TT01721,TR0281,2025-11-14 28:00:00,5.0,true
TT01722,TR0282,2025-09-12 00:00:00,6.0,true
TT01723,TR0282,2025-09-12 04:00:00,6.8,true
TT01724,TR0282,2025-09-12 08:00:00,4.0,true
TT01725,TR0282,2025-09-12 12:00:00,5.3,true
TT01726,TR0282,2025-09-12 16:00:00,6.2,true
TT01727,TR0282,2025-09-12 20:00:00,6.6,true
TT01728,TR0282,2025-09-12 24:00:00,3.4,true
TT01729,TR0283,2025-11-10 00:00:00,2.2,true
TT01730,TR0283,2025-11-10 04:00:00,6.7,true
TT01731,TR0283,2025-11-10 08:00:00,2.2,true
TT01732,TR0283,2025-11-10 12:00:00,4.9,true
TT01733,TR0283,2025-11-10 16:00:00,3.9,true
TT01734,TR0284,2025-08-16 00:00:00,5.5,true
TT01735,TR0284,2025-08-16 04:00:00,5.8,true
TT01736,TR0284,2025-08-16 08:00:00,3.0,true
TT01737,TR0284,2025-08-16 12:00:00,6.5,true
TT01738,TR0284,2025-08-16 16:00:00,3.3,true
TT01739,TR0284,2025-08-16 20:00:00,6.3,true
TT01740,TR0284,2025-08-16 24:00:00,4.2,true
TT01741,TR0285,2025-07-04 00:00:00,3.4,true
TT01742,TR0285,2025-07-04 04:00:00,2.9,true
TT01743,TR0285,2025-07-04 08:00:00,5.6,true
TT01744,TR0285,2025-07-04 12:00:00,6.9,true
TT01745,TR0286,2025-09-19 00:00:00,2.7,true
TT01746,TR0286,2025-09-19 04:00:00,4.4,true
TT01747,TR0286,2025-09-19 08:00:00,3.8,true
TT01748,TR0286,2025-09-19 12:00:00,3.9,true
TT01749,TR0286,2025-09-19 16:00:00,5.8,true
TT01750,TR0287,2025-08-10 00:00:00,5.0,true
TT01751,TR0287,2025-08-10 04:00:00,6.0,true
TT01752,TR0287,2025-08-10 08:00:00,3.7,true
TT01753,TR0287,2025-08-10 12:00:00,4.9,true
TT01754,TR0287,2025-08-10 16:00:00,3.5,true
TT01755,TR0287,2025-08-10 20:00:00,4.1,true
TT01756,TR0287,2025-08-10 24:00:00,4.0,true
TT01757,TR0287,2025-08-10 28:00:00,4.4,true
TT01758,TR0288,2025-10-04 00:00:00,5.8,true
TT01759,TR0288,2025-10-04 04:00:00,5.4,true
TT01760,TR0288,2025-10-04 08:00:00,5.3,true
TT01761,TR0288,2025-10-04 12:00:00,6.1,true
TT01762,TR0288,2025-10-04 16:00:00,6.1,true
TT01763,TR0288,2025-10-04 20:00:00,4.3,true
TT01764,TR0289,2025-11-07 00:00:00,4.7,true
TT01765,TR0289,2025-11-07 04:00:00,3.9,true
TT01766,TR0289,2025-11-07 08:00:00,5.4,true
TT01767,TR0289,2025-11-07 12:00:00,4.2,true
TT01768,TR0289,2025-11-07 16:00:00,2.1,true
TT01769,TR0289,2025-11-07 20:00:00,2.6,true
TT01770,TR0289,2025-11-07 24:00:00,2.6,true
TT01771,TR0289,2025-11-07 28:00:00,2.7,true
TT01772,TR0290,2025-07-09 00:00:00,4.4,true
TT01773,TR0290,2025-07-09 04:00:00,2.7,true
TT01774,TR0290,2025-07-09 08:00:00,3.8,true
TT01775,TR0290,2025-07-09 12:00:00,6.4,true
TT01776,TR0290,2025-07-09 16:00:00,6.9,true
TT01777,TR0291,2025-08-03 00:00:00,2.7,true
TT01778,TR0291,2025-08-03 04:00:00,4.5,true
TT01779,TR0291,2025-08-03 08:00:00,4.4,true
TT01780,TR0291,2025-08-03 12:00:00,3.9,true
TT01781,TR0291,2025-08-03 16:00:00,3.7,true
TT01782,TR0291,2025-08-03 20:00:00,6.7,true
TT01783,TR0291,2025-08-03 24:00:00,2.5,true
TT01784,TR0292,2025-07-21 00:00:00,2.9,true
TT01785,TR0292,2025-07-21 04:00:00,5.6,true
TT01786,TR0292,2025-07-21 08:00:00,4.6,true
TT01787,TR0292,2025-07-21 12:00:00,2.3,true
TT01788,TR0292,2025-07-21 16:00:00,2.9,true
TT01789,TR0293,2025-08-13 00:00:00,5.3,true
TT01790,TR0293,2025-08-13 04:00:00,6.2,true
TT01791,TR0293,2025-08-13 08:00:00,2.4,true
TT01792,TR0293,2025-08-13 12:00:00,2.9,true
TT01793,TR0293,2025-08-13 16:00:00,3.1,true
TT01794,TR0293,2025-08-13 20:00:00,2.9,true
TT01795,TR0293,2025-08-13 24:00:00,3.3,true
TT01796,TR0293,2025-08-13 28:00:00,6.8,true
TT01797,TR0294,2025-11-14 00:00:00,5.9,true
TT01798,TR0294,2025-11-14 04:00:00,6.4,true
TT01799,TR0294,2025-11-14 08:00:00,3.3,true
TT01800,TR0294,2025-11-14 12:00:00,4.5,true
TT01801,TR0294,2025-11-14 16:00:00,5.5,true
TT01802,TR0294,2025-11-14 20:00:00,6.9,true
TT01803,TR0294,2025-11-14 24:00:00,5.7,true
TT01804,TR0294,2025-11-14 28:00:00,6.0,true
TT01805,TR0295,2025-11-22 00:00:00,4.7,true
TT01806,TR0295,2025-11-22 04:00:00,2.6,true
TT01807,TR0295,2025-11-22 08:00:00,3.6,true
TT01808,TR0295,2025-11-22 12:00:00,4.9,true
TT01809,TR0295,2025-11-22 16:00:00,3.2,true
TT01810,TR0296,2025-11-14 00:00:00,4.0,true
TT01811,TR0296,2025-11-14 04:00:00,5.7,true
TT01812,TR0296,2025-11-14 08:00:00,6.6,true
TT01813,TR0296,2025-11-14 12:00:00,4.3,true
TT01814,TR0297,2025-07-18 00:00:00,2.1,true
TT01815,TR0297,2025-07-18 04:00:00,2.9,true
TT01816,TR0297,2025-07-18 08:00:00,6.5,true
TT01817,TR0297,2025-07-18 12:00:00,5.0,true
TT01818,TR0297,2025-07-18 16:00:00,3.0,true
TT01819,TR0297,2025-07-18 20:00:00,2.5,true
TT01820,TR0297,2025-07-18 24:00:00,3.5,true
TT01821,TR0298,2025-08-21 00:00:00,6.5,true
TT01822,TR0298,2025-08-21 04:00:00,6.2,true
TT01823,TR0298,2025-08-21 08:00:00,3.4,true
TT01824,TR0298,2025-08-21 12:00:00,5.1,true
TT01825,TR0298,2025-08-21 16:00:00,2.1,true
TT01826,TR0298,2025-08-21 20:00:00,2.1,true
TT01827,TR0299,2025-09-11 00:00:00,5.7,true
TT01828,TR0299,2025-09-11 04:00:00,6.4,true
TT01829,TR0299,2025-09-11 08:00:00,6.2,true
TT01830,TR0299,2025-09-11 12:00:00,2.7,true
TT01831,TR0299,2025-09-11 16:00:00,5.0,true
TT01832,TR0299,2025-09-11 20:00:00,4.7,true
TT01833,TR0299,2025-09-11 24:00:00,3.9,true
TT01834,TR0299,2025-09-11 28:00:00,5.9,true
TT01835,TR0300,2025-08-02 00:00:00,6.7,true
TT01836,TR0300,2025-08-02 04:00:00,5.3,true
TT01837,TR0300,2025-08-02 08:00:00,4.0,true
TT01838,TR0300,2025-08-02 12:00:00,2.6,true
TT01839,TR0300,2025-08-02 16:00:00,2.8,true
TT01840,TR0300,2025-08-02 20:00:00,3.2,true
TT01841,TR0301,2025-11-04 00:00:00,2.8,true
TT01842,TR0301,2025-11-04 04:00:00,2.7,true
TT01843,TR0301,2025-11-04 08:00:00,5.5,true
TT01844,TR0301,2025-11-04 12:00:00,6.6,true
TT01845,TR0301,2025-11-04 16:00:00,6.7,true
TT01846,TR0302,2025-11-24 00:00:00,3.9,true
TT01847,TR0302,2025-11-24 04:00:00,3.4,true
TT01848,TR0302,2025-11-24 08:00:00,5.9,true
TT01849,TR0302,2025-11-24 12:00:00,6.0,true
TT01850,TR0302,2025-11-24 16:00:00,6.0,true
TT01851,TR0302,2025-11-24 20:00:00,6.7,true
TT01852,TR0302,2025-11-24 24:00:00,3.2,true
TT01853,TR0303,2025-09-10 00:00:00,5.2,true
TT01854,TR0303,2025-09-10 04:00:00,6.8,true
TT01855,TR0303,2025-09-10 08:00:00,4.1,true
TT01856,TR0303,2025-09-10 12:00:00,6.1,true
TT01857,TR0303,2025-09-10 16:00:00,5.2,true
TT01858,TR0304,2025-09-07 00:00:00,5.0,true
TT01859,TR0304,2025-09-07 04:00:00,2.4,true
TT01860,TR0304,2025-09-07 08:00:00,17.4,false
TT01861,TR0304,2025-09-07 12:00:00,5.3,true
TT01862,TR0304,2025-09-07 16:00:00,4.0,true
TT01863,TR0304,2025-09-07 20:00:00,17.9,false
TT01864,TR0305,2025-09-25 00:00:00,3.0,true
TT01865,TR0305,2025-09-25 04:00:00,4.5,true
TT01866,TR0305,2025-09-25 08:00:00,6.5,true
TT01867,TR0305,2025-09-25 12:00:00,4.5,true
TT01868,TR0306,2025-09-02 00:00:00,3.0,true
TT01869,TR0306,2025-09-02 04:00:00,3.6,true
TT01870,TR0306,2025-09-02 08:00:00,6.9,true
TT01871,TR0306,2025-09-02 12:00:00,2.9,true
TT01872,TR0306,2025-09-02 16:00:00,2.9,true
TT01873,TR0306,2025-09-02 20:00:00,6.9,true
TT01874,TR0306,2025-09-02 24:00:00,5.1,true
TT01875,TR0306,2025-09-02 28:00:00,5.9,true
TT01876,TR0307,2025-07-04 00:00:00,2.5,true
TT01877,TR0307,2025-07-04 04:00:00,2.4,true
TT01878,TR0307,2025-07-04 08:00:00,6.8,true
TT01879,TR0307,2025-07-04 12:00:00,2.2,true
TT01880,TR0307,2025-07-04 16:00:00,4.0,true
TT01881,TR0307,2025-07-04 20:00:00,3.0,true
TT01882,TR0308,2025-10-22 00:00:00,5.3,true
TT01883,TR0308,2025-10-22 04:00:00,6.8,true
TT01884,TR0308,2025-10-22 08:00:00,3.0,true
TT01885,TR0308,2025-10-22 12:00:00,6.4,true
TT01886,TR0308,2025-10-22 16:00:00,6.7,true
TT01887,TR0308,2025-10-22 20:00:00,6.4,true
TT01888,TR0309,2025-11-11 00:00:00,3.1,true
TT01889,TR0309,2025-11-11 04:00:00,6.2,true
TT01890,TR0309,2025-11-11 08:00:00,7.0,true
TT01891,TR0309,2025-11-11 12:00:00,3.9,true
TT01892,TR0309,2025-11-11 16:00:00,6.4,true
TT01893,TR0309,2025-11-11 20:00:00,2.6,true
TT01894,TR0309,2025-11-11 24:00:00,4.0,true
TT01895,TR0309,2025-11-11 28:00:00,6.1,true
TT01896,TR0310,2025-07-24 00:00:00,4.2,true
TT01897,TR0310,2025-07-24 04:00:00,3.8,true
TT01898,TR0310,2025-07-24 08:00:00,6.4,true
TT01899,TR0310,2025-07-24 12:00:00,5.3,true
TT01900,TR0310,2025-07-24 16:00:00,6.0,true
TT01901,TR0310,2025-07-24 20:00:00,3.1,true
TT01902,TR0310,2025-07-24 24:00:00,5.3,true
TT01903,TR0311,2025-07-09 00:00:00,5.9,true
TT01904,TR0311,2025-07-09 04:00:00,3.8,true
TT01905,TR0311,2025-07-09 08:00:00,2.5,true
TT01906,TR0311,2025-07-09 12:00:00,4.7,true
TT01907,TR0311,2025-07-09 16:00:00,3.3,true
TT01908,TR0311,2025-07-09 20:00:00,5.2,true
TT01909,TR0311,2025-07-09 24:00:00,4.4,true
TT01910,TR0311,2025-07-09 28:00:00,3.0,true
TT01911,TR0312,2025-11-14 00:00:00,2.2,true
TT01912,TR0312,2025-11-14 04:00:00,3.8,true
TT01913,TR0312,2025-11-14 08:00:00,3.1,true
TT01914,TR0312,2025-11-14 12:00:00,5.7,true
TT01915,TR0312,2025-11-14 16:00:00,4.0,true
TT01916,TR0312,2025-11-14 20:00:00,6.9,true
TT01917,TR0312,2025-11-14 24:00:00,2.7,true
TT01918,TR0313,2025-07-02 00:00:00,5.4,true
TT01919,TR0313,2025-07-02 04:00:00,3.6,true
TT01920,TR0313,2025-07-02 08:00:00,5.5,true
TT01921,TR0313,2025-07-02 12:00:00,3.0,true
TT01922,TR0314,2025-10-01 00:00:00,12.9,false
TT01923,TR0314,2025-10-01 04:00:00,2.1,true
TT01924,TR0314,2025-10-01 08:00:00,3.6,true
TT01925,TR0314,2025-10-01 12:00:00,6.5,true
TT01926,TR0314,2025-10-01 16:00:00,6.6,true
TT01927,TR0314,2025-10-01 20:00:00,4.1,true
TT01928,TR0315,2025-09-25 00:00:00,3.2,true
TT01929,TR0315,2025-09-25 04:00:00,2.1,true
TT01930,TR0315,2025-09-25 08:00:00,4.4,true
TT01931,TR0315,2025-09-25 12:00:00,3.6,true
TT01932,TR0315,2025-09-25 16:00:00,3.2,true
TT01933,TR0315,2025-09-25 20:00:00,6.7,true
TT01934,TR0316,2025-09-01 00:00:00,2.0,true
TT01935,TR0316,2025-09-01 04:00:00,5.6,true
TT01936,TR0316,2025-09-01 08:00:00,6.5,true
TT01937,TR0316,2025-09-01 12:00:00,4.8,true
TT01938,TR0316,2025-09-01 16:00:00,4.1,true
TT01939,TR0316,2025-09-01 20:00:00,3.7,true
TT01940,TR0317,2025-11-10 00:00:00,2.3,true
TT01941,TR0317,2025-11-10 04:00:00,5.4,true
TT01942,TR0317,2025-11-10 08:00:00,3.9,true
TT01943,TR0317,2025-11-10 12:00:00,3.1,true
TT01944,TR0317,2025-11-10 16:00:00,6.5,true
TT01945,TR0318,2025-10-17 00:00:00,6.4,true
TT01946,TR0318,2025-10-17 04:00:00,4.1,true
TT01947,TR0318,2025-10-17 08:00:00,2.2,true
TT01948,TR0318,2025-10-17 12:00:00,4.0,true
TT01949,TR0318,2025-10-17 16:00:00,5.0,true
TT01950,TR0319,2025-09-03 00:00:00,3.3,true
TT01951,TR0319,2025-09-03 04:00:00,5.2,true
TT01952,TR0319,2025-09-03 08:00:00,6.5,true
TT01953,TR0319,2025-09-03 12:00:00,6.1,true
TT01954,TR0319,2025-09-03 16:00:00,4.8,true
TT01955,TR0319,2025-09-03 20:00:00,5.4,true
TT01956,TR0319,2025-09-03 24:00:00,6.2,true
TT01957,TR0320,2025-09-21 00:00:00,3.7,true
TT01958,TR0320,2025-09-21 04:00:00,5.4,true
TT01959,TR0320,2025-09-21 08:00:00,3.5,true
TT01960,TR0320,2025-09-21 12:00:00,3.7,true
TT01961,TR0320,2025-09-21 16:00:00,3.1,true
TT01962,TR0320,2025-09-21 20:00:00,2.4,true
TT01963,TR0321,2025-10-10 00:00:00,2.6,true
TT01964,TR0321,2025-10-10 04:00:00,2.2,true
TT01965,TR0321,2025-10-10 08:00:00,4.1,true
TT01966,TR0321,2025-10-10 12:00:00,2.0,true
TT01967,TR0321,2025-10-10 16:00:00,6.3,true
TT01968,TR0321,2025-10-10 20:00:00,4.1,true
TT01969,TR0321,2025-10-10 24:00:00,6.8,true
TT01970,TR0322,2025-10-07 00:00:00,4.4,true
TT01971,TR0322,2025-10-07 04:00:00,6.1,true
TT01972,TR0322,2025-10-07 08:00:00,3.6,true
TT01973,TR0322,2025-10-07 12:00:00,2.8,true
TT01974,TR0322,2025-10-07 16:00:00,3.7,true
TT01975,TR0322,2025-10-07 20:00:00,2.4,true
TT01976,TR0322,2025-10-07 24:00:00,7.0,true
TT01977,TR0322,2025-10-07 28:00:00,3.1,true
TT01978,TR0323,2025-10-23 00:00:00,5.3,true
TT01979,TR0323,2025-10-23 04:00:00,2.3,true
TT01980,TR0323,2025-10-23 08:00:00,5.3,true
TT01981,TR0323,2025-10-23 12:00:00,4.4,true
TT01982,TR0323,2025-10-23 16:00:00,3.3,true
TT01983,TR0323,2025-10-23 20:00:00,3.6,true
TT01984,TR0324,2025-07-21 00:00:00,6.2,true
TT01985,TR0324,2025-07-21 04:00:00,5.7,true
TT01986,TR0324,2025-07-21 08:00:00,6.4,true
TT01987,TR0324,2025-07-21 12:00:00,2.9,true
TT01988,TR0324,2025-07-21 16:00:00,5.1,true
TT01989,TR0324,2025-07-21 20:00:00,2.3,true
TT01990,TR0325,2025-09-01 00:00:00,6.1,true
TT01991,TR0325,2025-09-01 04:00:00,3.0,true
TT01992,TR0325,2025-09-01 08:00:00,3.2,true
TT01993,TR0325,2025-09-01 12:00:00,5.9,true
TT01994,TR0326,2025-07-01 00:00:00,3.5,true
TT01995,TR0326,2025-07-01 04:00:00,2.3,true
TT01996,TR0326,2025-07-01 08:00:00,3.1,true
TT01997,TR0326,2025-07-01 12:00:00,2.4,true
TT01998,TR0326,2025-07-01 16:00:00,6.4,true
TT01999,TR0326,2025-07-01 20:00:00,6.4,true
TT02000,TR0327,2025-10-10 00:00:00,2.4,true
TT02001,TR0327,2025-10-10 04:00:00,3.4,true
TT02002,TR0327,2025-10-10 08:00:00,6.0,true
TT02003,TR0327,2025-10-10 12:00:00,4.3,true
TT02004,TR0327,2025-10-10 16:00:00,3.5,true
TT02005,TR0327,2025-10-10 20:00:00,5.8,true
TT02006,TR0327,2025-10-10 24:00:00,3.2,true
TT02007,TR0328,2025-09-21 00:00:00,4.3,true
TT02008,TR0328,2025-09-21 04:00:00,3.3,true
TT02009,TR0328,2025-09-21 08:00:00,5.0,true
TT02010,TR0328,2025-09-21 12:00:00,6.6,true
TT02011,TR0328,2025-09-21 16:00:00,2.1,true
TT02012,TR0329,2025-11-16 00:00:00,4.4,true
TT02013,TR0329,2025-11-16 04:00:00,4.9,true
TT02014,TR0329,2025-11-16 08:00:00,5.5,true
TT02015,TR0329,2025-11-16 12:00:00,6.0,true
TT02016,TR0329,2025-11-16 16:00:00,6.2,true
TT02017,TR0329,2025-11-16 20:00:00,6.1,true
TT02018,TR0329,2025-11-16 24:00:00,4.9,true
TT02019,TR0330,2025-09-14 00:00:00,5.8,true
TT02020,TR0330,2025-09-14 04:00:00,6.4,true
TT02021,TR0330,2025-09-14 08:00:00,2.1,true
TT02022,TR0330,2025-09-14 12:00:00,4.4,true
TT02023,TR0330,2025-09-14 16:00:00,6.9,true
TT02024,TR0330,2025-09-14 20:00:00,2.2,true
TT02025,TR0330,2025-09-14 24:00:00,3.5,true
TT02026,TR0330,2025-09-14 28:00:00,5.2,true
TT02027,TR0331,2025-08-19 00:00:00,2.6,true
TT02028,TR0331,2025-08-19 04:00:00,5.4,true
TT02029,TR0331,2025-08-19 08:00:00,5.7,true
TT02030,TR0331,2025-08-19 12:00:00,2.3,true
TT02031,TR0331,2025-08-19 16:00:00,6.5,true
TT02032,TR0332,2025-10-09 00:00:00,4.5,true
TT02033,TR0332,2025-10-09 04:00:00,5.9,true
TT02034,TR0332,2025-10-09 08:00:00,3.5,true
TT02035,TR0332,2025-10-09 12:00:00,3.6,true
TT02036,TR0332,2025-10-09 16:00:00,3.6,true
TT02037,TR0332,2025-10-09 20:00:00,4.3,true
TT02038,TR0332,2025-10-09 24:00:00,4.1,true
TT02039,TR0333,2025-11-16 00:00:00,3.2,true
TT02040,TR0333,2025-11-16 04:00:00,5.7,true
TT02041,TR0333,2025-11-16 08:00:00,5.6,true
TT02042,TR0333,2025-11-16 12:00:00,5.5,true
TT02043,TR0333,2025-11-16 16:00:00,3.6,true
TT02044,TR0333,2025-11-16 20:00:00,6.1,true
TT02045,TR0333,2025-11-16 24:00:00,4.8,true
TT02046,TR0333,2025-11-16 28:00:00,3.1,true
TT02047,TR0334,2025-10-10 00:00:00,4.5,true
TT02048,TR0334,2025-10-10 04:00:00,5.5,true
TT02049,TR0334,2025-10-10 08:00:00,3.3,true
TT02050,TR0334,2025-10-10 12:00:00,5.5,true
TT02051,TR0334,2025-10-10 16:00:00,6.8,true
TT02052,TR0334,2025-10-10 20:00:00,2.1,true
TT02053,TR0335,2025-07-09 00:00:00,2.3,true
TT02054,TR0335,2025-07-09 04:00:00,6.8,true
TT02055,TR0335,2025-07-09 08:00:00,2.2,true
TT02056,TR0335,2025-07-09 12:00:00,3.4,true
TT02057,TR0335,2025-07-09 16:00:00,6.9,true
TT02058,TR0336,2025-08-23 00:00:00,5.1,true
TT02059,TR0336,2025-08-23 04:00:00,5.9,true
TT02060,TR0336,2025-08-23 08:00:00,6.7,true
TT02061,TR0336,2025-08-23 12:00:00,2.5,true
TT02062,TR0336,2025-08-23 16:00:00,6.0,true
TT02063,TR0336,2025-08-23 20:00:00,6.5,true
TT02064,TR0337,2025-07-06 00:00:00,6.3,true
TT02065,TR0337,2025-07-06 04:00:00,6.9,true
TT02066,TR0337,2025-07-06 08:00:00,4.5,true
TT02067,TR0337,2025-07-06 12:00:00,2.8,true
TT02068,TR0337,2025-07-06 16:00:00,2.1,true
TT02069,TR0338,2025-10-14 00:00:00,4.4,true
TT02070,TR0338,2025-10-14 04:00:00,5.2,true
TT02071,TR0338,2025-10-14 08:00:00,5.8,true
TT02072,TR0338,2025-10-14 12:00:00,3.2,true
TT02073,TR0338,2025-10-14 16:00:00,3.6,true
TT02074,TR0338,2025-10-14 20:00:00,6.5,true
TT02075,TR0339,2025-07-21 00:00:00,2.4,true
TT02076,TR0339,2025-07-21 04:00:00,3.9,true
TT02077,TR0339,2025-07-21 08:00:00,6.8,true
TT02078,TR0339,2025-07-21 12:00:00,4.0,true
TT02079,TR0339,2025-07-21 16:00:00,2.3,true
TT02080,TR0339,2025-07-21 20:00:00,6.3,true
TT02081,TR0339,2025-07-21 24:00:00,5.5,true
TT02082,TR0340,2025-07-06 00:00:00,6.3,true
TT02083,TR0340,2025-07-06 04:00:00,5.5,true
TT02084,TR0340,2025-07-06 08:00:00,3.6,true
TT02085,TR0340,2025-07-06 12:00:00,5.3,true
TT02086,TR0340,2025-07-06 16:00:00,2.2,true
TT02087,TR0340,2025-07-06 20:00:00,5.2,true
TT02088,TR0340,2025-07-06 24:00:00,5.5,true
TT02089,TR0341,2025-08-02 00:00:00,5.1,true
TT02090,TR0341,2025-08-02 04:00:00,2.1,true
TT02091,TR0341,2025-08-02 08:00:00,4.1,true
TT02092,TR0341,2025-08-02 12:00:00,5.2,true
TT02093,TR0341,2025-08-02 16:00:00,6.4,true
TT02094,TR0341,2025-08-02 20:00:00,2.1,true
TT02095,TR0342,2025-09-01 00:00:00,3.3,true
TT02096,TR0342,2025-09-01 04:00:00,6.3,true
TT02097,TR0342,2025-09-01 08:00:00,3.5,true
TT02098,TR0342,2025-09-01 12:00:00,5.4,true
TT02099,TR0342,2025-09-01 16:00:00,6.5,true
TT02100,TR0342,2025-09-01 20:00:00,4.7,true
TT02101,TR0342,2025-09-01 24:00:00,4.7,true
TT02102,TR0342,2025-09-01 28:00:00,4.4,true
TT02103,TR0343,2025-10-08 00:00:00,3.6,true
TT02104,TR0343,2025-10-08 04:00:00,4.4,true
TT02105,TR0343,2025-10-08 08:00:00,6.5,true
TT02106,TR0343,2025-10-08 12:00:00,4.5,true
TT02107,TR0344,2025-07-15 00:00:00,3.1,true
TT02108,TR0344,2025-07-15 04:00:00,3.3,true
TT02109,TR0344,2025-07-15 08:00:00,5.8,true
TT02110,TR0344,2025-07-15 12:00:00,6.4,true
TT02111,TR0344,2025-07-15 16:00:00,5.7,true
TT02112,TR0344,2025-07-15 20:00:00,4.2,true
TT02113,TR0345,2025-10-25 00:00:00,4.0,true
TT02114,TR0345,2025-10-25 04:00:00,4.8,true
TT02115,TR0345,2025-10-25 08:00:00,5.1,true
TT02116,TR0345,2025-10-25 12:00:00,5.3,true
TT02117,TR0345,2025-10-25 16:00:00,4.9,true
TT02118,TR0345,2025-10-25 20:00:00,3.6,true
TT02119,TR0345,2025-10-25 24:00:00,2.1,true
TT02120,TR0345,2025-10-25 28:00:00,3.8,true
TT02121,TR0346,2025-11-08 00:00:00,4.3,true
TT02122,TR0346,2025-11-08 04:00:00,4.3,true
TT02123,TR0346,2025-11-08 08:00:00,5.2,true
TT02124,TR0346,2025-11-08 12:00:00,6.7,true
TT02125,TR0346,2025-11-08 16:00:00,6.8,true
TT02126,TR0346,2025-11-08 20:00:00,6.0,true
TT02127,TR0346,2025-11-08 24:00:00,5.8,true
TT02128,TR0347,2025-11-01 00:00:00,5.2,true
TT02129,TR0347,2025-11-01 04:00:00,4.9,true
TT02130,TR0347,2025-11-01 08:00:00,3.3,true
TT02131,TR0347,2025-11-01 12:00:00,5.5,true
TT02132,TR0347,2025-11-01 16:00:00,3.3,true
TT02133,TR0347,2025-11-01 20:00:00,6.0,true
TT02134,TR0348,2025-08-09 00:00:00,5.5,true
TT02135,TR0348,2025-08-09 04:00:00,6.2,true
TT02136,TR0348,2025-08-09 08:00:00,5.6,true
TT02137,TR0348,2025-08-09 12:00:00,5.5,true
TT02138,TR0348,2025-08-09 16:00:00,4.1,true
TT02139,TR0348,2025-08-09 20:00:00,5.6,true
TT02140,TR0349,2025-08-13 00:00:00,2.3,true
TT02141,TR0349,2025-08-13 04:00:00,5.5,true
TT02142,TR0349,2025-08-13 08:00:00,6.2,true
TT02143,TR0349,2025-08-13 12:00:00,5.9,true
TT02144,TR0349,2025-08-13 16:00:00,2.5,true
TT02145,TR0349,2025-08-13 20:00:00,6.1,true
TT02146,TR0349,2025-08-13 24:00:00,6.5,true
TT02147,TR0349,2025-08-13 28:00:00,3.7,true
TT02148,TR0350,2025-07-17 00:00:00,3.6,true
TT02149,TR0350,2025-07-17 04:00:00,5.0,true
TT02150,TR0350,2025-07-17 08:00:00,6.9,true
TT02151,TR0350,2025-07-17 12:00:00,5.8,true
TT02152,TR0350,2025-07-17 16:00:00,4.5,true
TT02153,TR0350,2025-07-17 20:00:00,5.8,true
TT02154,TR0351,2025-11-10 00:00:00,5.5,true
TT02155,TR0351,2025-11-10 04:00:00,3.5,true
TT02156,TR0351,2025-11-10 08:00:00,4.8,true
TT02157,TR0351,2025-11-10 12:00:00,2.8,true
TT02158,TR0351,2025-11-10 16:00:00,6.7,true
TT02159,TR0351,2025-11-10 20:00:00,5.3,true
TT02160,TR0351,2025-11-10 24:00:00,5.7,true
TT02161,TR0352,2025-11-22 00:00:00,3.8,true
TT02162,TR0352,2025-11-22 04:00:00,5.8,true
TT02163,TR0352,2025-11-22 08:00:00,3.0,true
TT02164,TR0352,2025-11-22 12:00:00,5.8,true
TT02165,TR0352,2025-11-22 16:00:00,2.9,true
TT02166,TR0353,2025-10-02 00:00:00,3.3,true
TT02167,TR0353,2025-10-02 04:00:00,4.0,true
TT02168,TR0353,2025-10-02 08:00:00,5.1,true
TT02169,TR0353,2025-10-02 12:00:00,2.1,true
TT02170,TR0353,2025-10-02 16:00:00,5.6,true
TT02171,TR0353,2025-10-02 20:00:00,6.0,true
TT02172,TR0353,2025-10-02 24:00:00,2.6,true
TT02173,TR0354,2025-09-25 00:00:00,2.6,true
TT02174,TR0354,2025-09-25 04:00:00,6.9,true
TT02175,TR0354,2025-09-25 08:00:00,5.7,true
TT02176,TR0354,2025-09-25 12:00:00,5.5,true
TT02177,TR0354,2025-09-25 16:00:00,3.9,true
TT02178,TR0354,2025-09-25 20:00:00,5.0,true
TT02179,TR0355,2025-08-19 00:00:00,2.8,true
TT02180,TR0355,2025-08-19 04:00:00,4.6,true
TT02181,TR0355,2025-08-19 08:00:00,6.3,true
TT02182,TR0355,2025-08-19 12:00:00,2.4,true
TT02183,TR0355,2025-08-19 16:00:00,6.5,true
TT02184,TR0355,2025-08-19 20:00:00,5.5,true
TT02185,TR0356,2025-11-03 00:00:00,3.5,true
TT02186,TR0356,2025-11-03 04:00:00,6.3,true
TT02187,TR0356,2025-11-03 08:00:00,2.2,true
TT02188,TR0356,2025-11-03 12:00:00,3.4,true
TT02189,TR0356,2025-11-03 16:00:00,4.7,true
TT02190,TR0356,2025-11-03 20:00:00,6.9,true
TT02191,TR0356,2025-11-03 24:00:00,3.2,true
TT02192,TR0356,2025-11-03 28:00:00,4.2,true
TT02193,TR0357,2025-07-18 00:00:00,2.9,true
TT02194,TR0357,2025-07-18 04:00:00,4.7,true
TT02195,TR0357,2025-07-18 08:00:00,4.0,true
TT02196,TR0357,2025-07-18 12:00:00,2.5,true
TT02197,TR0357,2025-07-18 16:00:00,5.0,true
TT02198,TR0357,2025-07-18 20:00:00,5.7,true
TT02199,TR0357,2025-07-18 24:00:00,6.8,true
TT02200,TR0358,2025-07-12 00:00:00,5.6,true
TT02201,TR0358,2025-07-12 04:00:00,2.6,true
TT02202,TR0358,2025-07-12 08:00:00,5.9,true
TT02203,TR0358,2025-07-12 12:00:00,6.3,true
TT02204,TR0358,2025-07-12 16:00:00,3.3,true
TT02205,TR0359,2025-11-19 00:00:00,4.8,true
TT02206,TR0359,2025-11-19 04:00:00,5.3,true
TT02207,TR0359,2025-11-19 08:00:00,6.3,true
TT02208,TR0359,2025-11-19 12:00:00,2.3,true
TT02209,TR0359,2025-11-19 16:00:00,4.5,true
TT02210,TR0359,2025-11-19 20:00:00,2.2,true
TT02211,TR0359,2025-11-19 24:00:00,3.8,true
TT02212,TR0360,2025-07-06 00:00:00,4.6,true
TT02213,TR0360,2025-07-06 04:00:00,2.7,true
TT02214,TR0360,2025-07-06 08:00:00,2.9,true
TT02215,TR0360,2025-07-06 12:00:00,4.8,true
TT02216,TR0360,2025-07-06 16:00:00,6.5,true
TT02217,TR0360,2025-07-06 20:00:00,6.4,true
TT02218,TR0360,2025-07-06 24:00:00,6.9,true
TT02219,TR0361,2025-10-07 00:00:00,5.5,true
TT02220,TR0361,2025-10-07 04:00:00,2.1,true
TT02221,TR0361,2025-10-07 08:00:00,3.3,true
TT02222,TR0361,2025-10-07 12:00:00,3.5,true
TT02223,TR0361,2025-10-07 16:00:00,3.0,true
TT02224,TR0362,2025-11-13 00:00:00,3.9,true
TT02225,TR0362,2025-11-13 04:00:00,2.1,true
TT02226,TR0362,2025-11-13 08:00:00,5.1,true
TT02227,TR0362,2025-11-13 12:00:00,6.2,true
TT02228,TR0362,2025-11-13 16:00:00,2.0,true
TT02229,TR0362,2025-11-13 20:00:00,3.7,true
TT02230,TR0362,2025-11-13 24:00:00,6.1,true
TT02231,TR0363,2025-11-23 00:00:00,3.9,true
TT02232,TR0363,2025-11-23 04:00:00,2.9,true
TT02233,TR0363,2025-11-23 08:00:00,2.7,true
TT02234,TR0363,2025-11-23 12:00:00,4.0,true
TT02235,TR0363,2025-11-23 16:00:00,4.1,true
TT02236,TR0363,2025-11-23 20:00:00,4.9,true
TT02237,TR0363,2025-11-23 24:00:00,2.8,true
TT02238,TR0364,2025-07-01 00:00:00,2.1,true
TT02239,TR0364,2025-07-01 04:00:00,6.5,true
TT02240,TR0364,2025-07-01 08:00:00,5.6,true
TT02241,TR0364,2025-07-01 12:00:00,6.4,true
TT02242,TR0364,2025-07-01 16:00:00,2.5,true
TT02243,TR0365,2025-10-25 00:00:00,6.8,true
TT02244,TR0365,2025-10-25 04:00:00,5.7,true
TT02245,TR0365,2025-10-25 08:00:00,6.3,true
TT02246,TR0365,2025-10-25 12:00:00,2.9,true
TT02247,TR0365,2025-10-25 16:00:00,6.4,true
TT02248,TR0365,2025-10-25 20:00:00,5.3,true
TT02249,TR0365,2025-10-25 24:00:00,5.7,true
TT02250,TR0366,2025-11-15 00:00:00,2.4,true
TT02251,TR0366,2025-11-15 04:00:00,5.2,true
TT02252,TR0366,2025-11-15 08:00:00,2.8,true
TT02253,TR0366,2025-11-15 12:00:00,2.4,true
TT02254,TR0366,2025-11-15 16:00:00,5.6,true
TT02255,TR0367,2025-07-12 00:00:00,3.0,true
TT02256,TR0367,2025-07-12 04:00:00,2.9,true
TT02257,TR0367,2025-07-12 08:00:00,2.1,true
TT02258,TR0367,2025-07-12 12:00:00,4.4,true
TT02259,TR0367,2025-07-12 16:00:00,6.1,true
TT02260,TR0367,2025-07-12 20:00:00,6.0,true
TT02261,TR0368,2025-11-12 00:00:00,3.3,true
TT02262,TR0368,2025-11-12 04:00:00,2.6,true
TT02263,TR0368,2025-11-12 08:00:00,5.0,true
TT02264,TR0368,2025-11-12 12:00:00,6.9,true
TT02265,TR0368,2025-11-12 16:00:00,5.4,true
TT02266,TR0368,2025-11-12 20:00:00,2.4,true
TT02267,TR0368,2025-11-12 24:00:00,5.4,true
TT02268,TR0368,2025-11-12 28:00:00,3.4,true
TT02269,TR0369,2025-11-16 00:00:00,3.7,true
TT02270,TR0369,2025-11-16 04:00:00,2.6,true
TT02271,TR0369,2025-11-16 08:00:00,3.6,true
TT02272,TR0369,2025-11-16 12:00:00,3.6,true
TT02273,TR0369,2025-11-16 16:00:00,4.4,true
TT02274,TR0369,2025-11-16 20:00:00,5.2,true
TT02275,TR0370,2025-11-07 00:00:00,4.0,true
TT02276,TR0370,2025-11-07 04:00:00,6.8,true
TT02277,TR0370,2025-11-07 08:00:00,5.5,true
TT02278,TR0370,2025-11-07 12:00:00,6.6,true
TT02279,TR0370,2025-11-07 16:00:00,2.9,true
TT02280,TR0371,2025-10-11 00:00:00,6.7,true
TT02281,TR0371,2025-10-11 04:00:00,5.5,true
TT02282,TR0371,2025-10-11 08:00:00,3.1,true
TT02283,TR0371,2025-10-11 12:00:00,2.3,true
TT02284,TR0372,2025-09-15 00:00:00,2.3,true
TT02285,TR0372,2025-09-15 04:00:00,2.8,true
TT02286,TR0372,2025-09-15 08:00:00,2.2,true
TT02287,TR0372,2025-09-15 12:00:00,2.3,true
TT02288,TR0372,2025-09-15 16:00:00,6.2,true
TT02289,TR0372,2025-09-15 20:00:00,6.2,true
TT02290,TR0373,2025-10-24 00:00:00,4.0,true
TT02291,TR0373,2025-10-24 04:00:00,5.7,true
TT02292,TR0373,2025-10-24 08:00:00,5.3,true
TT02293,TR0373,2025-10-24 12:00:00,6.3,true
TT02294,TR0373,2025-10-24 16:00:00,3.1,true
TT02295,TR0373,2025-10-24 20:00:00,3.2,true
TT02296,TR0374,2025-07-15 00:00:00,5.0,true
TT02297,TR0374,2025-07-15 04:00:00,3.3,true
TT02298,TR0374,2025-07-15 08:00:00,5.5,true
TT02299,TR0374,2025-07-15 12:00:00,6.3,true
TT02300,TR0374,2025-07-15 16:00:00,2.9,true
TT02301,TR0375,2025-11-24 00:00:00,4.4,true
TT02302,TR0375,2025-11-24 04:00:00,4.3,true
TT02303,TR0375,2025-11-24 08:00:00,5.5,true
TT02304,TR0375,2025-11-24 12:00:00,6.2,true
TT02305,TR0375,2025-11-24 16:00:00,4.4,true
TT02306,TR0375,2025-11-24 20:00:00,4.3,true
TT02307,TR0375,2025-11-24 24:00:00,2.3,true
TT02308,TR0375,2025-11-24 28:00:00,2.4,true
TT02309,TR0376,2025-07-04 00:00:00,2.6,true
TT02310,TR0376,2025-07-04 04:00:00,6.3,true
TT02311,TR0376,2025-07-04 08:00:00,3.5,true
TT02312,TR0376,2025-07-04 12:00:00,2.4,true
TT02313,TR0376,2025-07-04 16:00:00,6.8,true
TT02314,TR0376,2025-07-04 20:00:00,6.9,true
TT02315,TR0377,2025-11-22 00:00:00,6.0,true
TT02316,TR0377,2025-11-22 04:00:00,6.9,true
TT02317,TR0377,2025-11-22 08:00:00,2.5,true
TT02318,TR0377,2025-11-22 12:00:00,6.6,true
TT02319,TR0377,2025-11-22 16:00:00,6.0,true
TT02320,TR0378,2025-10-17 00:00:00,6.5,true
TT02321,TR0378,2025-10-17 04:00:00,2.9,true
TT02322,TR0378,2025-10-17 08:00:00,6.8,true
TT02323,TR0378,2025-10-17 12:00:00,4.3,true
TT02324,TR0378,2025-10-17 16:00:00,5.9,true
TT02325,TR0378,2025-10-17 20:00:00,2.5,true
TT02326,TR0378,2025-10-17 24:00:00,4.9,true
TT02327,TR0379,2025-10-01 00:00:00,4.2,true
TT02328,TR0379,2025-10-01 04:00:00,3.7,true
TT02329,TR0379,2025-10-01 08:00:00,5.4,true
TT02330,TR0379,2025-10-01 12:00:00,2.3,true
TT02331,TR0379,2025-10-01 16:00:00,3.0,true
TT02332,TR0379,2025-10-01 20:00:00,7.0,true
TT02333,TR0379,2025-10-01 24:00:00,3.6,true
TT02334,TR0379,2025-10-01 28:00:00,7.0,true
TT02335,TR0380,2025-07-21 00:00:00,4.2,true
TT02336,TR0380,2025-07-21 04:00:00,3.1,true
TT02337,TR0380,2025-07-21 08:00:00,4.7,true
TT02338,TR0380,2025-07-21 12:00:00,4.1,true
TT02339,TR0380,2025-07-21 16:00:00,6.9,true
TT02340,TR0380,2025-07-21 20:00:00,6.9,true
TT02341,TR0381,2025-10-13 00:00:00,2.6,true
TT02342,TR0381,2025-10-13 04:00:00,5.6,true
TT02343,TR0381,2025-10-13 08:00:00,5.6,true
TT02344,TR0381,2025-10-13 12:00:00,5.3,true
TT02345,TR0381,2025-10-13 16:00:00,5.9,true
TT02346,TR0381,2025-10-13 20:00:00,5.5,true
TT02347,TR0381,2025-10-13 24:00:00,6.4,true
TT02348,TR0382,2025-08-14 00:00:00,6.2,true
TT02349,TR0382,2025-08-14 04:00:00,6.6,true
TT02350,TR0382,2025-08-14 08:00:00,3.6,true
TT02351,TR0382,2025-08-14 12:00:00,3.4,true
TT02352,TR0382,2025-08-14 16:00:00,5.3,true
TT02353,TR0383,2025-08-24 00:00:00,4.1,true
TT02354,TR0383,2025-08-24 04:00:00,5.8,true
TT02355,TR0383,2025-08-24 08:00:00,6.4,true
TT02356,TR0383,2025-08-24 12:00:00,6.4,true
TT02357,TR0383,2025-08-24 16:00:00,6.6,true
TT02358,TR0384,2025-09-09 00:00:00,3.8,true
TT02359,TR0384,2025-09-09 04:00:00,4.6,true
TT02360,TR0384,2025-09-09 08:00:00,5.3,true
TT02361,TR0384,2025-09-09 12:00:00,4.0,true
TT02362,TR0384,2025-09-09 16:00:00,2.1,true
TT02363,TR0385,2025-09-17 00:00:00,5.1,true
TT02364,TR0385,2025-09-17 04:00:00,5.8,true
TT02365,TR0385,2025-09-17 08:00:00,6.1,true
TT02366,TR0385,2025-09-17 12:00:00,2.2,true
TT02367,TR0385,2025-09-17 16:00:00,4.0,true
TT02368,TR0385,2025-09-17 20:00:00,3.4,true
TT02369,TR0385,2025-09-17 24:00:00,3.3,true
TT02370,TR0386,2025-08-19 00:00:00,5.2,true
TT02371,TR0386,2025-08-19 04:00:00,4.3,true
TT02372,TR0386,2025-08-19 08:00:00,5.1,true
TT02373,TR0386,2025-08-19 12:00:00,6.6,true
TT02374,TR0386,2025-08-19 16:00:00,5.5,true
TT02375,TR0386,2025-08-19 20:00:00,3.7,true
TT02376,TR0386,2025-08-19 24:00:00,4.5,true
TT02377,TR0386,2025-08-19 28:00:00,2.6,true
TT02378,TR0387,2025-08-24 00:00:00,2.5,true
TT02379,TR0387,2025-08-24 04:00:00,4.3,true
TT02380,TR0387,2025-08-24 08:00:00,4.1,true
TT02381,TR0387,2025-08-24 12:00:00,4.0,true
TT02382,TR0387,2025-08-24 16:00:00,4.5,true
TT02383,TR0388,2025-10-05 00:00:00,6.3,true
TT02384,TR0388,2025-10-05 04:00:00,2.9,true
TT02385,TR0388,2025-10-05 08:00:00,2.2,true
TT02386,TR0388,2025-10-05 12:00:00,4.9,true
TT02387,TR0388,2025-10-05 16:00:00,5.9,true
TT02388,TR0388,2025-10-05 20:00:00,3.3,true
TT02389,TR0388,2025-10-05 24:00:00,2.1,true
TT02390,TR0389,2025-07-14 00:00:00,4.6,true
TT02391,TR0389,2025-07-14 04:00:00,3.6,true
TT02392,TR0389,2025-07-14 08:00:00,3.0,true
TT02393,TR0389,2025-07-14 12:00:00,6.4,true
TT02394,TR0389,2025-07-14 16:00:00,5.1,true
TT02395,TR0389,2025-07-14 20:00:00,5.0,true
TT02396,TR0390,2025-07-13 00:00:00,2.8,true
TT02397,TR0390,2025-07-13 04:00:00,3.4,true
TT02398,TR0390,2025-07-13 08:00:00,6.0,true
TT02399,TR0390,2025-07-13 12:00:00,4.1,true
TT02400,TR0390,2025-07-13 16:00:00,6.2,true
TT02401,TR0390,2025-07-13 20:00:00,4.8,true
TT02402,TR0391,2025-09-13 00:00:00,2.7,true
TT02403,TR0391,2025-09-13 04:00:00,6.5,true
TT02404,TR0391,2025-09-13 08:00:00,5.3,true
TT02405,TR0391,2025-09-13 12:00:00,3.6,true
TT02406,TR0391,2025-09-13 16:00:00,6.5,true
TT02407,TR0391,2025-09-13 20:00:00,5.2,true
TT02408,TR0391,2025-09-13 24:00:00,5.4,true
TT02409,TR0391,2025-09-13 28:00:00,6.8,true
TT02410,TR0392,2025-09-17 00:00:00,5.6,true
TT02411,TR0392,2025-09-17 04:00:00,4.8,true
TT02412,TR0392,2025-09-17 08:00:00,4.4,true
TT02413,TR0392,2025-09-17 12:00:00,2.7,true
TT02414,TR0392,2025-09-17 16:00:00,4.8,true
TT02415,TR0393,2025-07-15 00:00:00,6.4,true
TT02416,TR0393,2025-07-15 04:00:00,4.0,true
TT02417,TR0393,2025-07-15 08:00:00,2.7,true
TT02418,TR0393,2025-07-15 12:00:00,5.8,true
TT02419,TR0393,2025-07-15 16:00:00,4.0,true
TT02420,TR0394,2025-10-10 00:00:00,6.5,true
TT02421,TR0394,2025-10-10 04:00:00,3.9,true
TT02422,TR0394,2025-10-10 08:00:00,2.5,true
TT02423,TR0394,2025-10-10 12:00:00,3.3,true
TT02424,TR0394,2025-10-10 16:00:00,5.8,true
TT02425,TR0394,2025-10-10 20:00:00,4.2,true
TT02426,TR0394,2025-10-10 24:00:00,2.7,true
TT02427,TR0395,2025-07-19 00:00:00,4.0,true
TT02428,TR0395,2025-07-19 04:00:00,4.5,true
TT02429,TR0395,2025-07-19 08:00:00,6.8,true
TT02430,TR0395,2025-07-19 12:00:00,4.3,true
TT02431,TR0395,2025-07-19 16:00:00,3.5,true
TT02432,TR0396,2025-10-23 00:00:00,6.3,true
TT02433,TR0396,2025-10-23 04:00:00,5.6,true
TT02434,TR0396,2025-10-23 08:00:00,2.2,true
TT02435,TR0396,2025-10-23 12:00:00,3.0,true
TT02436,TR0396,2025-10-23 16:00:00,4.4,true
TT02437,TR0396,2025-10-23 20:00:00,4.0,true
TT02438,TR0396,2025-10-23 24:00:00,2.7,true
TT02439,TR0397,2025-10-19 00:00:00,5.5,true
TT02440,TR0397,2025-10-19 04:00:00,5.2,true
TT02441,TR0397,2025-10-19 08:00:00,6.3,true
TT02442,TR0397,2025-10-19 12:00:00,4.1,true
TT02443,TR0397,2025-10-19 16:00:00,4.5,true
TT02444,TR0397,2025-10-19 20:00:00,3.5,true
TT02445,TR0398,2025-08-13 00:00:00,4.8,true
TT02446,TR0398,2025-08-13 04:00:00,2.0,true
TT02447,TR0398,2025-08-13 08:00:00,3.6,true
TT02448,TR0398,2025-08-13 12:00:00,5.3,true
TT02449,TR0398,2025-08-13 16:00:00,2.6,true
TT02450,TR0398,2025-08-13 20:00:00,4.8,true
TT02451,TR0399,2025-11-23 00:00:00,3.3,true
TT02452,TR0399,2025-11-23 04:00:00,5.6,true
TT02453,TR0399,2025-11-23 08:00:00,6.0,true
TT02454,TR0399,2025-11-23 12:00:00,6.4,true
TT02455,TR0399,2025-11-23 16:00:00,4.2,true
TT02456,TR0399,2025-11-23 20:00:00,6.6,true
TT02457,TR0399,2025-11-23 24:00:00,3.4,true
TT02458,TR0399,2025-11-23 28:00:00,6.7,true
TT02459,TR0400,2025-07-08 00:00:00,4.7,true
TT02460,TR0400,2025-07-08 04:00:00,4.2,true
TT02461,TR0400,2025-07-08 08:00:00,6.3,true
TT02462,TR0400,2025-07-08 12:00:00,5.3,true
TT02463,TR0400,2025-07-08 16:00:00,5.9,true
TT02464,TR0401,2025-07-20 00:00:00,6.7,true
TT02465,TR0401,2025-07-20 04:00:00,6.8,true
TT02466,TR0401,2025-07-20 08:00:00,2.1,true
TT02467,TR0401,2025-07-20 12:00:00,3.7,true
TT02468,TR0401,2025-07-20 16:00:00,3.0,true
TT02469,TR0401,2025-07-20 20:00:00,2.7,true
TT02470,TR0401,2025-07-20 24:00:00,2.9,true
TT02471,TR0401,2025-07-20 28:00:00,3.0,true
TT02472,TR0402,2025-10-13 00:00:00,4.7,true
TT02473,TR0402,2025-10-13 04:00:00,3.1,true
TT02474,TR0402,2025-10-13 08:00:00,5.8,true
TT02475,TR0402,2025-10-13 12:00:00,3.3,true
TT02476,TR0402,2025-10-13 16:00:00,5.1,true
TT02477,TR0402,2025-10-13 20:00:00,4.3,true
TT02478,TR0403,2025-10-16 00:00:00,3.7,true
TT02479,TR0403,2025-10-16 04:00:00,6.6,true
TT02480,TR0403,2025-10-16 08:00:00,5.3,true
TT02481,TR0403,2025-10-16 12:00:00,5.5,true
TT02482,TR0403,2025-10-16 16:00:00,4.2,true
TT02483,TR0403,2025-10-16 20:00:00,3.9,true
TT02484,TR0403,2025-10-16 24:00:00,4.8,true
TT02485,TR0404,2025-09-21 00:00:00,4.7,true
TT02486,TR0404,2025-09-21 04:00:00,3.7,true
TT02487,TR0404,2025-09-21 08:00:00,4.9,true
TT02488,TR0404,2025-09-21 12:00:00,6.7,true
TT02489,TR0404,2025-09-21 16:00:00,6.5,true
TT02490,TR0404,2025-09-21 20:00:00,4.4,true
TT02491,TR0404,2025-09-21 24:00:00,6.7,true
TT02492,TR0405,2025-09-05 00:00:00,3.3,true
TT02493,TR0405,2025-09-05 04:00:00,2.9,true
TT02494,TR0405,2025-09-05 08:00:00,2.0,true
TT02495,TR0405,2025-09-05 12:00:00,2.4,true
TT02496,TR0405,2025-09-05 16:00:00,5.5,true
TT02497,TR0405,2025-09-05 20:00:00,4.9,true
TT02498,TR0405,2025-09-05 24:00:00,2.4,true
TT02499,TR0405,2025-09-05 28:00:00,5.3,true
TT02500,TR0406,2025-11-20 00:00:00,12.5,false
TT02501,TR0406,2025-11-20 04:00:00,12.9,false
TT02502,TR0406,2025-11-20 08:00:00,3.5,true
TT02503,TR0406,2025-11-20 12:00:00,6.1,true
TT02504,TR0406,2025-11-20 16:00:00,5.2,true
TT02505,TR0406,2025-11-20 20:00:00,4.2,true
TT02506,TR0406,2025-11-20 24:00:00,6.8,true
TT02507,TR0406,2025-11-20 28:00:00,16.2,false
TT02508,TR0407,2025-09-01 00:00:00,6.0,true
TT02509,TR0407,2025-09-01 04:00:00,3.7,true
TT02510,TR0407,2025-09-01 08:00:00,3.1,true
TT02511,TR0407,2025-09-01 12:00:00,3.9,true
TT02512,TR0407,2025-09-01 16:00:00,6.5,true
TT02513,TR0408,2025-08-18 00:00:00,6.1,true
TT02514,TR0408,2025-08-18 04:00:00,4.9,true
TT02515,TR0408,2025-08-18 08:00:00,2.8,true
TT02516,TR0408,2025-08-18 12:00:00,6.8,true
TT02517,TR0408,2025-08-18 16:00:00,2.6,true
TT02518,TR0408,2025-08-18 20:00:00,2.8,true
TT02519,TR0408,2025-08-18 24:00:00,5.7,true
TT02520,TR0408,2025-08-18 28:00:00,4.5,true
TT02521,TR0409,2025-11-24 00:00:00,5.6,true
TT02522,TR0409,2025-11-24 04:00:00,2.2,true
TT02523,TR0409,2025-11-24 08:00:00,2.0,true
TT02524,TR0409,2025-11-24 12:00:00,3.7,true
TT02525,TR0409,2025-11-24 16:00:00,7.0,true
TT02526,TR0409,2025-11-24 20:00:00,4.0,true
TT02527,TR0409,2025-11-24 24:00:00,4.7,true
TT02528,TR0409,2025-11-24 28:00:00,5.4,true
TT02529,TR0410,2025-09-10 00:00:00,3.8,true
TT02530,TR0410,2025-09-10 04:00:00,5.6,true
TT02531,TR0410,2025-09-10 08:00:00,2.5,true
TT02532,TR0410,2025-09-10 12:00:00,3.7,true
TT02533,TR0410,2025-09-10 16:00:00,5.0,true
TT02534,TR0410,2025-09-10 20:00:00,5.3,true
TT02535,TR0410,2025-09-10 24:00:00,4.3,true
TT02536,TR0411,2025-07-08 00:00:00,4.9,true
TT02537,TR0411,2025-07-08 04:00:00,3.0,true
TT02538,TR0411,2025-07-08 08:00:00,5.1,true
TT02539,TR0411,2025-07-08 12:00:00,4.1,true
TT02540,TR0412,2025-07-20 00:00:00,3.6,true
TT02541,TR0412,2025-07-20 04:00:00,2.3,true
TT02542,TR0412,2025-07-20 08:00:00,4.6,true
TT02543,TR0412,2025-07-20 12:00:00,3.6,true
TT02544,TR0413,2025-11-16 00:00:00,5.5,true
TT02545,TR0413,2025-11-16 04:00:00,6.9,true
TT02546,TR0413,2025-11-16 08:00:00,3.4,true
TT02547,TR0413,2025-11-16 12:00:00,4.3,true
TT02548,TR0413,2025-11-16 16:00:00,5.6,true
TT02549,TR0413,2025-11-16 20:00:00,3.7,true
TT02550,TR0413,2025-11-16 24:00:00,5.8,true
TT02551,TR0414,2025-10-03 00:00:00,3.0,true
TT02552,TR0414,2025-10-03 04:00:00,5.3,true
TT02553,TR0414,2025-10-03 08:00:00,3.0,true
TT02554,TR0414,2025-10-03 12:00:00,6.0,true
TT02555,TR0414,2025-10-03 16:00:00,4.7,true
TT02556,TR0414,2025-10-03 20:00:00,4.7,true
TT02557,TR0415,2025-11-08 00:00:00,4.4,true
TT02558,TR0415,2025-11-08 04:00:00,4.9,true
TT02559,TR0415,2025-11-08 08:00:00,2.5,true
TT02560,TR0415,2025-11-08 12:00:00,3.0,true
TT02561,TR0415,2025-11-08 16:00:00,6.9,true
TT02562,TR0415,2025-11-08 20:00:00,3.0,true
TT02563,TR0415,2025-11-08 24:00:00,4.4,true
TT02564,TR0415,2025-11-08 28:00:00,2.2,true
TT02565,TR0416,2025-09-06 00:00:00,2.2,true
TT02566,TR0416,2025-09-06 04:00:00,5.6,true
TT02567,TR0416,2025-09-06 08:00:00,5.1,true
TT02568,TR0416,2025-09-06 12:00:00,6.8,true
TT02569,TR0416,2025-09-06 16:00:00,2.4,true
TT02570,TR0416,2025-09-06 20:00:00,3.2,true
TT02571,TR0416,2025-09-06 24:00:00,5.0,true
TT02572,TR0417,2025-09-17 00:00:00,4.2,true
TT02573,TR0417,2025-09-17 04:00:00,3.1,true
TT02574,TR0417,2025-09-17 08:00:00,4.4,true
TT02575,TR0417,2025-09-17 12:00:00,6.0,true
TT02576,TR0417,2025-09-17 16:00:00,5.6,true
TT02577,TR0417,2025-09-17 20:00:00,5.6,true
TT02578,TR0417,2025-09-17 24:00:00,3.3,true
TT02579,TR0417,2025-09-17 28:00:00,6.9,true
TT02580,TR0418,2025-10-08 00:00:00,6.1,true
TT02581,TR0418,2025-10-08 04:00:00,2.4,true
TT02582,TR0418,2025-10-08 08:00:00,2.3,true
TT02583,TR0418,2025-10-08 12:00:00,3.2,true
TT02584,TR0418,2025-10-08 16:00:00,4.0,true
TT02585,TR0418,2025-10-08 20:00:00,6.0,true
TT02586,TR0419,2025-11-16 00:00:00,6.6,true
TT02587,TR0419,2025-11-16 04:00:00,4.6,true
TT02588,TR0419,2025-11-16 08:00:00,5.0,true
TT02589,TR0419,2025-11-16 12:00:00,5.7,true
TT02590,TR0419,2025-11-16 16:00:00,2.6,true
TT02591,TR0419,2025-11-16 20:00:00,4.3,true
TT02592,TR0419,2025-11-16 24:00:00,3.9,true
TT02593,TR0420,2025-07-16 00:00:00,6.1,true
TT02594,TR0420,2025-07-16 04:00:00,6.0,true
TT02595,TR0420,2025-07-16 08:00:00,6.2,true
TT02596,TR0420,2025-07-16 12:00:00,4.7,true
TT02597,TR0420,2025-07-16 16:00:00,3.2,true
TT02598,TR0420,2025-07-16 20:00:00,4.2,true
TT02599,TR0421,2025-11-18 00:00:00,6.6,true
TT02600,TR0421,2025-11-18 04:00:00,5.2,true
TT02601,TR0421,2025-11-18 08:00:00,5.7,true
TT02602,TR0421,2025-11-18 12:00:00,5.8,true
TT02603,TR0421,2025-11-18 16:00:00,2.7,true
TT02604,TR0422,2025-11-25 00:00:00,2.5,true
TT02605,TR0422,2025-11-25 04:00:00,4.7,true
TT02606,TR0422,2025-11-25 08:00:00,3.8,true
TT02607,TR0422,2025-11-25 12:00:00,4.4,true
TT02608,TR0422,2025-11-25 16:00:00,5.2,true
TT02609,TR0423,2025-07-10 00:00:00,2.8,true
TT02610,TR0423,2025-07-10 04:00:00,4.8,true
TT02611,TR0423,2025-07-10 08:00:00,2.3,true
TT02612,TR0423,2025-07-10 12:00:00,5.1,true
TT02613,TR0423,2025-07-10 16:00:00,6.0,true
TT02614,TR0423,2025-07-10 20:00:00,6.1,true
TT02615,TR0424,2025-09-22 00:00:00,2.2,true
TT02616,TR0424,2025-09-22 04:00:00,5.4,true
TT02617,TR0424,2025-09-22 08:00:00,6.9,true
TT02618,TR0424,2025-09-22 12:00:00,6.4,true
TT02619,TR0424,2025-09-22 16:00:00,6.5,true
TT02620,TR0424,2025-09-22 20:00:00,5.1,true
TT02621,TR0424,2025-09-22 24:00:00,4.6,true
TT02622,TR0425,2025-07-04 00:00:00,4.6,true
TT02623,TR0425,2025-07-04 04:00:00,2.1,true
TT02624,TR0425,2025-07-04 08:00:00,3.7,true
TT02625,TR0425,2025-07-04 12:00:00,3.3,true
TT02626,TR0425,2025-07-04 16:00:00,2.1,true
TT02627,TR0425,2025-07-04 20:00:00,5.6,true
TT02628,TR0425,2025-07-04 24:00:00,6.8,true
TT02629,TR0425,2025-07-04 28:00:00,2.9,true
TT02630,TR0426,2025-07-13 00:00:00,5.6,true
TT02631,TR0426,2025-07-13 04:00:00,6.5,true
TT02632,TR0426,2025-07-13 08:00:00,6.1,true
TT02633,TR0426,2025-07-13 12:00:00,6.5,true
TT02634,TR0426,2025-07-13 16:00:00,4.8,true
TT02635,TR0426,2025-07-13 20:00:00,5.3,true
TT02636,TR0426,2025-07-13 24:00:00,4.6,true
TT02637,TR0426,2025-07-13 28:00:00,7.0,true
TT02638,TR0427,2025-11-19 00:00:00,6.3,true
TT02639,TR0427,2025-11-19 04:00:00,5.6,true
TT02640,TR0427,2025-11-19 08:00:00,2.2,true
TT02641,TR0427,2025-11-19 12:00:00,5.2,true
TT02642,TR0427,2025-11-19 16:00:00,3.2,true
TT02643,TR0427,2025-11-19 20:00:00,4.6,true
TT02644,TR0427,2025-11-19 24:00:00,6.1,true
TT02645,TR0428,2025-09-21 00:00:00,4.9,true
TT02646,TR0428,2025-09-21 04:00:00,3.7,true
TT02647,TR0428,2025-09-21 08:00:00,4.9,true
TT02648,TR0428,2025-09-21 12:00:00,6.4,true
TT02649,TR0428,2025-09-21 16:00:00,2.7,true
TT02650,TR0428,2025-09-21 20:00:00,3.8,true
TT02651,TR0429,2025-07-13 00:00:00,6.0,true
TT02652,TR0429,2025-07-13 04:00:00,3.5,true
TT02653,TR0429,2025-07-13 08:00:00,3.1,true
TT02654,TR0429,2025-07-13 12:00:00,6.1,true
TT02655,TR0429,2025-07-13 16:00:00,4.3,true
TT02656,TR0429,2025-07-13 20:00:00,2.1,true
TT02657,TR0429,2025-07-13 24:00:00,4.8,true
TT02658,TR0429,2025-07-13 28:00:00,6.6,true
TT02659,TR0430,2025-09-11 00:00:00,4.3,true
TT02660,TR0430,2025-09-11 04:00:00,5.2,true
TT02661,TR0430,2025-09-11 08:00:00,6.1,true
TT02662,TR0430,2025-09-11 12:00:00,6.8,true
TT02663,TR0430,2025-09-11 16:00:00,4.4,true
TT02664,TR0431,2025-08-12 00:00:00,6.5,true
TT02665,TR0431,2025-08-12 04:00:00,4.5,true
TT02666,TR0431,2025-08-12 08:00:00,5.7,true
TT02667,TR0431,2025-08-12 12:00:00,4.2,true
TT02668,TR0431,2025-08-12 16:00:00,2.8,true
TT02669,TR0431,2025-08-12 20:00:00,3.9,true
TT02670,TR0432,2025-07-03 00:00:00,4.9,true
TT02671,TR0432,2025-07-03 04:00:00,2.7,true
TT02672,TR0432,2025-07-03 08:00:00,6.5,true
TT02673,TR0432,2025-07-03 12:00:00,7.0,true
TT02674,TR0432,2025-07-03 16:00:00,4.1,true
TT02675,TR0432,2025-07-03 20:00:00,6.7,true
TT02676,TR0433,2025-09-18 00:00:00,2.1,true
TT02677,TR0433,2025-09-18 04:00:00,2.3,true
TT02678,TR0433,2025-09-18 08:00:00,3.4,true
TT02679,TR0433,2025-09-18 12:00:00,5.1,true
TT02680,TR0433,2025-09-18 16:00:00,6.5,true
TT02681,TR0433,2025-09-18 20:00:00,4.1,true
TT02682,TR0433,2025-09-18 24:00:00,3.0,true
TT02683,TR0433,2025-09-18 28:00:00,3.1,true
TT02684,TR0434,2025-08-01 00:00:00,4.4,true
TT02685,TR0434,2025-08-01 04:00:00,5.5,true
TT02686,TR0434,2025-08-01 08:00:00,5.9,true
TT02687,TR0434,2025-08-01 12:00:00,2.4,true
TT02688,TR0434,2025-08-01 16:00:00,2.0,true
TT02689,TR0434,2025-08-01 20:00:00,4.9,true
TT02690,TR0435,2025-10-06 00:00:00,6.1,true
TT02691,TR0435,2025-10-06 04:00:00,6.5,true
TT02692,TR0435,2025-10-06 08:00:00,3.2,true
TT02693,TR0435,2025-10-06 12:00:00,5.3,true
TT02694,TR0436,2025-07-22 00:00:00,6.6,true
TT02695,TR0436,2025-07-22 04:00:00,4.8,true
TT02696,TR0436,2025-07-22 08:00:00,2.0,true
TT02697,TR0436,2025-07-22 12:00:00,4.8,true
TT02698,TR0437,2025-08-14 00:00:00,4.9,true
TT02699,TR0437,2025-08-14 04:00:00,4.7,true
TT02700,TR0437,2025-08-14 08:00:00,4.3,true
TT02701,TR0437,2025-08-14 12:00:00,6.9,true
TT02702,TR0437,2025-08-14 16:00:00,4.1,true
TT02703,TR0437,2025-08-14 20:00:00,2.9,true
TT02704,TR0437,2025-08-14 24:00:00,5.6,true
TT02705,TR0437,2025-08-14 28:00:00,4.5,true
TT02706,TR0438,2025-08-02 00:00:00,2.7,true
TT02707,TR0438,2025-08-02 04:00:00,2.1,true
TT02708,TR0438,2025-08-02 08:00:00,5.0,true
TT02709,TR0438,2025-08-02 12:00:00,5.4,true
TT02710,TR0438,2025-08-02 16:00:00,2.1,true
TT02711,TR0439,2025-09-10 00:00:00,3.2,true
TT02712,TR0439,2025-09-10 04:00:00,15.5,false
TT02713,TR0439,2025-09-10 08:00:00,17.0,false
TT02714,TR0439,2025-09-10 12:00:00,3.7,true
TT02715,TR0439,2025-09-10 16:00:00,15.3,false
TT02716,TR0439,2025-09-10 20:00:00,4.2,true
TT02717,TR0440,2025-08-20 00:00:00,2.7,true
TT02718,TR0440,2025-08-20 04:00:00,6.9,true
TT02719,TR0440,2025-08-20 08:00:00,6.0,true
TT02720,TR0440,2025-08-20 12:00:00,5.6,true
TT02721,TR0440,2025-08-20 16:00:00,5.8,true
TT02722,TR0441,2025-07-22 00:00:00,2.0,true
TT02723,TR0441,2025-07-22 04:00:00,5.5,true
TT02724,TR0441,2025-07-22 08:00:00,4.9,true
TT02725,TR0441,2025-07-22 12:00:00,3.8,true
TT02726,TR0441,2025-07-22 16:00:00,4.0,true
TT02727,TR0441,2025-07-22 20:00:00,5.0,true
TT02728,TR0441,2025-07-22 24:00:00,4.3,true
TT02729,TR0442,2025-11-19 00:00:00,2.5,true
TT02730,TR0442,2025-11-19 04:00:00,6.7,true
TT02731,TR0442,2025-11-19 08:00:00,3.0,true
TT02732,TR0442,2025-11-19 12:00:00,4.0,true
TT02733,TR0442,2025-11-19 16:00:00,3.1,true
TT02734,TR0443,2025-10-14 00:00:00,4.6,true
TT02735,TR0443,2025-10-14 04:00:00,4.5,true
TT02736,TR0443,2025-10-14 08:00:00,3.5,true
TT02737,TR0443,2025-10-14 12:00:00,2.7,true
TT02738,TR0443,2025-10-14 16:00:00,6.3,true
TT02739,TR0443,2025-10-14 20:00:00,3.2,true
TT02740,TR0444,2025-11-12 00:00:00,6.3,true
TT02741,TR0444,2025-11-12 04:00:00,3.4,true
TT02742,TR0444,2025-11-12 08:00:00,3.2,true
TT02743,TR0444,2025-11-12 12:00:00,2.6,true
TT02744,TR0444,2025-11-12 16:00:00,5.2,true
TT02745,TR0444,2025-11-12 20:00:00,5.2,true
TT02746,TR0444,2025-11-12 24:00:00,6.7,true
TT02747,TR0444,2025-11-12 28:00:00,4.5,true
TT02748,TR0445,2025-10-07 00:00:00,4.2,true
TT02749,TR0445,2025-10-07 04:00:00,6.6,true
TT02750,TR0445,2025-10-07 08:00:00,4.4,true
TT02751,TR0445,2025-10-07 12:00:00,5.2,true
TT02752,TR0446,2025-07-16 00:00:00,2.9,true
TT02753,TR0446,2025-07-16 04:00:00,5.8,true
TT02754,TR0446,2025-07-16 08:00:00,6.7,true
TT02755,TR0446,2025-07-16 12:00:00,3.2,true
TT02756,TR0446,2025-07-16 16:00:00,4.5,true
TT02757,TR0447,2025-07-01 00:00:00,2.9,true
TT02758,TR0447,2025-07-01 04:00:00,3.0,true
TT02759,TR0447,2025-07-01 08:00:00,3.2,true
TT02760,TR0447,2025-07-01 12:00:00,6.2,true
TT02761,TR0447,2025-07-01 16:00:00,3.2,true
TT02762,TR0448,2025-10-02 00:00:00,2.6,true
TT02763,TR0448,2025-10-02 04:00:00,4.6,true
TT02764,TR0448,2025-10-02 08:00:00,4.3,true
TT02765,TR0448,2025-10-02 12:00:00,3.3,true
TT02766,TR0448,2025-10-02 16:00:00,5.1,true
TT02767,TR0448,2025-10-02 20:00:00,3.9,true
TT02768,TR0448,2025-10-02 24:00:00,3.8,true
TT02769,TR0448,2025-10-02 28:00:00,4.9,true
TT02770,TR0449,2025-08-20 00:00:00,3.8,true
TT02771,TR0449,2025-08-20 04:00:00,5.9,true
TT02772,TR0449,2025-08-20 08:00:00,4.1,true
TT02773,TR0449,2025-08-20 12:00:00,4.8,true
TT02774,TR0449,2025-08-20 16:00:00,6.6,true
TT02775,TR0449,2025-08-20 20:00:00,3.7,true
TT02776,TR0450,2025-11-09 00:00:00,3.2,true
TT02777,TR0450,2025-11-09 04:00:00,3.5,true
TT02778,TR0450,2025-11-09 08:00:00,3.7,true
TT02779,TR0450,2025-11-09 12:00:00,3.9,true
TT02780,TR0450,2025-11-09 16:00:00,6.8,true
TT02781,TR0450,2025-11-09 20:00:00,5.0,true
TT02782,TR0450,2025-11-09 24:00:00,3.2,true
TT02783,TR0450,2025-11-09 28:00:00,6.2,true
TT02784,TR0451,2025-09-16 00:00:00,4.8,true
TT02785,TR0451,2025-09-16 04:00:00,3.2,true
TT02786,TR0451,2025-09-16 08:00:00,3.8,true
TT02787,TR0451,2025-09-16 12:00:00,3.3,true
TT02788,TR0451,2025-09-16 16:00:00,6.3,true
TT02789,TR0451,2025-09-16 20:00:00,3.8,true
TT02790,TR0451,2025-09-16 24:00:00,3.6,true
TT02791,TR0451,2025-09-16 28:00:00,3.9,true
TT02792,TR0452,2025-07-09 00:00:00,2.1,true
TT02793,TR0452,2025-07-09 04:00:00,5.4,true
TT02794,TR0452,2025-07-09 08:00:00,5.9,true
TT02795,TR0452,2025-07-09 12:00:00,2.6,true
TT02796,TR0452,2025-07-09 16:00:00,4.8,true
TT02797,TR0453,2025-11-18 00:00:00,2.3,true
TT02798,TR0453,2025-11-18 04:00:00,5.2,true
TT02799,TR0453,2025-11-18 08:00:00,2.8,true
TT02800,TR0453,2025-11-18 12:00:00,7.0,true
TT02801,TR0453,2025-11-18 16:00:00,4.4,true
TT02802,TR0453,2025-11-18 20:00:00,3.1,true
TT02803,TR0453,2025-11-18 24:00:00,2.7,true
TT02804,TR0453,2025-11-18 28:00:00,3.2,true
TT02805,TR0454,2025-10-04 00:00:00,3.9,true
TT02806,TR0454,2025-10-04 04:00:00,4.3,true
TT02807,TR0454,2025-10-04 08:00:00,2.3,true
TT02808,TR0454,2025-10-04 12:00:00,5.3,true
TT02809,TR0454,2025-10-04 16:00:00,5.6,true
TT02810,TR0454,2025-10-04 20:00:00,2.8,true
TT02811,TR0454,2025-10-04 24:00:00,6.4,true
TT02812,TR0454,2025-10-04 28:00:00,6.8,true
TT02813,TR0455,2025-07-02 00:00:00,2.6,true
TT02814,TR0455,2025-07-02 04:00:00,4.9,true
TT02815,TR0455,2025-07-02 08:00:00,3.3,true
TT02816,TR0455,2025-07-02 12:00:00,5.2,true
TT02817,TR0455,2025-07-02 16:00:00,4.3,true
TT02818,TR0455,2025-07-02 20:00:00,6.4,true
TT02819,TR0455,2025-07-02 24:00:00,5.6,true
TT02820,TR0456,2025-10-18 00:00:00,6.9,true
TT02821,TR0456,2025-10-18 04:00:00,3.0,true
TT02822,TR0456,2025-10-18 08:00:00,6.8,true
TT02823,TR0456,2025-10-18 12:00:00,2.1,true
TT02824,TR0457,2025-10-12 00:00:00,3.5,true
TT02825,TR0457,2025-10-12 04:00:00,3.1,true
TT02826,TR0457,2025-10-12 08:00:00,4.2,true
TT02827,TR0457,2025-10-12 12:00:00,5.0,true
TT02828,TR0457,2025-10-12 16:00:00,2.9,true
TT02829,TR0457,2025-10-12 20:00:00,2.9,true
TT02830,TR0458,2025-07-11 00:00:00,3.7,true
TT02831,TR0458,2025-07-11 04:00:00,4.1,true
TT02832,TR0458,2025-07-11 08:00:00,3.1,true
TT02833,TR0458,2025-07-11 12:00:00,2.4,true
TT02834,TR0458,2025-07-11 16:00:00,5.8,true
TT02835,TR0458,2025-07-11 20:00:00,6.7,true
TT02836,TR0459,2025-08-12 00:00:00,6.6,true
TT02837,TR0459,2025-08-12 04:00:00,6.0,true
TT02838,TR0459,2025-08-12 08:00:00,3.8,true
TT02839,TR0459,2025-08-12 12:00:00,2.7,true
TT02840,TR0459,2025-08-12 16:00:00,6.2,true
TT02841,TR0459,2025-08-12 20:00:00,5.3,true
TT02842,TR0460,2025-10-21 00:00:00,3.4,true
TT02843,TR0460,2025-10-21 04:00:00,5.0,true
TT02844,TR0460,2025-10-21 08:00:00,6.1,true
TT02845,TR0460,2025-10-21 12:00:00,4.7,true
TT02846,TR0460,2025-10-21 16:00:00,4.6,true
TT02847,TR0460,2025-10-21 20:00:00,2.6,true
TT02848,TR0460,2025-10-21 24:00:00,5.2,true
TT02849,TR0461,2025-11-13 00:00:00,5.3,true
TT02850,TR0461,2025-11-13 04:00:00,3.3,true
TT02851,TR0461,2025-11-13 08:00:00,2.6,true
TT02852,TR0461,2025-11-13 12:00:00,4.5,true
TT02853,TR0461,2025-11-13 16:00:00,6.0,true
TT02854,TR0462,2025-10-10 00:00:00,4.0,true
TT02855,TR0462,2025-10-10 04:00:00,7.0,true
TT02856,TR0462,2025-10-10 08:00:00,5.5,true
TT02857,TR0462,2025-10-10 12:00:00,3.6,true
TT02858,TR0462,2025-10-10 16:00:00,5.0,true
TT02859,TR0462,2025-10-10 20:00:00,5.0,true
TT02860,TR0463,2025-11-13 00:00:00,6.6,true
TT02861,TR0463,2025-11-13 04:00:00,2.5,true
TT02862,TR0463,2025-11-13 08:00:00,3.1,true
TT02863,TR0463,2025-11-13 12:00:00,5.5,true
TT02864,TR0463,2025-11-13 16:00:00,5.8,true
TT02865,TR0463,2025-11-13 20:00:00,4.0,true
TT02866,TR0463,2025-11-13 24:00:00,2.6,true
TT02867,TR0464,2025-08-02 00:00:00,5.3,true
TT02868,TR0464,2025-08-02 04:00:00,2.7,true
TT02869,TR0464,2025-08-02 08:00:00,10.6,false
TT02870,TR0464,2025-08-02 12:00:00,3.6,true
TT02871,TR0464,2025-08-02 16:00:00,14.6,false
TT02872,TR0465,2025-09-21 00:00:00,5.5,true
TT02873,TR0465,2025-09-21 04:00:00,5.9,true
TT02874,TR0465,2025-09-21 08:00:00,4.9,true
TT02875,TR0465,2025-09-21 12:00:00,5.6,true
TT02876,TR0465,2025-09-21 16:00:00,3.4,true
TT02877,TR0466,2025-10-22 00:00:00,4.2,true
TT02878,TR0466,2025-10-22 04:00:00,6.4,true
TT02879,TR0466,2025-10-22 08:00:00,3.4,true
TT02880,TR0466,2025-10-22 12:00:00,4.3,true
TT02881,TR0466,2025-10-22 16:00:00,4.0,true
TT02882,TR0467,2025-08-12 00:00:00,2.6,true
TT02883,TR0467,2025-08-12 04:00:00,4.1,true
TT02884,TR0467,2025-08-12 08:00:00,2.1,true
TT02885,TR0467,2025-08-12 12:00:00,3.5,true
TT02886,TR0467,2025-08-12 16:00:00,6.2,true
TT02887,TR0467,2025-08-12 20:00:00,3.0,true
TT02888,TR0467,2025-08-12 24:00:00,2.5,true
TT02889,TR0467,2025-08-12 28:00:00,6.0,true
TT02890,TR0468,2025-09-24 00:00:00,7.0,true
TT02891,TR0468,2025-09-24 04:00:00,3.7,true
TT02892,TR0468,2025-09-24 08:00:00,4.7,true
TT02893,TR0468,2025-09-24 12:00:00,4.1,true
TT02894,TR0468,2025-09-24 16:00:00,4.8,true
TT02895,TR0469,2025-10-02 00:00:00,3.4,true
TT02896,TR0469,2025-10-02 04:00:00,3.8,true
TT02897,TR0469,2025-10-02 08:00:00,3.8,true
TT02898,TR0469,2025-10-02 12:00:00,2.6,true
TT02899,TR0469,2025-10-02 16:00:00,6.6,true
TT02900,TR0469,2025-10-02 20:00:00,4.8,true
TT02901,TR0469,2025-10-02 24:00:00,6.0,true
TT02902,TR0469,2025-10-02 28:00:00,3.6,true
TT02903,TR0470,2025-08-11 00:00:00,14.7,false
TT02904,TR0470,2025-08-11 04:00:00,6.1,true
TT02905,TR0470,2025-08-11 08:00:00,6.3,true
TT02906,TR0470,2025-08-11 12:00:00,4.8,true
TT02907,TR0470,2025-08-11 16:00:00,13.9,false
TT02908,TR0470,2025-08-11 20:00:00,2.2,true
TT02909,TR0471,2025-11-23 00:00:00,5.1,true
TT02910,TR0471,2025-11-23 04:00:00,6.7,true
TT02911,TR0471,2025-11-23 08:00:00,6.9,true
TT02912,TR0471,2025-11-23 12:00:00,4.5,true
TT02913,TR0471,2025-11-23 16:00:00,2.0,true
TT02914,TR0471,2025-11-23 20:00:00,5.5,true
TT02915,TR0472,2025-11-17 00:00:00,2.8,true
TT02916,TR0472,2025-11-17 04:00:00,6.9,true
TT02917,TR0472,2025-11-17 08:00:00,2.5,true
TT02918,TR0472,2025-11-17 12:00:00,3.7,true
TT02919,TR0472,2025-11-17 16:00:00,4.6,true
TT02920,TR0472,2025-11-17 20:00:00,3.5,true
TT02921,TR0472,2025-11-17 24:00:00,3.3,true
TT02922,TR0472,2025-11-17 28:00:00,3.3,true
TT02923,TR0473,2025-10-10 00:00:00,6.3,true
TT02924,TR0473,2025-10-10 04:00:00,2.2,true
TT02925,TR0473,2025-10-10 08:00:00,2.5,true
TT02926,TR0473,2025-10-10 12:00:00,4.4,true
TT02927,TR0473,2025-10-10 16:00:00,6.6,true
TT02928,TR0473,2025-10-10 20:00:00,2.8,true
TT02929,TR0473,2025-10-10 24:00:00,6.9,true
TT02930,TR0473,2025-10-10 28:00:00,6.2,true
TT02931,TR0474,2025-08-10 00:00:00,2.7,true
TT02932,TR0474,2025-08-10 04:00:00,2.8,true
TT02933,TR0474,2025-08-10 08:00:00,3.4,true
TT02934,TR0474,2025-08-10 12:00:00,6.4,true
TT02935,TR0474,2025-08-10 16:00:00,5.7,true
TT02936,TR0475,2025-11-13 00:00:00,5.3,true
TT02937,TR0475,2025-11-13 04:00:00,3.2,true
TT02938,TR0475,2025-11-13 08:00:00,4.0,true
TT02939,TR0475,2025-11-13 12:00:00,3.1,true
TT02940,TR0475,2025-11-13 16:00:00,3.1,true
TT02941,TR0475,2025-11-13 20:00:00,2.7,true
TT02942,TR0475,2025-11-13 24:00:00,6.3,true
TT02943,TR0475,2025-11-13 28:00:00,5.1,true
TT02944,TR0476,2025-07-20 00:00:00,5.7,true
TT02945,TR0476,2025-07-20 04:00:00,4.7,true
TT02946,TR0476,2025-07-20 08:00:00,3.2,true
TT02947,TR0476,2025-07-20 12:00:00,3.0,true
TT02948,TR0476,2025-07-20 16:00:00,2.5,true
TT02949,TR0476,2025-07-20 20:00:00,5.4,true
TT02950,TR0476,2025-07-20 24:00:00,2.7,true
TT02951,TR0476,2025-07-20 28:00:00,4.4,true
TT02952,TR0477,2025-10-24 00:00:00,6.9,true
TT02953,TR0477,2025-10-24 04:00:00,2.0,true
TT02954,TR0477,2025-10-24 08:00:00,2.5,true
TT02955,TR0477,2025-10-24 12:00:00,3.1,true
TT02956,TR0477,2025-10-24 16:00:00,5.3,true
TT02957,TR0477,2025-10-24 20:00:00,6.8,true
TT02958,TR0478,2025-08-20 00:00:00,6.9,true
TT02959,TR0478,2025-08-20 04:00:00,6.4,true
TT02960,TR0478,2025-08-20 08:00:00,2.4,true
TT02961,TR0478,2025-08-20 12:00:00,3.3,true
TT02962,TR0478,2025-08-20 16:00:00,3.1,true
TT02963,TR0479,2025-11-22 00:00:00,3.2,true
TT02964,TR0479,2025-11-22 04:00:00,2.7,true
TT02965,TR0479,2025-11-22 08:00:00,2.5,true
TT02966,TR0479,2025-11-22 12:00:00,4.5,true
TT02967,TR0479,2025-11-22 16:00:00,5.4,true
TT02968,TR0479,2025-11-22 20:00:00,3.4,true
TT02969,TR0479,2025-11-22 24:00:00,5.8,true
TT02970,TR0480,2025-07-15 00:00:00,5.8,true
TT02971,TR0480,2025-07-15 04:00:00,6.5,true
TT02972,TR0480,2025-07-15 08:00:00,3.9,true
TT02973,TR0480,2025-07-15 12:00:00,6.2,true
TT02974,TR0480,2025-07-15 16:00:00,2.3,true
TT02975,TR0480,2025-07-15 20:00:00,4.9,true
TT02976,TR0480,2025-07-15 24:00:00,2.2,true
TT02977,TR0480,2025-07-15 28:00:00,5.7,true
TT02978,TR0481,2025-10-07 00:00:00,5.8,true
TT02979,TR0481,2025-10-07 04:00:00,4.2,true
TT02980,TR0481,2025-10-07 08:00:00,3.5,true
TT02981,TR0481,2025-10-07 12:00:00,6.6,true
TT02982,TR0481,2025-10-07 16:00:00,5.1,true
TT02983,TR0481,2025-10-07 20:00:00,5.7,true
TT02984,TR0481,2025-10-07 24:00:00,5.3,true
TT02985,TR0482,2025-11-16 00:00:00,4.2,true
TT02986,TR0482,2025-11-16 04:00:00,3.4,true
TT02987,TR0482,2025-11-16 08:00:00,5.6,true
TT02988,TR0482,2025-11-16 12:00:00,5.8,true
TT02989,TR0482,2025-11-16 16:00:00,6.9,true
TT02990,TR0482,2025-11-16 20:00:00,6.4,true
TT02991,TR0483,2025-11-04 00:00:00,2.9,true
TT02992,TR0483,2025-11-04 04:00:00,5.4,true
TT02993,TR0483,2025-11-04 08:00:00,5.2,true
TT02994,TR0483,2025-11-04 12:00:00,4.2,true
TT02995,TR0483,2025-11-04 16:00:00,3.6,true
TT02996,TR0484,2025-07-24 00:00:00,4.6,true
TT02997,TR0484,2025-07-24 04:00:00,3.9,true
TT02998,TR0484,2025-07-24 08:00:00,6.1,true
TT02999,TR0484,2025-07-24 12:00:00,2.6,true
TT03000,TR0484,2025-07-24 16:00:00,4.2,true
TT03001,TR0484,2025-07-24 20:00:00,3.6,true
TT03002,TR0484,2025-07-24 24:00:00,2.9,true
TT03003,TR0485,2025-10-17 00:00:00,4.7,true
TT03004,TR0485,2025-10-17 04:00:00,2.5,true
TT03005,TR0485,2025-10-17 08:00:00,2.7,true
TT03006,TR0485,2025-10-17 12:00:00,5.2,true
TT03007,TR0485,2025-10-17 16:00:00,6.9,true
TT03008,TR0486,2025-11-07 00:00:00,4.0,true
TT03009,TR0486,2025-11-07 04:00:00,5.5,true
TT03010,TR0486,2025-11-07 08:00:00,5.4,true
TT03011,TR0486,2025-11-07 12:00:00,2.6,true
TT03012,TR0486,2025-11-07 16:00:00,2.5,true
TT03013,TR0486,2025-11-07 20:00:00,12.2,false
TT03014,TR0487,2025-10-17 00:00:00,6.9,true
TT03015,TR0487,2025-10-17 04:00:00,4.3,true
TT03016,TR0487,2025-10-17 08:00:00,6.3,true
TT03017,TR0487,2025-10-17 12:00:00,3.2,true
TT03018,TR0487,2025-10-17 16:00:00,2.8,true
TT03019,TR0487,2025-10-17 20:00:00,3.1,true
TT03020,TR0487,2025-10-17 24:00:00,6.2,true
TT03021,TR0487,2025-10-17 28:00:00,6.9,true
TT03022,TR0488,2025-10-21 00:00:00,3.7,true
TT03023,TR0488,2025-10-21 04:00:00,3.0,true
TT03024,TR0488,2025-10-21 08:00:00,6.7,true
TT03025,TR0488,2025-10-21 12:00:00,4.7,true
TT03026,TR0488,2025-10-21 16:00:00,4.7,true
TT03027,TR0489,2025-08-06 00:00:00,4.3,true
TT03028,TR0489,2025-08-06 04:00:00,2.3,true
TT03029,TR0489,2025-08-06 08:00:00,2.7,true
TT03030,TR0489,2025-08-06 12:00:00,6.2,true
TT03031,TR0489,2025-08-06 16:00:00,5.7,true
TT03032,TR0490,2025-07-13 00:00:00,4.1,true
TT03033,TR0490,2025-07-13 04:00:00,2.8,true
TT03034,TR0490,2025-07-13 08:00:00,4.1,true
TT03035,TR0490,2025-07-13 12:00:00,4.4,true
TT03036,TR0490,2025-07-13 16:00:00,6.8,true
TT03037,TR0490,2025-07-13 20:00:00,2.3,true
TT03038,TR0490,2025-07-13 24:00:00,4.3,true
TT03039,TR0490,2025-07-13 28:00:00,6.8,true
TT03040,TR0491,2025-10-13 00:00:00,5.4,true
TT03041,TR0491,2025-10-13 04:00:00,3.4,true
TT03042,TR0491,2025-10-13 08:00:00,2.5,true
TT03043,TR0491,2025-10-13 12:00:00,3.6,true
TT03044,TR0491,2025-10-13 16:00:00,5.6,true
TT03045,TR0491,2025-10-13 20:00:00,3.0,true
TT03046,TR0491,2025-10-13 24:00:00,5.4,true
TT03047,TR0491,2025-10-13 28:00:00,3.3,true
TT03048,TR0492,2025-07-16 00:00:00,4.1,true
TT03049,TR0492,2025-07-16 04:00:00,5.7,true
TT03050,TR0492,2025-07-16 08:00:00,6.8,true
TT03051,TR0492,2025-07-16 12:00:00,4.5,true
TT03052,TR0492,2025-07-16 16:00:00,6.3,true
TT03053,TR0492,2025-07-16 20:00:00,5.9,true
TT03054,TR0492,2025-07-16 24:00:00,5.1,true
TT03055,TR0493,2025-08-07 00:00:00,4.1,true
TT03056,TR0493,2025-08-07 04:00:00,4.8,true
TT03057,TR0493,2025-08-07 08:00:00,5.6,true
TT03058,TR0493,2025-08-07 12:00:00,2.0,true
TT03059,TR0493,2025-08-07 16:00:00,4.8,true
TT03060,TR0493,2025-08-07 20:00:00,4.7,true
TT03061,TR0494,2025-10-14 00:00:00,3.2,true
TT03062,TR0494,2025-10-14 04:00:00,3.8,true
TT03063,TR0494,2025-10-14 08:00:00,2.8,true
TT03064,TR0494,2025-10-14 12:00:00,2.5,true
TT03065,TR0494,2025-10-14 16:00:00,2.5,true
TT03066,TR0494,2025-10-14 20:00:00,2.7,true
TT03067,TR0494,2025-10-14 24:00:00,3.2,true
TT03068,TR0495,2025-08-16 00:00:00,5.6,true
TT03069,TR0495,2025-08-16 04:00:00,4.6,true
TT03070,TR0495,2025-08-16 08:00:00,2.8,true
TT03071,TR0495,2025-08-16 12:00:00,6.5,true
TT03072,TR0495,2025-08-16 16:00:00,5.3,true
TT03073,TR0496,2025-10-17 00:00:00,3.9,true
TT03074,TR0496,2025-10-17 04:00:00,5.9,true
TT03075,TR0496,2025-10-17 08:00:00,2.3,true
TT03076,TR0496,2025-10-17 12:00:00,5.3,true
TT03077,TR0496,2025-10-17 16:00:00,4.6,true
TT03078,TR0497,2025-08-07 00:00:00,2.5,true
TT03079,TR0497,2025-08-07 04:00:00,3.1,true
TT03080,TR0497,2025-08-07 08:00:00,6.0,true
TT03081,TR0497,2025-08-07 12:00:00,4.5,true
TT03082,TR0497,2025-08-07 16:00:00,6.3,true
TT03083,TR0497,2025-08-07 20:00:00,3.7,true
TT03084,TR0498,2025-07-04 00:00:00,2.2,true
TT03085,TR0498,2025-07-04 04:00:00,3.7,true
TT03086,TR0498,2025-07-04 08:00:00,5.0,true
TT03087,TR0498,2025-07-04 12:00:00,4.7,true
TT03088,TR0498,2025-07-04 16:00:00,6.0,true
TT03089,TR0499,2025-11-16 00:00:00,4.8,true
TT03090,TR0499,2025-11-16 04:00:00,5.3,true
TT03091,TR0499,2025-11-16 08:00:00,5.6,true
TT03092,TR0499,2025-11-16 12:00:00,6.9,true
TT03093,TR0499,2025-11-16 16:00:00,4.8,true
TT03094,TR0500,2025-10-07 00:00:00,2.6,true
TT03095,TR0500,2025-10-07 04:00:00,3.2,true
TT03096,TR0500,2025-10-07 08:00:00,3.7,true
TT03097,TR0500,2025-10-07 12:00:00,6.8,true
TT03098,TR0500,2025-10-07 16:00:00,6.7,true
TT03099,TR0500,2025-10-07 20:00:00,5.8,true
TT03100,TR0501,2025-07-04 00:00:00,5.2,true
TT03101,TR0501,2025-07-04 04:00:00,4.9,true
TT03102,TR0501,2025-07-04 08:00:00,5.3,true
TT03103,TR0501,2025-07-04 12:00:00,5.2,true
TT03104,TR0501,2025-07-04 16:00:00,3.8,true
TT03105,TR0501,2025-07-04 20:00:00,2.9,true
TT03106,TR0501,2025-07-04 24:00:00,6.9,true
TT03107,TR0501,2025-07-04 28:00:00,6.3,true
TT03108,TR0502,2025-08-17 00:00:00,2.1,true
TT03109,TR0502,2025-08-17 04:00:00,5.5,true
TT03110,TR0502,2025-08-17 08:00:00,6.1,true
TT03111,TR0502,2025-08-17 12:00:00,6.8,true
TT03112,TR0502,2025-08-17 16:00:00,5.8,true
TT03113,TR0503,2025-08-02 00:00:00,3.3,true
TT03114,TR0503,2025-08-02 04:00:00,4.5,true
TT03115,TR0503,2025-08-02 08:00:00,14.1,false
TT03116,TR0503,2025-08-02 12:00:00,3.6,true
TT03117,TR0503,2025-08-02 16:00:00,3.2,true
TT03118,TR0504,2025-08-18 00:00:00,2.9,true
TT03119,TR0504,2025-08-18 04:00:00,4.4,true
TT03120,TR0504,2025-08-18 08:00:00,4.4,true
TT03121,TR0504,2025-08-18 12:00:00,6.2,true
TT03122,TR0504,2025-08-18 16:00:00,3.6,true
TT03123,TR0504,2025-08-18 20:00:00,4.0,true
TT03124,TR0504,2025-08-18 24:00:00,2.9,true
TT03125,TR0504,2025-08-18 28:00:00,3.8,true
TT03126,TR0505,2025-10-24 00:00:00,5.2,true
TT03127,TR0505,2025-10-24 04:00:00,6.0,true
TT03128,TR0505,2025-10-24 08:00:00,4.0,true
TT03129,TR0505,2025-10-24 12:00:00,6.7,true
TT03130,TR0505,2025-10-24 16:00:00,6.7,true
TT03131,TR0506,2025-07-18 00:00:00,3.0,true
TT03132,TR0506,2025-07-18 04:00:00,4.4,true
TT03133,TR0506,2025-07-18 08:00:00,5.7,true
TT03134,TR0506,2025-07-18 12:00:00,3.5,true
TT03135,TR0506,2025-07-18 16:00:00,2.6,true
TT03136,TR0507,2025-10-08 00:00:00,2.1,true
TT03137,TR0507,2025-10-08 04:00:00,3.7,true
TT03138,TR0507,2025-10-08 08:00:00,6.3,true
TT03139,TR0507,2025-10-08 12:00:00,5.1,true
TT03140,TR0507,2025-10-08 16:00:00,3.0,true
TT03141,TR0507,2025-10-08 20:00:00,4.4,true
TT03142,TR0507,2025-10-08 24:00:00,5.1,true
TT03143,TR0507,2025-10-08 28:00:00,6.3,true
TT03144,TR0508,2025-07-04 00:00:00,3.7,true
TT03145,TR0508,2025-07-04 04:00:00,13.0,false
TT03146,TR0508,2025-07-04 08:00:00,6.3,true
TT03147,TR0508,2025-07-04 12:00:00,4.7,true
TT03148,TR0508,2025-07-04 16:00:00,2.9,true
TT03149,TR0508,2025-07-04 20:00:00,4.5,true
TT03150,TR0508,2025-07-04 24:00:00,5.2,true
TT03151,TR0508,2025-07-04 28:00:00,17.8,false
TT03152,TR0509,2025-07-15 00:00:00,6.1,true
TT03153,TR0509,2025-07-15 04:00:00,6.4,true
TT03154,TR0509,2025-07-15 08:00:00,2.3,true
TT03155,TR0509,2025-07-15 12:00:00,4.6,true
TT03156,TR0509,2025-07-15 16:00:00,6.9,true
TT03157,TR0510,2025-07-07 00:00:00,4.7,true
TT03158,TR0510,2025-07-07 04:00:00,5.4,true
TT03159,TR0510,2025-07-07 08:00:00,2.2,true
TT03160,TR0510,2025-07-07 12:00:00,5.8,true
TT03161,TR0510,2025-07-07 16:00:00,6.4,true
TT03162,TR0511,2025-10-14 00:00:00,2.7,true
TT03163,TR0511,2025-10-14 04:00:00,3.0,true
TT03164,TR0511,2025-10-14 08:00:00,4.1,true
TT03165,TR0511,2025-10-14 12:00:00,3.2,true
TT03166,TR0511,2025-10-14 16:00:00,6.8,true
TT03167,TR0512,2025-07-20 00:00:00,3.8,true
TT03168,TR0512,2025-07-20 04:00:00,6.0,true
TT03169,TR0512,2025-07-20 08:00:00,4.1,true
TT03170,TR0512,2025-07-20 12:00:00,5.2,true
TT03171,TR0512,2025-07-20 16:00:00,6.8,true
TT03172,TR0513,2025-10-07 00:00:00,2.6,true
TT03173,TR0513,2025-10-07 04:00:00,4.0,true
TT03174,TR0513,2025-10-07 08:00:00,6.9,true
TT03175,TR0513,2025-10-07 12:00:00,3.0,true
TT03176,TR0513,2025-10-07 16:00:00,6.1,true
TT03177,TR0513,2025-10-07 20:00:00,2.4,true
TT03178,TR0514,2025-10-21 00:00:00,2.1,true
TT03179,TR0514,2025-10-21 04:00:00,2.5,true
TT03180,TR0514,2025-10-21 08:00:00,6.2,true
TT03181,TR0514,2025-10-21 12:00:00,5.8,true
TT03182,TR0514,2025-10-21 16:00:00,2.8,true
TT03183,TR0514,2025-10-21 20:00:00,4.3,true
TT03184,TR0514,2025-10-21 24:00:00,3.9,true
TT03185,TR0514,2025-10-21 28:00:00,3.4,true
TT03186,TR0515,2025-08-09 00:00:00,5.9,true
TT03187,TR0515,2025-08-09 04:00:00,2.7,true
TT03188,TR0515,2025-08-09 08:00:00,5.6,true
TT03189,TR0515,2025-08-09 12:00:00,5.0,true
TT03190,TR0515,2025-08-09 16:00:00,4.0,true
TT03191,TR0516,2025-08-18 00:00:00,3.5,true
TT03192,TR0516,2025-08-18 04:00:00,2.1,true
TT03193,TR0516,2025-08-18 08:00:00,4.6,true
TT03194,TR0516,2025-08-18 12:00:00,6.5,true
TT03195,TR0516,2025-08-18 16:00:00,3.3,true
TT03196,TR0516,2025-08-18 20:00:00,2.7,true
TT03197,TR0517,2025-08-23 00:00:00,5.4,true
TT03198,TR0517,2025-08-23 04:00:00,3.3,true
TT03199,TR0517,2025-08-23 08:00:00,6.9,true
TT03200,TR0517,2025-08-23 12:00:00,5.3,true
TT03201,TR0517,2025-08-23 16:00:00,5.8,true
TT03202,TR0517,2025-08-23 20:00:00,2.7,true
TT03203,TR0517,2025-08-23 24:00:00,3.7,true
TT03204,TR0517,2025-08-23 28:00:00,5.3,true
TT03205,TR0518,2025-11-15 00:00:00,2.4,true
TT03206,TR0518,2025-11-15 04:00:00,6.4,true
TT03207,TR0518,2025-11-15 08:00:00,4.0,true
TT03208,TR0518,2025-11-15 12:00:00,2.5,true
TT03209,TR0518,2025-11-15 16:00:00,6.0,true
TT03210,TR0518,2025-11-15 20:00:00,2.3,true
TT03211,TR0518,2025-11-15 24:00:00,3.7,true
TT03212,TR0518,2025-11-15 28:00:00,2.1,true
TT03213,TR0519,2025-10-25 00:00:00,5.1,true
TT03214,TR0519,2025-10-25 04:00:00,4.8,true
TT03215,TR0519,2025-10-25 08:00:00,2.6,true
TT03216,TR0519,2025-10-25 12:00:00,6.9,true
TT03217,TR0519,2025-10-25 16:00:00,3.7,true
TT03218,TR0519,2025-10-25 20:00:00,6.0,true
TT03219,TR0519,2025-10-25 24:00:00,5.2,true
TT03220,TR0520,2025-09-03 00:00:00,3.3,true
TT03221,TR0520,2025-09-03 04:00:00,6.7,true
TT03222,TR0520,2025-09-03 08:00:00,4.7,true
TT03223,TR0520,2025-09-03 12:00:00,2.2,true
TT03224,TR0520,2025-09-03 16:00:00,2.5,true
TT03225,TR0520,2025-09-03 20:00:00,4.9,true
TT03226,TR0520,2025-09-03 24:00:00,6.6,true
TT03227,TR0520,2025-09-03 28:00:00,2.6,true
TT03228,TR0521,2025-11-05 00:00:00,3.6,true
TT03229,TR0521,2025-11-05 04:00:00,4.4,true
TT03230,TR0521,2025-11-05 08:00:00,6.0,true
TT03231,TR0521,2025-11-05 12:00:00,3.3,true
TT03232,TR0521,2025-11-05 16:00:00,3.8,true
TT03233,TR0521,2025-11-05 20:00:00,6.8,true
TT03234,TR0521,2025-11-05 24:00:00,2.5,true
TT03235,TR0522,2025-11-02 00:00:00,2.1,true
TT03236,TR0522,2025-11-02 04:00:00,3.9,true
TT03237,TR0522,2025-11-02 08:00:00,7.0,true
TT03238,TR0522,2025-11-02 12:00:00,4.1,true
TT03239,TR0522,2025-11-02 16:00:00,4.0,true
TT03240,TR0522,2025-11-02 20:00:00,4.4,true
TT03241,TR0523,2025-11-01 00:00:00,2.7,true
TT03242,TR0523,2025-11-01 04:00:00,6.2,true
TT03243,TR0523,2025-11-01 08:00:00,5.6,true
TT03244,TR0523,2025-11-01 12:00:00,6.4,true
TT03245,TR0523,2025-11-01 16:00:00,6.8,true
TT03246,TR0523,2025-11-01 20:00:00,6.3,true
TT03247,TR0524,2025-09-25 00:00:00,4.7,true
TT03248,TR0524,2025-09-25 04:00:00,2.0,true
TT03249,TR0524,2025-09-25 08:00:00,3.4,true
TT03250,TR0524,2025-09-25 12:00:00,5.7,true
TT03251,TR0524,2025-09-25 16:00:00,3.2,true
TT03252,TR0524,2025-09-25 20:00:00,5.6,true
TT03253,TR0524,2025-09-25 24:00:00,2.1,true
TT03254,TR0525,2025-09-06 00:00:00,3.0,true
TT03255,TR0525,2025-09-06 04:00:00,3.6,true
TT03256,TR0525,2025-09-06 08:00:00,5.4,true
TT03257,TR0525,2025-09-06 12:00:00,2.9,true
TT03258,TR0525,2025-09-06 16:00:00,6.0,true
TT03259,TR0525,2025-09-06 20:00:00,5.6,true
TT03260,TR0525,2025-09-06 24:00:00,2.7,true
TT03261,TR0526,2025-08-07 00:00:00,3.2,true
TT03262,TR0526,2025-08-07 04:00:00,3.4,true
TT03263,TR0526,2025-08-07 08:00:00,3.5,true
TT03264,TR0526,2025-08-07 12:00:00,4.9,true
TT03265,TR0526,2025-08-07 16:00:00,5.0,true
TT03266,TR0526,2025-08-07 20:00:00,2.2,true
TT03267,TR0527,2025-10-03 00:00:00,6.5,true
TT03268,TR0527,2025-10-03 04:00:00,2.8,true
TT03269,TR0527,2025-10-03 08:00:00,2.5,true
TT03270,TR0527,2025-10-03 12:00:00,5.7,true
TT03271,TR0527,2025-10-03 16:00:00,3.8,true
TT03272,TR0527,2025-10-03 20:00:00,2.1,true
TT03273,TR0528,2025-08-10 00:00:00,4.4,true
TT03274,TR0528,2025-08-10 04:00:00,6.0,true
TT03275,TR0528,2025-08-10 08:00:00,4.2,true
TT03276,TR0528,2025-08-10 12:00:00,3.8,true
TT03277,TR0528,2025-08-10 16:00:00,4.5,true
TT03278,TR0528,2025-08-10 20:00:00,6.5,true
TT03279,TR0529,2025-08-20 00:00:00,6.4,true
TT03280,TR0529,2025-08-20 04:00:00,3.9,true
TT03281,TR0529,2025-08-20 08:00:00,5.4,true
TT03282,TR0529,2025-08-20 12:00:00,2.0,true
TT03283,TR0529,2025-08-20 16:00:00,6.6,true
TT03284,TR0529,2025-08-20 20:00:00,2.2,true
TT03285,TR0529,2025-08-20 24:00:00,2.6,true
TT03286,TR0530,2025-09-14 00:00:00,3.4,true
TT03287,TR0530,2025-09-14 04:00:00,3.2,true
TT03288,TR0530,2025-09-14 08:00:00,6.8,true
TT03289,TR0530,2025-09-14 12:00:00,2.4,true
TT03290,TR0530,2025-09-14 16:00:00,6.8,true
TT03291,TR0531,2025-11-06 00:00:00,4.9,true
TT03292,TR0531,2025-11-06 04:00:00,3.7,true
TT03293,TR0531,2025-11-06 08:00:00,2.6,true
TT03294,TR0531,2025-11-06 12:00:00,2.3,true
TT03295,TR0531,2025-11-06 16:00:00,2.1,true
TT03296,TR0532,2025-10-22 00:00:00,5.0,true
TT03297,TR0532,2025-10-22 04:00:00,3.9,true
TT03298,TR0532,2025-10-22 08:00:00,2.2,true
TT03299,TR0532,2025-10-22 12:00:00,4.4,true
TT03300,TR0532,2025-10-22 16:00:00,2.9,true
TT03301,TR0532,2025-10-22 20:00:00,2.6,true
TT03302,TR0532,2025-10-22 24:00:00,2.2,true
TT03303,TR0532,2025-10-22 28:00:00,2.3,true
TT03304,TR0533,2025-07-06 00:00:00,2.2,true
TT03305,TR0533,2025-07-06 04:00:00,2.8,true
TT03306,TR0533,2025-07-06 08:00:00,2.5,true
TT03307,TR0533,2025-07-06 12:00:00,3.4,true
TT03308,TR0533,2025-07-06 16:00:00,6.5,true
TT03309,TR0534,2025-08-05 00:00:00,2.7,true
TT03310,TR0534,2025-08-05 04:00:00,4.8,true
TT03311,TR0534,2025-08-05 08:00:00,2.1,true
TT03312,TR0534,2025-08-05 12:00:00,6.8,true
TT03313,TR0534,2025-08-05 16:00:00,6.0,true
TT03314,TR0534,2025-08-05 20:00:00,2.1,true
TT03315,TR0534,2025-08-05 24:00:00,6.1,true
TT03316,TR0534,2025-08-05 28:00:00,5.0,true
TT03317,TR0535,2025-09-13 00:00:00,6.3,true
TT03318,TR0535,2025-09-13 04:00:00,2.1,true
TT03319,TR0535,2025-09-13 08:00:00,5.2,true
TT03320,TR0535,2025-09-13 12:00:00,4.9,true
TT03321,TR0535,2025-09-13 16:00:00,6.6,true
TT03322,TR0535,2025-09-13 20:00:00,5.7,true
TT03323,TR0536,2025-10-19 00:00:00,3.5,true
TT03324,TR0536,2025-10-19 04:00:00,5.4,true
TT03325,TR0536,2025-10-19 08:00:00,2.9,true
TT03326,TR0536,2025-10-19 12:00:00,5.1,true
TT03327,TR0536,2025-10-19 16:00:00,2.3,true
TT03328,TR0536,2025-10-19 20:00:00,5.0,true
TT03329,TR0536,2025-10-19 24:00:00,3.1,true
TT03330,TR0537,2025-08-19 00:00:00,5.3,true
TT03331,TR0537,2025-08-19 04:00:00,5.2,true
TT03332,TR0537,2025-08-19 08:00:00,2.3,true
TT03333,TR0537,2025-08-19 12:00:00,6.9,true
TT03334,TR0537,2025-08-19 16:00:00,6.8,true
TT03335,TR0537,2025-08-19 20:00:00,6.8,true
TT03336,TR0537,2025-08-19 24:00:00,6.9,true
TT03337,TR0538,2025-07-07 00:00:00,3.9,true
TT03338,TR0538,2025-07-07 04:00:00,6.7,true
TT03339,TR0538,2025-07-07 08:00:00,6.4,true
TT03340,TR0538,2025-07-07 12:00:00,5.7,true
TT03341,TR0538,2025-07-07 16:00:00,5.3,true
TT03342,TR0539,2025-07-17 00:00:00,5.5,true
TT03343,TR0539,2025-07-17 04:00:00,2.1,true
TT03344,TR0539,2025-07-17 08:00:00,3.4,true
TT03345,TR0539,2025-07-17 12:00:00,4.3,true
TT03346,TR0539,2025-07-17 16:00:00,3.7,true
TT03347,TR0539,2025-07-17 20:00:00,2.4,true
TT03348,TR0540,2025-09-07 00:00:00,5.8,true
TT03349,TR0540,2025-09-07 04:00:00,6.9,true
TT03350,TR0540,2025-09-07 08:00:00,3.6,true
TT03351,TR0540,2025-09-07 12:00:00,5.0,true
TT03352,TR0540,2025-09-07 16:00:00,4.3,true
TT03353,TR0540,2025-09-07 20:00:00,5.9,true
TT03354,TR0540,2025-09-07 24:00:00,2.3,true
TT03355,TR0540,2025-09-07 28:00:00,5.3,true
TT03356,TR0541,2025-08-12 00:00:00,5.6,true
TT03357,TR0541,2025-08-12 04:00:00,6.4,true
TT03358,TR0541,2025-08-12 08:00:00,3.3,true
TT03359,TR0541,2025-08-12 12:00:00,3.8,true
TT03360,TR0541,2025-08-12 16:00:00,5.5,true
TT03361,TR0541,2025-08-12 20:00:00,4.1,true
TT03362,TR0542,2025-09-03 00:00:00,5.6,true
TT03363,TR0542,2025-09-03 04:00:00,4.2,true
TT03364,TR0542,2025-09-03 08:00:00,5.1,true
TT03365,TR0542,2025-09-03 12:00:00,5.6,true
TT03366,TR0542,2025-09-03 16:00:00,6.0,true
TT03367,TR0543,2025-07-02 00:00:00,4.7,true
TT03368,TR0543,2025-07-02 04:00:00,10.7,false
TT03369,TR0543,2025-07-02 08:00:00,10.1,false
TT03370,TR0543,2025-07-02 12:00:00,11.6,false
TT03371,TR0543,2025-07-02 16:00:00,4.2,true
TT03372,TR0543,2025-07-02 20:00:00,5.6,true
TT03373,TR0543,2025-07-02 24:00:00,3.5,true
TT03374,TR0543,2025-07-02 28:00:00,6.1,true
TT03375,TR0544,2025-08-02 00:00:00,5.6,true
TT03376,TR0544,2025-08-02 04:00:00,2.8,true
TT03377,TR0544,2025-08-02 08:00:00,6.7,true
TT03378,TR0544,2025-08-02 12:00:00,3.5,true
TT03379,TR0544,2025-08-02 16:00:00,4.8,true
TT03380,TR0544,2025-08-02 20:00:00,5.1,true
TT03381,TR0544,2025-08-02 24:00:00,4.5,true
TT03382,TR0545,2025-10-05 00:00:00,4.6,true
TT03383,TR0545,2025-10-05 04:00:00,3.1,true
TT03384,TR0545,2025-10-05 08:00:00,4.9,true
TT03385,TR0545,2025-10-05 12:00:00,4.6,true
TT03386,TR0545,2025-10-05 16:00:00,5.3,true
TT03387,TR0546,2025-08-23 00:00:00,3.2,true
TT03388,TR0546,2025-08-23 04:00:00,5.9,true
TT03389,TR0546,2025-08-23 08:00:00,2.6,true
TT03390,TR0546,2025-08-23 12:00:00,3.5,true
TT03391,TR0546,2025-08-23 16:00:00,2.7,true
TT03392,TR0546,2025-08-23 20:00:00,2.5,true
TT03393,TR0546,2025-08-23 24:00:00,4.0,true
TT03394,TR0547,2025-07-04 00:00:00,5.1,true
TT03395,TR0547,2025-07-04 04:00:00,3.9,true
TT03396,TR0547,2025-07-04 08:00:00,4.2,true
TT03397,TR0547,2025-07-04 12:00:00,2.9,true
TT03398,TR0547,2025-07-04 16:00:00,3.1,true
TT03399,TR0547,2025-07-04 20:00:00,2.5,true
TT03400,TR0548,2025-08-07 00:00:00,6.5,true
TT03401,TR0548,2025-08-07 04:00:00,4.0,true
TT03402,TR0548,2025-08-07 08:00:00,6.1,true
TT03403,TR0548,2025-08-07 12:00:00,2.5,true
TT03404,TR0548,2025-08-07 16:00:00,6.2,true
TT03405,TR0548,2025-08-07 20:00:00,3.3,true
TT03406,TR0549,2025-11-13 00:00:00,6.8,true
TT03407,TR0549,2025-11-13 04:00:00,6.5,true
TT03408,TR0549,2025-11-13 08:00:00,6.7,true
TT03409,TR0549,2025-11-13 12:00:00,6.6,true
TT03410,TR0549,2025-11-13 16:00:00,3.2,true
TT03411,TR0549,2025-11-13 20:00:00,3.0,true
TT03412,TR0550,2025-10-24 00:00:00,5.0,true
TT03413,TR0550,2025-10-24 04:00:00,3.0,true
TT03414,TR0550,2025-10-24 08:00:00,5.3,true
TT03415,TR0550,2025-10-24 12:00:00,4.4,true
TT03416,TR0550,2025-10-24 16:00:00,4.9,true
TT03417,TR0550,2025-10-24 20:00:00,6.1,true
TT03418,TR0550,2025-10-24 24:00:00,3.8,true
TT03419,TR0551,2025-07-01 00:00:00,5.5,true
TT03420,TR0551,2025-07-01 04:00:00,6.1,true
TT03421,TR0551,2025-07-01 08:00:00,4.3,true
TT03422,TR0551,2025-07-01 12:00:00,2.1,true
TT03423,TR0551,2025-07-01 16:00:00,3.7,true
TT03424,TR0551,2025-07-01 20:00:00,2.7,true
TT03425,TR0551,2025-07-01 24:00:00,5.4,true
TT03426,TR0551,2025-07-01 28:00:00,4.4,true
TT03427,TR0552,2025-10-08 00:00:00,3.1,true
TT03428,TR0552,2025-10-08 04:00:00,2.2,true
TT03429,TR0552,2025-10-08 08:00:00,2.4,true
TT03430,TR0552,2025-10-08 12:00:00,6.7,true
TT03431,TR0552,2025-10-08 16:00:00,4.0,true
TT03432,TR0553,2025-09-12 00:00:00,5.6,true
TT03433,TR0553,2025-09-12 04:00:00,3.0,true
TT03434,TR0553,2025-09-12 08:00:00,6.2,true
TT03435,TR0553,2025-09-12 12:00:00,5.6,true
TT03436,TR0553,2025-09-12 16:00:00,4.4,true
TT03437,TR0553,2025-09-12 20:00:00,6.2,true
TT03438,TR0554,2025-11-11 00:00:00,4.0,true
TT03439,TR0554,2025-11-11 04:00:00,2.8,true
TT03440,TR0554,2025-11-11 08:00:00,6.5,true
TT03441,TR0554,2025-11-11 12:00:00,2.3,true
TT03442,TR0554,2025-11-11 16:00:00,3.0,true
TT03443,TR0554,2025-11-11 20:00:00,6.1,true
TT03444,TR0554,2025-11-11 24:00:00,3.6,true
TT03445,TR0555,2025-07-09 00:00:00,4.9,true
TT03446,TR0555,2025-07-09 04:00:00,6.3,true
TT03447,TR0555,2025-07-09 08:00:00,4.8,true
TT03448,TR0555,2025-07-09 12:00:00,3.0,true
TT03449,TR0555,2025-07-09 16:00:00,4.0,true
TT03450,TR0556,2025-09-06 00:00:00,3.7,true
TT03451,TR0556,2025-09-06 04:00:00,3.8,true
TT03452,TR0556,2025-09-06 08:00:00,4.1,true
TT03453,TR0556,2025-09-06 12:00:00,5.4,true
TT03454,TR0556,2025-09-06 16:00:00,6.8,true
TT03455,TR0556,2025-09-06 20:00:00,3.0,true
TT03456,TR0556,2025-09-06 24:00:00,5.7,true
TT03457,TR0557,2025-09-22 00:00:00,2.5,true
TT03458,TR0557,2025-09-22 04:00:00,4.1,true
TT03459,TR0557,2025-09-22 08:00:00,2.3,true
TT03460,TR0557,2025-09-22 12:00:00,6.0,true
TT03461,TR0557,2025-09-22 16:00:00,3.8,true
TT03462,TR0557,2025-09-22 20:00:00,4.0,true
TT03463,TR0557,2025-09-22 24:00:00,6.7,true
TT03464,TR0558,2025-09-15 00:00:00,4.8,true
TT03465,TR0558,2025-09-15 04:00:00,3.6,true
TT03466,TR0558,2025-09-15 08:00:00,2.4,true
TT03467,TR0558,2025-09-15 12:00:00,4.9,true
TT03468,TR0558,2025-09-15 16:00:00,5.8,true
TT03469,TR0559,2025-07-23 00:00:00,4.8,true
TT03470,TR0559,2025-07-23 04:00:00,6.0,true
TT03471,TR0559,2025-07-23 08:00:00,3.5,true
TT03472,TR0559,2025-07-23 12:00:00,6.0,true
TT03473,TR0559,2025-07-23 16:00:00,4.5,true
TT03474,TR0559,2025-07-23 20:00:00,5.1,true
TT03475,TR0559,2025-07-23 24:00:00,2.8,true
TT03476,TR0559,2025-07-23 28:00:00,3.5,true
TT03477,TR0560,2025-11-08 00:00:00,4.1,true
TT03478,TR0560,2025-11-08 04:00:00,5.7,true
TT03479,TR0560,2025-11-08 08:00:00,5.1,true
TT03480,TR0560,2025-11-08 12:00:00,5.0,true
TT03481,TR0560,2025-11-08 16:00:00,2.0,true
TT03482,TR0560,2025-11-08 20:00:00,6.3,true
TT03483,TR0561,2025-08-13 00:00:00,2.2,true
TT03484,TR0561,2025-08-13 04:00:00,6.6,true
TT03485,TR0561,2025-08-13 08:00:00,3.5,true
TT03486,TR0561,2025-08-13 12:00:00,4.2,true
TT03487,TR0561,2025-08-13 16:00:00,6.6,true
TT03488,TR0562,2025-07-15 00:00:00,5.1,true
TT03489,TR0562,2025-07-15 04:00:00,5.0,true
TT03490,TR0562,2025-07-15 08:00:00,2.3,true
TT03491,TR0562,2025-07-15 12:00:00,6.7,true
TT03492,TR0562,2025-07-15 16:00:00,6.7,true
TT03493,TR0562,2025-07-15 20:00:00,2.7,true
TT03494,TR0562,2025-07-15 24:00:00,2.1,true
TT03495,TR0563,2025-08-10 00:00:00,5.2,true
TT03496,TR0563,2025-08-10 04:00:00,3.1,true
TT03497,TR0563,2025-08-10 08:00:00,6.5,true
TT03498,TR0563,2025-08-10 12:00:00,5.4,true
TT03499,TR0564,2025-09-14 00:00:00,3.8,true
TT03500,TR0564,2025-09-14 04:00:00,6.2,true
TT03501,TR0564,2025-09-14 08:00:00,6.2,true
TT03502,TR0564,2025-09-14 12:00:00,6.0,true
TT03503,TR0564,2025-09-14 16:00:00,5.9,true
TT03504,TR0564,2025-09-14 20:00:00,2.5,true
TT03505,TR0564,2025-09-14 24:00:00,2.7,true
TT03506,TR0564,2025-09-14 28:00:00,3.4,true
TT03507,TR0565,2025-09-11 00:00:00,2.3,true
TT03508,TR0565,2025-09-11 04:00:00,3.8,true
TT03509,TR0565,2025-09-11 08:00:00,3.7,true
TT03510,TR0565,2025-09-11 12:00:00,4.3,true
TT03511,TR0565,2025-09-11 16:00:00,4.0,true
TT03512,TR0566,2025-07-22 00:00:00,2.7,true
TT03513,TR0566,2025-07-22 04:00:00,3.3,true
TT03514,TR0566,2025-07-22 08:00:00,5.5,true
TT03515,TR0566,2025-07-22 12:00:00,2.1,true
TT03516,TR0566,2025-07-22 16:00:00,6.6,true
TT03517,TR0567,2025-09-01 00:00:00,4.3,true
TT03518,TR0567,2025-09-01 04:00:00,5.3,true
TT03519,TR0567,2025-09-01 08:00:00,2.5,true
TT03520,TR0567,2025-09-01 12:00:00,6.8,true
TT03521,TR0567,2025-09-01 16:00:00,3.7,true
TT03522,TR0567,2025-09-01 20:00:00,2.0,true
TT03523,TR0567,2025-09-01 24:00:00,3.8,true
TT03524,TR0568,2025-11-11 00:00:00,2.2,true
TT03525,TR0568,2025-11-11 04:00:00,5.8,true
TT03526,TR0568,2025-11-11 08:00:00,11.7,false
TT03527,TR0568,2025-11-11 12:00:00,12.9,false
TT03528,TR0568,2025-11-11 16:00:00,3.0,true
TT03529,TR0568,2025-11-11 20:00:00,5.9,true
TT03530,TR0568,2025-11-11 24:00:00,14.1,false
TT03531,TR0569,2025-09-10 00:00:00,3.2,true
TT03532,TR0569,2025-09-10 04:00:00,6.3,true
TT03533,TR0569,2025-09-10 08:00:00,6.5,true
TT03534,TR0569,2025-09-10 12:00:00,2.7,true
TT03535,TR0569,2025-09-10 16:00:00,6.6,true
TT03536,TR0569,2025-09-10 20:00:00,5.4,true
TT03537,TR0570,2025-10-07 00:00:00,5.2,true
TT03538,TR0570,2025-10-07 04:00:00,4.4,true
TT03539,TR0570,2025-10-07 08:00:00,4.2,true
TT03540,TR0570,2025-10-07 12:00:00,6.6,true
TT03541,TR0570,2025-10-07 16:00:00,4.8,true
TT03542,TR0570,2025-10-07 20:00:00,2.0,true
TT03543,TR0570,2025-10-07 24:00:00,4.0,true
TT03544,TR0570,2025-10-07 28:00:00,5.4,true
TT03545,TR0571,2025-09-06 00:00:00,5.8,true
TT03546,TR0571,2025-09-06 04:00:00,3.6,true
TT03547,TR0571,2025-09-06 08:00:00,2.1,true
TT03548,TR0571,2025-09-06 12:00:00,4.5,true
TT03549,TR0571,2025-09-06 16:00:00,2.5,true
TT03550,TR0572,2025-10-07 00:00:00,4.3,true
TT03551,TR0572,2025-10-07 04:00:00,4.4,true
TT03552,TR0572,2025-10-07 08:00:00,4.8,true
TT03553,TR0572,2025-10-07 12:00:00,3.9,true
TT03554,TR0572,2025-10-07 16:00:00,6.3,true
TT03555,TR0572,2025-10-07 20:00:00,2.8,true
TT03556,TR0572,2025-10-07 24:00:00,3.7,true
TT03557,TR0572,2025-10-07 28:00:00,6.4,true
TT03558,TR0573,2025-10-10 00:00:00,6.7,true
TT03559,TR0573,2025-10-10 04:00:00,3.4,true
TT03560,TR0573,2025-10-10 08:00:00,3.0,true
TT03561,TR0573,2025-10-10 12:00:00,3.0,true
TT03562,TR0573,2025-10-10 16:00:00,5.4,true
TT03563,TR0574,2025-08-18 00:00:00,4.5,true
TT03564,TR0574,2025-08-18 04:00:00,6.3,true
TT03565,TR0574,2025-08-18 08:00:00,4.7,true
TT03566,TR0574,2025-08-18 12:00:00,6.8,true
TT03567,TR0575,2025-11-11 00:00:00,2.4,true
TT03568,TR0575,2025-11-11 04:00:00,5.4,true
TT03569,TR0575,2025-11-11 08:00:00,3.0,true
TT03570,TR0575,2025-11-11 12:00:00,2.6,true
TT03571,TR0575,2025-11-11 16:00:00,5.7,true
TT03572,TR0575,2025-11-11 20:00:00,3.0,true
TT03573,TR0575,2025-11-11 24:00:00,4.3,true
TT03574,TR0575,2025-11-11 28:00:00,4.0,true
TT03575,TR0576,2025-10-16 00:00:00,3.5,true
TT03576,TR0576,2025-10-16 04:00:00,4.7,true
TT03577,TR0576,2025-10-16 08:00:00,3.3,true
TT03578,TR0576,2025-10-16 12:00:00,5.9,true
TT03579,TR0576,2025-10-16 16:00:00,5.3,true
TT03580,TR0577,2025-11-10 00:00:00,3.2,true
TT03581,TR0577,2025-11-10 04:00:00,6.9,true
TT03582,TR0577,2025-11-10 08:00:00,3.3,true
TT03583,TR0577,2025-11-10 12:00:00,4.1,true
TT03584,TR0577,2025-11-10 16:00:00,2.7,true
TT03585,TR0577,2025-11-10 20:00:00,3.4,true
TT03586,TR0577,2025-11-10 24:00:00,4.8,true
TT03587,TR0577,2025-11-10 28:00:00,2.6,true
TT03588,TR0578,2025-07-08 00:00:00,5.7,true
TT03589,TR0578,2025-07-08 04:00:00,6.5,true
TT03590,TR0578,2025-07-08 08:00:00,4.9,true
TT03591,TR0578,2025-07-08 12:00:00,3.4,true
TT03592,TR0578,2025-07-08 16:00:00,2.4,true
TT03593,TR0578,2025-07-08 20:00:00,4.4,true
TT03594,TR0579,2025-08-19 00:00:00,3.2,true
TT03595,TR0579,2025-08-19 04:00:00,4.0,true
TT03596,TR0579,2025-08-19 08:00:00,6.3,true
TT03597,TR0579,2025-08-19 12:00:00,2.7,true
TT03598,TR0579,2025-08-19 16:00:00,4.1,true
TT03599,TR0579,2025-08-19 20:00:00,6.5,true
TT03600,TR0580,2025-11-13 00:00:00,4.8,true
TT03601,TR0580,2025-11-13 04:00:00,5.6,true
TT03602,TR0580,2025-11-13 08:00:00,7.0,true
TT03603,TR0580,2025-11-13 12:00:00,6.3,true
TT03604,TR0580,2025-11-13 16:00:00,4.2,true
TT03605,TR0580,2025-11-13 20:00:00,4.6,true
TT03606,TR0581,2025-11-06 00:00:00,2.2,true
TT03607,TR0581,2025-11-06 04:00:00,4.8,true
TT03608,TR0581,2025-11-06 08:00:00,2.3,true
TT03609,TR0581,2025-11-06 12:00:00,6.5,true
TT03610,TR0581,2025-11-06 16:00:00,2.5,true
TT03611,TR0581,2025-11-06 20:00:00,3.5,true
TT03612,TR0581,2025-11-06 24:00:00,5.5,true
TT03613,TR0582,2025-07-14 00:00:00,3.0,true
TT03614,TR0582,2025-07-14 04:00:00,3.6,true
TT03615,TR0582,2025-07-14 08:00:00,3.2,true
TT03616,TR0582,2025-07-14 12:00:00,5.4,true
TT03617,TR0582,2025-07-14 16:00:00,6.6,true
TT03618,TR0583,2025-08-07 00:00:00,5.7,true
TT03619,TR0583,2025-08-07 04:00:00,3.2,true
TT03620,TR0583,2025-08-07 08:00:00,6.7,true
TT03621,TR0583,2025-08-07 12:00:00,3.9,true
TT03622,TR0583,2025-08-07 16:00:00,4.0,true
TT03623,TR0583,2025-08-07 20:00:00,4.6,true
TT03624,TR0584,2025-11-10 00:00:00,5.7,true
TT03625,TR0584,2025-11-10 04:00:00,6.5,true
TT03626,TR0584,2025-11-10 08:00:00,3.5,true
TT03627,TR0584,2025-11-10 12:00:00,2.1,true
TT03628,TR0584,2025-11-10 16:00:00,6.6,true
TT03629,TR0584,2025-11-10 20:00:00,4.0,true
TT03630,TR0584,2025-11-10 24:00:00,3.5,true
TT03631,TR0585,2025-07-12 00:00:00,6.4,true
TT03632,TR0585,2025-07-12 04:00:00,3.8,true
TT03633,TR0585,2025-07-12 08:00:00,6.0,true
TT03634,TR0585,2025-07-12 12:00:00,2.5,true
TT03635,TR0585,2025-07-12 16:00:00,4.6,true
TT03636,TR0586,2025-11-06 00:00:00,4.8,true
TT03637,TR0586,2025-11-06 04:00:00,2.9,true
TT03638,TR0586,2025-11-06 08:00:00,6.9,true
TT03639,TR0586,2025-11-06 12:00:00,6.9,true
TT03640,TR0586,2025-11-06 16:00:00,6.4,true
TT03641,TR0587,2025-07-20 00:00:00,4.9,true
TT03642,TR0587,2025-07-20 04:00:00,2.6,true
TT03643,TR0587,2025-07-20 08:00:00,2.4,true
TT03644,TR0587,2025-07-20 12:00:00,5.0,true
TT03645,TR0587,2025-07-20 16:00:00,3.6,true
TT03646,TR0588,2025-11-25 00:00:00,5.1,true
TT03647,TR0588,2025-11-25 04:00:00,5.0,true
TT03648,TR0588,2025-11-25 08:00:00,3.7,true
TT03649,TR0588,2025-11-25 12:00:00,4.1,true
TT03650,TR0588,2025-11-25 16:00:00,4.5,true
TT03651,TR0588,2025-11-25 20:00:00,2.3,true
TT03652,TR0589,2025-11-19 00:00:00,5.6,true
TT03653,TR0589,2025-11-19 04:00:00,3.8,true
TT03654,TR0589,2025-11-19 08:00:00,5.3,true
TT03655,TR0589,2025-11-19 12:00:00,4.1,true
TT03656,TR0589,2025-11-19 16:00:00,5.3,true
TT03657,TR0589,2025-11-19 20:00:00,5.6,true
TT03658,TR0590,2025-07-22 00:00:00,2.7,true
TT03659,TR0590,2025-07-22 04:00:00,2.7,true
TT03660,TR0590,2025-07-22 08:00:00,3.9,true
TT03661,TR0590,2025-07-22 12:00:00,2.1,true
TT03662,TR0590,2025-07-22 16:00:00,3.1,true
TT03663,TR0590,2025-07-22 20:00:00,2.5,true
TT03664,TR0590,2025-07-22 24:00:00,4.8,true
TT03665,TR0590,2025-07-22 28:00:00,2.4,true
TT03666,TR0591,2025-10-24 00:00:00,4.1,true
TT03667,TR0591,2025-10-24 04:00:00,5.2,true
TT03668,TR0591,2025-10-24 08:00:00,2.8,true
TT03669,TR0591,2025-10-24 12:00:00,4.7,true
TT03670,TR0591,2025-10-24 16:00:00,2.4,true
TT03671,TR0591,2025-10-24 20:00:00,2.4,true
TT03672,TR0592,2025-07-06 00:00:00,3.5,true
TT03673,TR0592,2025-07-06 04:00:00,2.9,true
TT03674,TR0592,2025-07-06 08:00:00,2.9,true
TT03675,TR0592,2025-07-06 12:00:00,2.9,true
TT03676,TR0592,2025-07-06 16:00:00,6.4,true
TT03677,TR0592,2025-07-06 20:00:00,6.8,true
TT03678,TR0592,2025-07-06 24:00:00,4.2,true
TT03679,TR0593,2025-11-14 00:00:00,6.0,true
TT03680,TR0593,2025-11-14 04:00:00,3.6,true
TT03681,TR0593,2025-11-14 08:00:00,3.6,true
TT03682,TR0593,2025-11-14 12:00:00,3.4,true
TT03683,TR0593,2025-11-14 16:00:00,3.6,true
TT03684,TR0593,2025-11-14 20:00:00,5.9,true
TT03685,TR0593,2025-11-14 24:00:00,6.5,true
TT03686,TR0593,2025-11-14 28:00:00,2.3,true
TT03687,TR0594,2025-08-07 00:00:00,3.9,true
TT03688,TR0594,2025-08-07 04:00:00,3.9,true
TT03689,TR0594,2025-08-07 08:00:00,4.0,true
TT03690,TR0594,2025-08-07 12:00:00,2.8,true
TT03691,TR0594,2025-08-07 16:00:00,4.6,true
TT03692,TR0594,2025-08-07 20:00:00,6.8,true
TT03693,TR0595,2025-08-16 00:00:00,6.7,true
TT03694,TR0595,2025-08-16 04:00:00,4.4,true
TT03695,TR0595,2025-08-16 08:00:00,4.3,true
TT03696,TR0595,2025-08-16 12:00:00,6.7,true
TT03697,TR0595,2025-08-16 16:00:00,2.2,true
TT03698,TR0596,2025-09-12 00:00:00,17.5,false
TT03699,TR0596,2025-09-12 04:00:00,15.4,false
TT03700,TR0596,2025-09-12 08:00:00,2.6,true
TT03701,TR0596,2025-09-12 12:00:00,5.0,true
TT03702,TR0596,2025-09-12 16:00:00,6.8,true
TT03703,TR0597,2025-10-08 00:00:00,7.0,true
TT03704,TR0597,2025-10-08 04:00:00,4.1,true
TT03705,TR0597,2025-10-08 08:00:00,3.3,true
TT03706,TR0597,2025-10-08 12:00:00,4.3,true
TT03707,TR0597,2025-10-08 16:00:00,6.1,true
TT03708,TR0597,2025-10-08 20:00:00,6.7,true
TT03709,TR0597,2025-10-08 24:00:00,2.1,true
TT03710,TR0598,2025-09-13 00:00:00,2.6,true
TT03711,TR0598,2025-09-13 04:00:00,2.4,true
TT03712,TR0598,2025-09-13 08:00:00,4.5,true
TT03713,TR0598,2025-09-13 12:00:00,3.5,true
TT03714,TR0598,2025-09-13 16:00:00,6.6,true
TT03715,TR0598,2025-09-13 20:00:00,3.3,true
TT03716,TR0598,2025-09-13 24:00:00,5.4,true
TT03717,TR0598,2025-09-13 28:00:00,2.7,true
TT03718,TR0599,2025-08-17 00:00:00,2.6,true
TT03719,TR0599,2025-08-17 04:00:00,2.3,true
TT03720,TR0599,2025-08-17 08:00:00,6.9,true
TT03721,TR0599,2025-08-17 12:00:00,5.3,true
TT03722,TR0599,2025-08-17 16:00:00,4.5,true
TT03723,TR0599,2025-08-17 20:00:00,5.8,true
TT03724,TR0599,2025-08-17 24:00:00,2.6,true
TT03725,TR0600,2025-07-09 00:00:00,6.2,true
TT03726,TR0600,2025-07-09 04:00:00,5.2,true
TT03727,TR0600,2025-07-09 08:00:00,6.6,true
TT03728,TR0600,2025-07-09 12:00:00,6.7,true
TT03729,TR0601,2025-07-05 00:00:00,5.9,true
TT03730,TR0601,2025-07-05 04:00:00,5.6,true
TT03731,TR0601,2025-07-05 08:00:00,4.8,true
TT03732,TR0601,2025-07-05 12:00:00,3.2,true
TT03733,TR0601,2025-07-05 16:00:00,3.7,true
TT03734,TR0601,2025-07-05 20:00:00,6.6,true
TT03735,TR0601,2025-07-05 24:00:00,6.2,true
TT03736,TR0602,2025-08-01 00:00:00,5.9,true
TT03737,TR0602,2025-08-01 04:00:00,2.3,true
TT03738,TR0602,2025-08-01 08:00:00,4.3,true
TT03739,TR0602,2025-08-01 12:00:00,4.6,true
TT03740,TR0602,2025-08-01 16:00:00,3.5,true
TT03741,TR0602,2025-08-01 20:00:00,5.2,true
TT03742,TR0602,2025-08-01 24:00:00,4.2,true
TT03743,TR0603,2025-10-13 00:00:00,2.5,true
TT03744,TR0603,2025-10-13 04:00:00,2.3,true
TT03745,TR0603,2025-10-13 08:00:00,6.1,true
TT03746,TR0603,2025-10-13 12:00:00,5.4,true
TT03747,TR0603,2025-10-13 16:00:00,2.0,true
TT03748,TR0604,2025-11-14 00:00:00,2.5,true
TT03749,TR0604,2025-11-14 04:00:00,6.3,true
TT03750,TR0604,2025-11-14 08:00:00,6.7,true
TT03751,TR0604,2025-11-14 12:00:00,5.5,true
TT03752,TR0604,2025-11-14 16:00:00,6.5,true
TT03753,TR0604,2025-11-14 20:00:00,3.9,true
TT03754,TR0604,2025-11-14 24:00:00,3.4,true
TT03755,TR0604,2025-11-14 28:00:00,5.0,true
TT03756,TR0605,2025-07-13 00:00:00,2.1,true
TT03757,TR0605,2025-07-13 04:00:00,4.0,true
TT03758,TR0605,2025-07-13 08:00:00,2.1,true
TT03759,TR0605,2025-07-13 12:00:00,6.0,true
TT03760,TR0605,2025-07-13 16:00:00,3.4,true
TT03761,TR0606,2025-09-04 00:00:00,2.0,true
TT03762,TR0606,2025-09-04 04:00:00,4.5,true
TT03763,TR0606,2025-09-04 08:00:00,3.5,true
TT03764,TR0606,2025-09-04 12:00:00,4.8,true
TT03765,TR0606,2025-09-04 16:00:00,3.9,true
TT03766,TR0606,2025-09-04 20:00:00,6.7,true
TT03767,TR0607,2025-08-12 00:00:00,5.4,true
TT03768,TR0607,2025-08-12 04:00:00,3.7,true
TT03769,TR0607,2025-08-12 08:00:00,4.3,true
TT03770,TR0607,2025-08-12 12:00:00,4.2,true
TT03771,TR0607,2025-08-12 16:00:00,6.2,true
TT03772,TR0608,2025-07-15 00:00:00,5.9,true
TT03773,TR0608,2025-07-15 04:00:00,5.4,true
TT03774,TR0608,2025-07-15 08:00:00,2.6,true
TT03775,TR0608,2025-07-15 12:00:00,2.6,true
TT03776,TR0608,2025-07-15 16:00:00,6.8,true
TT03777,TR0608,2025-07-15 20:00:00,6.8,true
TT03778,TR0608,2025-07-15 24:00:00,4.1,true
TT03779,TR0608,2025-07-15 28:00:00,4.8,true
TT03780,TR0609,2025-10-18 00:00:00,5.3,true
TT03781,TR0609,2025-10-18 04:00:00,4.0,true
TT03782,TR0609,2025-10-18 08:00:00,3.0,true
TT03783,TR0609,2025-10-18 12:00:00,4.0,true
TT03784,TR0609,2025-10-18 16:00:00,2.9,true
TT03785,TR0609,2025-10-18 20:00:00,3.4,true
TT03786,TR0609,2025-10-18 24:00:00,2.9,true
TT03787,TR0610,2025-11-07 00:00:00,4.9,true
TT03788,TR0610,2025-11-07 04:00:00,2.2,true
TT03789,TR0610,2025-11-07 08:00:00,4.0,true
TT03790,TR0610,2025-11-07 12:00:00,3.4,true
TT03791,TR0610,2025-11-07 16:00:00,3.2,true
TT03792,TR0610,2025-11-07 20:00:00,2.3,true
TT03793,TR0610,2025-11-07 24:00:00,6.5,true
TT03794,TR0611,2025-08-05 00:00:00,6.6,true
TT03795,TR0611,2025-08-05 04:00:00,6.1,true
TT03796,TR0611,2025-08-05 08:00:00,2.4,true
TT03797,TR0611,2025-08-05 12:00:00,5.2,true
TT03798,TR0611,2025-08-05 16:00:00,5.4,true
TT03799,TR0611,2025-08-05 20:00:00,6.4,true
TT03800,TR0611,2025-08-05 24:00:00,4.8,true
TT03801,TR0611,2025-08-05 28:00:00,5.9,true
TT03802,TR0612,2025-09-24 00:00:00,6.4,true
TT03803,TR0612,2025-09-24 04:00:00,3.6,true
TT03804,TR0612,2025-09-24 08:00:00,6.7,true
TT03805,TR0612,2025-09-24 12:00:00,5.6,true
TT03806,TR0612,2025-09-24 16:00:00,5.7,true
TT03807,TR0612,2025-09-24 20:00:00,4.0,true
TT03808,TR0613,2025-10-10 00:00:00,6.2,true
TT03809,TR0613,2025-10-10 04:00:00,3.2,true
TT03810,TR0613,2025-10-10 08:00:00,6.0,true
TT03811,TR0613,2025-10-10 12:00:00,3.1,true
TT03812,TR0613,2025-10-10 16:00:00,4.7,true
TT03813,TR0614,2025-07-09 00:00:00,5.6,true
TT03814,TR0614,2025-07-09 04:00:00,3.7,true
TT03815,TR0614,2025-07-09 08:00:00,7.0,true
TT03816,TR0614,2025-07-09 12:00:00,4.9,true
TT03817,TR0614,2025-07-09 16:00:00,3.6,true
TT03818,TR0614,2025-07-09 20:00:00,3.6,true
TT03819,TR0615,2025-08-01 00:00:00,5.0,true
TT03820,TR0615,2025-08-01 04:00:00,4.0,true
TT03821,TR0615,2025-08-01 08:00:00,5.8,true
TT03822,TR0615,2025-08-01 12:00:00,2.9,true
TT03823,TR0615,2025-08-01 16:00:00,6.5,true
TT03824,TR0615,2025-08-01 20:00:00,3.7,true
TT03825,TR0615,2025-08-01 24:00:00,5.9,true
TT03826,TR0616,2025-11-19 00:00:00,5.2,true
TT03827,TR0616,2025-11-19 04:00:00,4.8,true
TT03828,TR0616,2025-11-19 08:00:00,5.5,true
TT03829,TR0616,2025-11-19 12:00:00,6.6,true
TT03830,TR0616,2025-11-19 16:00:00,2.6,true
TT03831,TR0616,2025-11-19 20:00:00,2.7,true
TT03832,TR0616,2025-11-19 24:00:00,6.8,true
TT03833,TR0616,2025-11-19 28:00:00,4.7,true
TT03834,TR0617,2025-07-12 00:00:00,2.5,true
TT03835,TR0617,2025-07-12 04:00:00,5.8,true
TT03836,TR0617,2025-07-12 08:00:00,6.3,true
TT03837,TR0617,2025-07-12 12:00:00,5.5,true
TT03838,TR0618,2025-07-11 00:00:00,4.0,true
TT03839,TR0618,2025-07-11 04:00:00,3.4,true
TT03840,TR0618,2025-07-11 08:00:00,4.9,true
TT03841,TR0618,2025-07-11 12:00:00,6.9,true
TT03842,TR0618,2025-07-11 16:00:00,3.4,true
TT03843,TR0618,2025-07-11 20:00:00,6.4,true
TT03844,TR0618,2025-07-11 24:00:00,5.9,true
TT03845,TR0618,2025-07-11 28:00:00,4.2,true
TT03846,TR0619,2025-11-13 00:00:00,3.0,true
TT03847,TR0619,2025-11-13 04:00:00,4.7,true
TT03848,TR0619,2025-11-13 08:00:00,5.6,true
TT03849,TR0619,2025-11-13 12:00:00,3.9,true
TT03850,TR0619,2025-11-13 16:00:00,6.4,true
TT03851,TR0619,2025-11-13 20:00:00,2.9,true
TT03852,TR0620,2025-10-23 00:00:00,2.5,true
TT03853,TR0620,2025-10-23 04:00:00,5.0,true
TT03854,TR0620,2025-10-23 08:00:00,6.6,true
TT03855,TR0620,2025-10-23 12:00:00,4.1,true
TT03856,TR0620,2025-10-23 16:00:00,4.5,true
TT03857,TR0620,2025-10-23 20:00:00,2.8,true
TT03858,TR0620,2025-10-23 24:00:00,2.3,true
TT03859,TR0621,2025-09-16 00:00:00,3.5,true
TT03860,TR0621,2025-09-16 04:00:00,3.6,true
TT03861,TR0621,2025-09-16 08:00:00,4.2,true
TT03862,TR0621,2025-09-16 12:00:00,3.7,true
TT03863,TR0621,2025-09-16 16:00:00,6.2,true
TT03864,TR0622,2025-09-05 00:00:00,6.3,true
TT03865,TR0622,2025-09-05 04:00:00,2.7,true
TT03866,TR0622,2025-09-05 08:00:00,5.6,true
TT03867,TR0622,2025-09-05 12:00:00,5.5,true
TT03868,TR0622,2025-09-05 16:00:00,6.3,true
TT03869,TR0622,2025-09-05 20:00:00,5.7,true
TT03870,TR0622,2025-09-05 24:00:00,5.6,true
TT03871,TR0622,2025-09-05 28:00:00,5.7,true
TT03872,TR0623,2025-08-10 00:00:00,5.1,true
TT03873,TR0623,2025-08-10 04:00:00,6.2,true
TT03874,TR0623,2025-08-10 08:00:00,3.0,true
TT03875,TR0623,2025-08-10 12:00:00,3.6,true
TT03876,TR0623,2025-08-10 16:00:00,6.6,true
TT03877,TR0623,2025-08-10 20:00:00,3.7,true
TT03878,TR0623,2025-08-10 24:00:00,5.0,true
TT03879,TR0623,2025-08-10 28:00:00,5.3,true
TT03880,TR0624,2025-09-23 00:00:00,3.4,true
TT03881,TR0624,2025-09-23 04:00:00,2.6,true
TT03882,TR0624,2025-09-23 08:00:00,5.3,true
TT03883,TR0624,2025-09-23 12:00:00,3.9,true
TT03884,TR0624,2025-09-23 16:00:00,5.9,true
TT03885,TR0624,2025-09-23 20:00:00,5.1,true
TT03886,TR0624,2025-09-23 24:00:00,5.0,true
TT03887,TR0625,2025-10-19 00:00:00,3.9,true
TT03888,TR0625,2025-10-19 04:00:00,6.2,true
TT03889,TR0625,2025-10-19 08:00:00,3.6,true
TT03890,TR0625,2025-10-19 12:00:00,4.8,true
TT03891,TR0625,2025-10-19 16:00:00,2.9,true
TT03892,TR0626,2025-09-09 00:00:00,4.1,true
TT03893,TR0626,2025-09-09 04:00:00,5.0,true
TT03894,TR0626,2025-09-09 08:00:00,4.9,true
TT03895,TR0626,2025-09-09 12:00:00,6.0,true
TT03896,TR0626,2025-09-09 16:00:00,2.1,true
TT03897,TR0626,2025-09-09 20:00:00,5.7,true
TT03898,TR0626,2025-09-09 24:00:00,4.2,true
TT03899,TR0627,2025-09-03 00:00:00,3.2,true
TT03900,TR0627,2025-09-03 04:00:00,5.0,true
TT03901,TR0627,2025-09-03 08:00:00,5.2,true
TT03902,TR0627,2025-09-03 12:00:00,2.4,true
TT03903,TR0627,2025-09-03 16:00:00,2.2,true
TT03904,TR0627,2025-09-03 20:00:00,5.8,true
TT03905,TR0628,2025-08-09 00:00:00,2.9,true
TT03906,TR0628,2025-08-09 04:00:00,5.8,true
TT03907,TR0628,2025-08-09 08:00:00,2.4,true
TT03908,TR0628,2025-08-09 12:00:00,4.1,true
TT03909,TR0628,2025-08-09 16:00:00,2.7,true
TT03910,TR0628,2025-08-09 20:00:00,6.2,true
TT03911,TR0628,2025-08-09 24:00:00,6.6,true
TT03912,TR0629,2025-09-02 00:00:00,4.5,true
TT03913,TR0629,2025-09-02 04:00:00,2.2,true
TT03914,TR0629,2025-09-02 08:00:00,6.0,true
TT03915,TR0629,2025-09-02 12:00:00,5.9,true
TT03916,TR0629,2025-09-02 16:00:00,4.8,true
TT03917,TR0629,2025-09-02 20:00:00,3.4,true
TT03918,TR0630,2025-09-03 00:00:00,5.4,true
TT03919,TR0630,2025-09-03 04:00:00,5.7,true
TT03920,TR0630,2025-09-03 08:00:00,4.2,true
TT03921,TR0630,2025-09-03 12:00:00,4.4,true
TT03922,TR0630,2025-09-03 16:00:00,6.4,true
TT03923,TR0631,2025-11-24 00:00:00,3.8,true
TT03924,TR0631,2025-11-24 04:00:00,5.6,true
TT03925,TR0631,2025-11-24 08:00:00,2.9,true
TT03926,TR0631,2025-11-24 12:00:00,2.7,true
TT03927,TR0631,2025-11-24 16:00:00,5.9,true
TT03928,TR0632,2025-09-06 00:00:00,5.9,true
TT03929,TR0632,2025-09-06 04:00:00,2.8,true
TT03930,TR0632,2025-09-06 08:00:00,2.8,true
TT03931,TR0632,2025-09-06 12:00:00,4.9,true
TT03932,TR0632,2025-09-06 16:00:00,3.0,true
TT03933,TR0632,2025-09-06 20:00:00,6.6,true
TT03934,TR0632,2025-09-06 24:00:00,3.9,true
TT03935,TR0633,2025-10-17 00:00:00,5.2,true
TT03936,TR0633,2025-10-17 04:00:00,6.2,true
TT03937,TR0633,2025-10-17 08:00:00,3.8,true
TT03938,TR0633,2025-10-17 12:00:00,3.7,true
TT03939,TR0633,2025-10-17 16:00:00,3.4,true
TT03940,TR0633,2025-10-17 20:00:00,2.3,true
TT03941,TR0634,2025-10-07 00:00:00,6.3,true
TT03942,TR0634,2025-10-07 04:00:00,2.9,true
TT03943,TR0634,2025-10-07 08:00:00,5.2,true
TT03944,TR0634,2025-10-07 12:00:00,2.8,true
TT03945,TR0634,2025-10-07 16:00:00,5.9,true
TT03946,TR0634,2025-10-07 20:00:00,4.5,true
TT03947,TR0635,2025-09-24 00:00:00,5.5,true
TT03948,TR0635,2025-09-24 04:00:00,3.7,true
TT03949,TR0635,2025-09-24 08:00:00,5.8,true
TT03950,TR0635,2025-09-24 12:00:00,4.9,true
TT03951,TR0635,2025-09-24 16:00:00,4.5,true
TT03952,TR0635,2025-09-24 20:00:00,4.4,true
TT03953,TR0636,2025-08-01 00:00:00,4.6,true
TT03954,TR0636,2025-08-01 04:00:00,3.9,true
TT03955,TR0636,2025-08-01 08:00:00,2.4,true
TT03956,TR0636,2025-08-01 12:00:00,4.7,true
TT03957,TR0636,2025-08-01 16:00:00,3.9,true
TT03958,TR0636,2025-08-01 20:00:00,3.4,true
TT03959,TR0636,2025-08-01 24:00:00,5.3,true
TT03960,TR0636,2025-08-01 28:00:00,2.0,true
TT03961,TR0637,2025-07-10 00:00:00,4.6,true
TT03962,TR0637,2025-07-10 04:00:00,2.7,true
TT03963,TR0637,2025-07-10 08:00:00,4.6,true
TT03964,TR0637,2025-07-10 12:00:00,3.9,true
TT03965,TR0637,2025-07-10 16:00:00,2.1,true
TT03966,TR0637,2025-07-10 20:00:00,5.3,true
TT03967,TR0637,2025-07-10 24:00:00,4.6,true
TT03968,TR0638,2025-10-24 00:00:00,5.5,true
TT03969,TR0638,2025-10-24 04:00:00,4.5,true
TT03970,TR0638,2025-10-24 08:00:00,5.8,true
TT03971,TR0638,2025-10-24 12:00:00,6.7,true
TT03972,TR0638,2025-10-24 16:00:00,4.9,true
TT03973,TR0638,2025-10-24 20:00:00,5.4,true
TT03974,TR0638,2025-10-24 24:00:00,6.1,true
TT03975,TR0638,2025-10-24 28:00:00,3.6,true
TT03976,TR0639,2025-07-17 00:00:00,2.4,true
TT03977,TR0639,2025-07-17 04:00:00,3.7,true
TT03978,TR0639,2025-07-17 08:00:00,6.3,true
TT03979,TR0639,2025-07-17 12:00:00,4.1,true
TT03980,TR0639,2025-07-17 16:00:00,5.1,true
TT03981,TR0639,2025-07-17 20:00:00,4.8,true
TT03982,TR0639,2025-07-17 24:00:00,2.8,true
TT03983,TR0639,2025-07-17 28:00:00,3.2,true
TT03984,TR0640,2025-11-24 00:00:00,6.8,true
TT03985,TR0640,2025-11-24 04:00:00,6.2,true
TT03986,TR0640,2025-11-24 08:00:00,2.6,true
TT03987,TR0640,2025-11-24 12:00:00,3.6,true
TT03988,TR0640,2025-11-24 16:00:00,6.3,true
TT03989,TR0641,2025-08-16 00:00:00,2.4,true
TT03990,TR0641,2025-08-16 04:00:00,5.1,true
TT03991,TR0641,2025-08-16 08:00:00,6.2,true
TT03992,TR0641,2025-08-16 12:00:00,6.9,true
TT03993,TR0641,2025-08-16 16:00:00,2.9,true
TT03994,TR0641,2025-08-16 20:00:00,5.0,true
TT03995,TR0642,2025-08-07 00:00:00,2.3,true
TT03996,TR0642,2025-08-07 04:00:00,6.6,true
TT03997,TR0642,2025-08-07 08:00:00,3.6,true
TT03998,TR0642,2025-08-07 12:00:00,2.3,true
TT03999,TR0642,2025-08-07 16:00:00,2.6,true
TT04000,TR0642,2025-08-07 20:00:00,5.0,true
TT04001,TR0642,2025-08-07 24:00:00,5.4,true
TT04002,TR0642,2025-08-07 28:00:00,4.3,true
TT04003,TR0643,2025-08-19 00:00:00,6.7,true
TT04004,TR0643,2025-08-19 04:00:00,4.0,true
TT04005,TR0643,2025-08-19 08:00:00,3.5,true
TT04006,TR0643,2025-08-19 12:00:00,4.1,true
TT04007,TR0643,2025-08-19 16:00:00,2.7,true
TT04008,TR0643,2025-08-19 20:00:00,6.7,true
TT04009,TR0643,2025-08-19 24:00:00,2.7,true
TT04010,TR0644,2025-07-01 00:00:00,2.3,true
TT04011,TR0644,2025-07-01 04:00:00,5.6,true
TT04012,TR0644,2025-07-01 08:00:00,3.2,true
TT04013,TR0644,2025-07-01 12:00:00,3.6,true
TT04014,TR0644,2025-07-01 16:00:00,2.3,true
TT04015,TR0644,2025-07-01 20:00:00,5.8,true
TT04016,TR0644,2025-07-01 24:00:00,6.9,true
TT04017,TR0645,2025-10-10 00:00:00,2.7,true
TT04018,TR0645,2025-10-10 04:00:00,4.9,true
TT04019,TR0645,2025-10-10 08:00:00,4.8,true
TT04020,TR0645,2025-10-10 12:00:00,2.8,true
TT04021,TR0645,2025-10-10 16:00:00,2.3,true
TT04022,TR0646,2025-08-24 00:00:00,6.8,true
TT04023,TR0646,2025-08-24 04:00:00,6.5,true
TT04024,TR0646,2025-08-24 08:00:00,6.6,true
TT04025,TR0646,2025-08-24 12:00:00,5.9,true
TT04026,TR0646,2025-08-24 16:00:00,4.1,true
TT04027,TR0646,2025-08-24 20:00:00,4.9,true
TT04028,TR0646,2025-08-24 24:00:00,3.4,true
TT04029,TR0646,2025-08-24 28:00:00,2.1,true
TT04030,TR0647,2025-07-08 00:00:00,2.5,true
TT04031,TR0647,2025-07-08 04:00:00,4.8,true
TT04032,TR0647,2025-07-08 08:00:00,2.6,true
TT04033,TR0647,2025-07-08 12:00:00,6.9,true
TT04034,TR0647,2025-07-08 16:00:00,4.4,true
TT04035,TR0647,2025-07-08 20:00:00,4.7,true
TT04036,TR0648,2025-08-08 00:00:00,5.9,true
TT04037,TR0648,2025-08-08 04:00:00,2.4,true
TT04038,TR0648,2025-08-08 08:00:00,4.7,true
TT04039,TR0648,2025-08-08 12:00:00,5.5,true
TT04040,TR0648,2025-08-08 16:00:00,5.6,true
TT04041,TR0649,2025-11-08 00:00:00,5.5,true
TT04042,TR0649,2025-11-08 04:00:00,6.6,true
TT04043,TR0649,2025-11-08 08:00:00,3.6,true
TT04044,TR0649,2025-11-08 12:00:00,6.1,true
TT04045,TR0649,2025-11-08 16:00:00,2.1,true
TT04046,TR0649,2025-11-08 20:00:00,6.9,true
TT04047,TR0650,2025-11-24 00:00:00,5.5,true
TT04048,TR0650,2025-11-24 04:00:00,4.8,true
TT04049,TR0650,2025-11-24 08:00:00,2.8,true
TT04050,TR0650,2025-11-24 12:00:00,3.7,true
TT04051,TR0650,2025-11-24 16:00:00,4.3,true
TT04052,TR0650,2025-11-24 20:00:00,5.2,true
TT04053,TR0650,2025-11-24 24:00:00,4.6,true
TT04054,TR0651,2025-08-13 00:00:00,2.4,true
TT04055,TR0651,2025-08-13 04:00:00,4.7,true
TT04056,TR0651,2025-08-13 08:00:00,4.2,true
TT04057,TR0651,2025-08-13 12:00:00,4.5,true
TT04058,TR0651,2025-08-13 16:00:00,2.1,true
TT04059,TR0652,2025-08-01 00:00:00,2.4,true
TT04060,TR0652,2025-08-01 04:00:00,3.4,true
TT04061,TR0652,2025-08-01 08:00:00,2.9,true
TT04062,TR0652,2025-08-01 12:00:00,3.5,true
TT04063,TR0652,2025-08-01 16:00:00,2.7,true
TT04064,TR0652,2025-08-01 20:00:00,5.0,true
TT04065,TR0652,2025-08-01 24:00:00,6.6,true
TT04066,TR0653,2025-08-02 00:00:00,6.5,true
TT04067,TR0653,2025-08-02 04:00:00,6.7,true
TT04068,TR0653,2025-08-02 08:00:00,2.1,true
TT04069,TR0653,2025-08-02 12:00:00,3.5,true
TT04070,TR0653,2025-08-02 16:00:00,5.8,true
TT04071,TR0653,2025-08-02 20:00:00,5.2,true
TT04072,TR0653,2025-08-02 24:00:00,6.4,true
TT04073,TR0653,2025-08-02 28:00:00,5.4,true
TT04074,TR0654,2025-08-23 00:00:00,5.0,true
TT04075,TR0654,2025-08-23 04:00:00,6.5,true
TT04076,TR0654,2025-08-23 08:00:00,2.7,true
TT04077,TR0654,2025-08-23 12:00:00,6.2,true
TT04078,TR0654,2025-08-23 16:00:00,6.6,true
TT04079,TR0654,2025-08-23 20:00:00,5.5,true
TT04080,TR0654,2025-08-23 24:00:00,6.4,true
TT04081,TR0654,2025-08-23 28:00:00,2.4,true
TT04082,TR0655,2025-10-20 00:00:00,4.8,true
TT04083,TR0655,2025-10-20 04:00:00,6.6,true
TT04084,TR0655,2025-10-20 08:00:00,2.7,true
TT04085,TR0655,2025-10-20 12:00:00,5.1,true
TT04086,TR0655,2025-10-20 16:00:00,5.5,true
TT04087,TR0655,2025-10-20 20:00:00,6.6,true
TT04088,TR0656,2025-09-09 00:00:00,5.8,true
TT04089,TR0656,2025-09-09 04:00:00,6.8,true
TT04090,TR0656,2025-09-09 08:00:00,6.0,true
TT04091,TR0656,2025-09-09 12:00:00,4.7,true
TT04092,TR0656,2025-09-09 16:00:00,3.9,true
TT04093,TR0657,2025-11-12 00:00:00,5.9,true
TT04094,TR0657,2025-11-12 04:00:00,2.5,true
TT04095,TR0657,2025-11-12 08:00:00,3.7,true
TT04096,TR0657,2025-11-12 12:00:00,4.6,true
TT04097,TR0657,2025-11-12 16:00:00,3.4,true
TT04098,TR0657,2025-11-12 20:00:00,5.7,true
TT04099,TR0658,2025-09-01 00:00:00,3.4,true
TT04100,TR0658,2025-09-01 04:00:00,3.9,true
TT04101,TR0658,2025-09-01 08:00:00,6.5,true
TT04102,TR0658,2025-09-01 12:00:00,3.2,true
TT04103,TR0658,2025-09-01 16:00:00,6.4,true
TT04104,TR0658,2025-09-01 20:00:00,6.1,true
TT04105,TR0658,2025-09-01 24:00:00,5.7,true
TT04106,TR0659,2025-07-04 00:00:00,6.0,true
TT04107,TR0659,2025-07-04 04:00:00,3.3,true
TT04108,TR0659,2025-07-04 08:00:00,3.3,true
TT04109,TR0659,2025-07-04 12:00:00,6.5,true
TT04110,TR0659,2025-07-04 16:00:00,4.7,true
TT04111,TR0659,2025-07-04 20:00:00,4.5,true
TT04112,TR0660,2025-11-09 00:00:00,4.3,true
TT04113,TR0660,2025-11-09 04:00:00,2.8,true
TT04114,TR0660,2025-11-09 08:00:00,6.6,true
TT04115,TR0660,2025-11-09 12:00:00,2.6,true
TT04116,TR0660,2025-11-09 16:00:00,4.2,true
TT04117,TR0660,2025-11-09 20:00:00,5.3,true
TT04118,TR0661,2025-07-07 00:00:00,6.1,true
TT04119,TR0661,2025-07-07 04:00:00,2.5,true
TT04120,TR0661,2025-07-07 08:00:00,6.0,true
TT04121,TR0661,2025-07-07 12:00:00,5.3,true
TT04122,TR0661,2025-07-07 16:00:00,3.3,true
TT04123,TR0661,2025-07-07 20:00:00,3.0,true
TT04124,TR0662,2025-09-01 00:00:00,3.8,true
TT04125,TR0662,2025-09-01 04:00:00,6.7,true
TT04126,TR0662,2025-09-01 08:00:00,4.0,true
TT04127,TR0662,2025-09-01 12:00:00,6.9,true
TT04128,TR0662,2025-09-01 16:00:00,6.4,true
TT04129,TR0662,2025-09-01 20:00:00,3.9,true
TT04130,TR0663,2025-11-17 00:00:00,3.7,true
TT04131,TR0663,2025-11-17 04:00:00,7.0,true
TT04132,TR0663,2025-11-17 08:00:00,5.8,true
TT04133,TR0663,2025-11-17 12:00:00,2.8,true
TT04134,TR0664,2025-09-08 00:00:00,5.4,true
TT04135,TR0664,2025-09-08 04:00:00,6.8,true
TT04136,TR0664,2025-09-08 08:00:00,17.4,false
TT04137,TR0664,2025-09-08 12:00:00,4.4,true
TT04138,TR0664,2025-09-08 16:00:00,4.8,true
TT04139,TR0665,2025-11-02 00:00:00,2.7,true
TT04140,TR0665,2025-11-02 04:00:00,5.2,true
TT04141,TR0665,2025-11-02 08:00:00,3.6,true
TT04142,TR0665,2025-11-02 12:00:00,17.7,false
TT04143,TR0665,2025-11-02 16:00:00,2.7,true
TT04144,TR0665,2025-11-02 20:00:00,2.4,true
TT04145,TR0665,2025-11-02 24:00:00,2.6,true
TT04146,TR0665,2025-11-02 28:00:00,4.0,true
TT04147,TR0666,2025-11-14 00:00:00,6.9,true
TT04148,TR0666,2025-11-14 04:00:00,5.1,true
TT04149,TR0666,2025-11-14 08:00:00,4.0,true
TT04150,TR0666,2025-11-14 12:00:00,4.5,true
TT04151,TR0666,2025-11-14 16:00:00,2.7,true
TT04152,TR0666,2025-11-14 20:00:00,5.3,true
TT04153,TR0667,2025-09-06 00:00:00,16.6,false
TT04154,TR0667,2025-09-06 04:00:00,3.5,true
TT04155,TR0667,2025-09-06 08:00:00,3.3,true
TT04156,TR0667,2025-09-06 12:00:00,3.9,true
TT04157,TR0667,2025-09-06 16:00:00,17.9,false
TT04158,TR0668,2025-11-01 00:00:00,5.1,true
TT04159,TR0668,2025-11-01 04:00:00,4.9,true
TT04160,TR0668,2025-11-01 08:00:00,3.7,true
TT04161,TR0668,2025-11-01 12:00:00,4.7,true
TT04162,TR0668,2025-11-01 16:00:00,4.0,true
TT04163,TR0668,2025-11-01 20:00:00,2.4,true
TT04164,TR0669,2025-10-16 00:00:00,3.7,true
TT04165,TR0669,2025-10-16 04:00:00,3.8,true
TT04166,TR0669,2025-10-16 08:00:00,3.5,true
TT04167,TR0669,2025-10-16 12:00:00,4.3,true
TT04168,TR0669,2025-10-16 16:00:00,2.8,true
TT04169,TR0669,2025-10-16 20:00:00,2.6,true
TT04170,TR0669,2025-10-16 24:00:00,6.6,true
TT04171,TR0670,2025-10-09 00:00:00,3.5,true
TT04172,TR0670,2025-10-09 04:00:00,5.7,true
TT04173,TR0670,2025-10-09 08:00:00,5.5,true
TT04174,TR0670,2025-10-09 12:00:00,2.3,true
TT04175,TR0670,2025-10-09 16:00:00,6.6,true
TT04176,TR0671,2025-10-20 00:00:00,4.9,true
TT04177,TR0671,2025-10-20 04:00:00,6.7,true
TT04178,TR0671,2025-10-20 08:00:00,6.4,true
TT04179,TR0671,2025-10-20 12:00:00,5.2,true
TT04180,TR0671,2025-10-20 16:00:00,3.7,true
TT04181,TR0671,2025-10-20 20:00:00,6.1,true
TT04182,TR0671,2025-10-20 24:00:00,5.1,true
TT04183,TR0671,2025-10-20 28:00:00,3.4,true
TT04184,TR0672,2025-08-08 00:00:00,3.0,true
TT04185,TR0672,2025-08-08 04:00:00,2.9,true
TT04186,TR0672,2025-08-08 08:00:00,4.7,true
TT04187,TR0672,2025-08-08 12:00:00,6.3,true
TT04188,TR0672,2025-08-08 16:00:00,4.9,true
TT04189,TR0673,2025-07-12 00:00:00,6.5,true
TT04190,TR0673,2025-07-12 04:00:00,3.3,true
TT04191,TR0673,2025-07-12 08:00:00,4.2,true
TT04192,TR0673,2025-07-12 12:00:00,4.6,true
TT04193,TR0673,2025-07-12 16:00:00,2.7,true
TT04194,TR0673,2025-07-12 20:00:00,2.4,true
TT04195,TR0674,2025-07-15 00:00:00,2.3,true
TT04196,TR0674,2025-07-15 04:00:00,3.0,true
TT04197,TR0674,2025-07-15 08:00:00,6.2,true
TT04198,TR0674,2025-07-15 12:00:00,3.8,true
TT04199,TR0674,2025-07-15 16:00:00,6.8,true
TT04200,TR0674,2025-07-15 20:00:00,2.8,true
TT04201,TR0674,2025-07-15 24:00:00,5.5,true
TT04202,TR0675,2025-10-19 00:00:00,3.5,true
TT04203,TR0675,2025-10-19 04:00:00,3.2,true
TT04204,TR0675,2025-10-19 08:00:00,5.1,true
TT04205,TR0675,2025-10-19 12:00:00,3.7,true
TT04206,TR0675,2025-10-19 16:00:00,4.8,true
TT04207,TR0675,2025-10-19 20:00:00,4.4,true
TT04208,TR0675,2025-10-19 24:00:00,6.2,true
TT04209,TR0675,2025-10-19 28:00:00,4.1,true
TT04210,TR0676,2025-11-05 00:00:00,6.8,true
TT04211,TR0676,2025-11-05 04:00:00,5.2,true
TT04212,TR0676,2025-11-05 08:00:00,4.4,true
TT04213,TR0676,2025-11-05 12:00:00,3.9,true
TT04214,TR0677,2025-11-13 00:00:00,2.2,true
TT04215,TR0677,2025-11-13 04:00:00,5.4,true
TT04216,TR0677,2025-11-13 08:00:00,3.4,true
TT04217,TR0677,2025-11-13 12:00:00,6.2,true
TT04218,TR0677,2025-11-13 16:00:00,2.8,true
TT04219,TR0677,2025-11-13 20:00:00,3.0,true
TT04220,TR0678,2025-08-15 00:00:00,5.7,true
TT04221,TR0678,2025-08-15 04:00:00,6.0,true
TT04222,TR0678,2025-08-15 08:00:00,4.2,true
TT04223,TR0678,2025-08-15 12:00:00,6.4,true
TT04224,TR0678,2025-08-15 16:00:00,4.5,true
TT04225,TR0678,2025-08-15 20:00:00,4.7,true
TT04226,TR0678,2025-08-15 24:00:00,4.6,true
TT04227,TR0678,2025-08-15 28:00:00,4.5,true
TT04228,TR0679,2025-08-01 00:00:00,3.1,true
TT04229,TR0679,2025-08-01 04:00:00,3.0,true
TT04230,TR0679,2025-08-01 08:00:00,3.1,true
TT04231,TR0679,2025-08-01 12:00:00,4.0,true
TT04232,TR0679,2025-08-01 16:00:00,5.8,true
TT04233,TR0680,2025-10-16 00:00:00,6.4,true
TT04234,TR0680,2025-10-16 04:00:00,3.3,true
TT04235,TR0680,2025-10-16 08:00:00,5.7,true
TT04236,TR0680,2025-10-16 12:00:00,7.0,true
TT04237,TR0680,2025-10-16 16:00:00,5.3,true
TT04238,TR0680,2025-10-16 20:00:00,3.9,true
TT04239,TR0680,2025-10-16 24:00:00,2.9,true
TT04240,TR0681,2025-09-19 00:00:00,6.4,true
TT04241,TR0681,2025-09-19 04:00:00,5.9,true
TT04242,TR0681,2025-09-19 08:00:00,5.9,true
TT04243,TR0681,2025-09-19 12:00:00,4.7,true
TT04244,TR0681,2025-09-19 16:00:00,4.7,true
TT04245,TR0681,2025-09-19 20:00:00,6.9,true
TT04246,TR0682,2025-09-23 00:00:00,2.8,true
TT04247,TR0682,2025-09-23 04:00:00,2.6,true
TT04248,TR0682,2025-09-23 08:00:00,5.5,true
TT04249,TR0682,2025-09-23 12:00:00,4.2,true
TT04250,TR0682,2025-09-23 16:00:00,3.3,true
TT04251,TR0683,2025-10-01 00:00:00,6.3,true
TT04252,TR0683,2025-10-01 04:00:00,4.6,true
TT04253,TR0683,2025-10-01 08:00:00,6.0,true
TT04254,TR0683,2025-10-01 12:00:00,5.6,true
TT04255,TR0683,2025-10-01 16:00:00,4.0,true
TT04256,TR0683,2025-10-01 20:00:00,4.7,true
TT04257,TR0684,2025-09-01 00:00:00,6.2,true
TT04258,TR0684,2025-09-01 04:00:00,2.9,true
TT04259,TR0684,2025-09-01 08:00:00,6.7,true
TT04260,TR0684,2025-09-01 12:00:00,5.1,true
TT04261,TR0684,2025-09-01 16:00:00,5.3,true
TT04262,TR0685,2025-08-18 00:00:00,2.5,true
TT04263,TR0685,2025-08-18 04:00:00,2.6,true
TT04264,TR0685,2025-08-18 08:00:00,5.6,true
TT04265,TR0685,2025-08-18 12:00:00,5.4,true
TT04266,TR0685,2025-08-18 16:00:00,2.2,true
TT04267,TR0685,2025-08-18 20:00:00,4.0,true
TT04268,TR0685,2025-08-18 24:00:00,4.6,true
TT04269,TR0685,2025-08-18 28:00:00,6.2,true
TT04270,TR0686,2025-09-21 00:00:00,5.9,true
TT04271,TR0686,2025-09-21 04:00:00,2.4,true
TT04272,TR0686,2025-09-21 08:00:00,3.6,true
TT04273,TR0686,2025-09-21 12:00:00,2.9,true
TT04274,TR0686,2025-09-21 16:00:00,6.8,true
TT04275,TR0686,2025-09-21 20:00:00,5.6,true
TT04276,TR0686,2025-09-21 24:00:00,6.3,true
TT04277,TR0687,2025-11-14 00:00:00,3.9,true
TT04278,TR0687,2025-11-14 04:00:00,4.9,true
TT04279,TR0687,2025-11-14 08:00:00,6.6,true
TT04280,TR0687,2025-11-14 12:00:00,5.2,true
TT04281,TR0687,2025-11-14 16:00:00,2.4,true
TT04282,TR0687,2025-11-14 20:00:00,3.8,true
TT04283,TR0687,2025-11-14 24:00:00,5.2,true
TT04284,TR0688,2025-07-23 00:00:00,3.9,true
TT04285,TR0688,2025-07-23 04:00:00,4.2,true
TT04286,TR0688,2025-07-23 08:00:00,2.8,true
TT04287,TR0688,2025-07-23 12:00:00,3.8,true
TT04288,TR0688,2025-07-23 16:00:00,3.7,true
TT04289,TR0689,2025-10-01 00:00:00,5.0,true
TT04290,TR0689,2025-10-01 04:00:00,4.8,true
TT04291,TR0689,2025-10-01 08:00:00,2.7,true
TT04292,TR0689,2025-10-01 12:00:00,5.1,true
TT04293,TR0689,2025-10-01 16:00:00,5.7,true
TT04294,TR0689,2025-10-01 20:00:00,5.6,true
TT04295,TR0689,2025-10-01 24:00:00,5.0,true
TT04296,TR0690,2025-08-04 00:00:00,6.2,true
TT04297,TR0690,2025-08-04 04:00:00,4.2,true
TT04298,TR0690,2025-08-04 08:00:00,4.7,true
TT04299,TR0690,2025-08-04 12:00:00,5.2,true
TT04300,TR0690,2025-08-04 16:00:00,6.2,true
TT04301,TR0691,2025-07-21 00:00:00,3.4,true
TT04302,TR0691,2025-07-21 04:00:00,2.5,true
TT04303,TR0691,2025-07-21 08:00:00,6.0,true
TT04304,TR0691,2025-07-21 12:00:00,5.5,true
TT04305,TR0691,2025-07-21 16:00:00,3.6,true
TT04306,TR0691,2025-07-21 20:00:00,6.7,true
TT04307,TR0692,2025-09-13 00:00:00,3.7,true
TT04308,TR0692,2025-09-13 04:00:00,5.8,true
TT04309,TR0692,2025-09-13 08:00:00,2.6,true
TT04310,TR0692,2025-09-13 12:00:00,6.6,true
TT04311,TR0692,2025-09-13 16:00:00,5.7,true
TT04312,TR0692,2025-09-13 20:00:00,2.1,true
TT04313,TR0692,2025-09-13 24:00:00,6.9,true
TT04314,TR0693,2025-08-11 00:00:00,2.1,true
TT04315,TR0693,2025-08-11 04:00:00,5.9,true
TT04316,TR0693,2025-08-11 08:00:00,3.0,true
TT04317,TR0693,2025-08-11 12:00:00,6.2,true
TT04318,TR0693,2025-08-11 16:00:00,2.6,true
TT04319,TR0693,2025-08-11 20:00:00,3.9,true
TT04320,TR0693,2025-08-11 24:00:00,6.0,true
TT04321,TR0694,2025-07-08 00:00:00,2.7,true
TT04322,TR0694,2025-07-08 04:00:00,3.5,true
TT04323,TR0694,2025-07-08 08:00:00,3.9,true
TT04324,TR0694,2025-07-08 12:00:00,5.6,true
TT04325,TR0694,2025-07-08 16:00:00,2.6,true
TT04326,TR0694,2025-07-08 20:00:00,3.8,true
TT04327,TR0694,2025-07-08 24:00:00,7.0,true
TT04328,TR0694,2025-07-08 28:00:00,4.9,true
TT04329,TR0695,2025-09-10 00:00:00,5.4,true
TT04330,TR0695,2025-09-10 04:00:00,5.4,true
TT04331,TR0695,2025-09-10 08:00:00,3.0,true
TT04332,TR0695,2025-09-10 12:00:00,2.7,true
TT04333,TR0695,2025-09-10 16:00:00,6.7,true
TT04334,TR0696,2025-10-19 00:00:00,4.2,true
TT04335,TR0696,2025-10-19 04:00:00,2.4,true
TT04336,TR0696,2025-10-19 08:00:00,5.0,true
TT04337,TR0696,2025-10-19 12:00:00,5.5,true
TT04338,TR0696,2025-10-19 16:00:00,2.4,true
TT04339,TR0696,2025-10-19 20:00:00,4.8,true
TT04340,TR0697,2025-09-06 00:00:00,5.0,true
TT04341,TR0697,2025-09-06 04:00:00,2.8,true
TT04342,TR0697,2025-09-06 08:00:00,6.6,true
TT04343,TR0697,2025-09-06 12:00:00,3.3,true
TT04344,TR0697,2025-09-06 16:00:00,6.5,true
TT04345,TR0697,2025-09-06 20:00:00,6.8,true
TT04346,TR0697,2025-09-06 24:00:00,2.2,true
TT04347,TR0697,2025-09-06 28:00:00,2.7,true
TT04348,TR0698,2025-09-25 00:00:00,6.9,true
TT04349,TR0698,2025-09-25 04:00:00,4.2,true
TT04350,TR0698,2025-09-25 08:00:00,2.3,true
TT04351,TR0698,2025-09-25 12:00:00,3.9,true
TT04352,TR0698,2025-09-25 16:00:00,6.3,true
TT04353,TR0698,2025-09-25 20:00:00,5.0,true
TT04354,TR0699,2025-11-14 00:00:00,2.4,true
TT04355,TR0699,2025-11-14 04:00:00,2.9,true
TT04356,TR0699,2025-11-14 08:00:00,4.9,true
TT04357,TR0699,2025-11-14 12:00:00,3.4,true
TT04358,TR0699,2025-11-14 16:00:00,3.2,true
TT04359,TR0699,2025-11-14 20:00:00,3.3,true
TT04360,TR0699,2025-11-14 24:00:00,5.0,true
TT04361,TR0700,2025-10-24 00:00:00,4.8,true
TT04362,TR0700,2025-10-24 04:00:00,4.3,true
TT04363,TR0700,2025-10-24 08:00:00,4.5,true
TT04364,TR0700,2025-10-24 12:00:00,6.2,true
TT04365,TR0700,2025-10-24 16:00:00,5.1,true
TT04366,TR0700,2025-10-24 20:00:00,6.9,true
TT04367,TR0700,2025-10-24 24:00:00,3.9,true
TT04368,TR0700,2025-10-24 28:00:00,3.6,true
TT04369,TR0701,2025-10-09 00:00:00,5.7,true
TT04370,TR0701,2025-10-09 04:00:00,2.3,true
TT04371,TR0701,2025-10-09 08:00:00,3.4,true
TT04372,TR0701,2025-10-09 12:00:00,6.8,true
TT04373,TR0701,2025-10-09 16:00:00,2.9,true
TT04374,TR0701,2025-10-09 20:00:00,5.1,true
TT04375,TR0701,2025-10-09 24:00:00,4.1,true
TT04376,TR0701,2025-10-09 28:00:00,3.0,true
TT04377,TR0702,2025-08-09 00:00:00,3.5,true
TT04378,TR0702,2025-08-09 04:00:00,4.7,true
TT04379,TR0702,2025-08-09 08:00:00,7.0,true
TT04380,TR0702,2025-08-09 12:00:00,6.5,true
TT04381,TR0702,2025-08-09 16:00:00,6.1,true
TT04382,TR0702,2025-08-09 20:00:00,5.4,true
TT04383,TR0702,2025-08-09 24:00:00,5.1,true
TT04384,TR0703,2025-11-09 00:00:00,2.9,true
TT04385,TR0703,2025-11-09 04:00:00,4.2,true
TT04386,TR0703,2025-11-09 08:00:00,6.7,true
TT04387,TR0703,2025-11-09 12:00:00,2.8,true
TT04388,TR0703,2025-11-09 16:00:00,6.0,true
TT04389,TR0704,2025-07-18 00:00:00,6.4,true
TT04390,TR0704,2025-07-18 04:00:00,6.1,true
TT04391,TR0704,2025-07-18 08:00:00,4.4,true
TT04392,TR0704,2025-07-18 12:00:00,3.8,true
TT04393,TR0704,2025-07-18 16:00:00,4.6,true
TT04394,TR0704,2025-07-18 20:00:00,4.0,true
TT04395,TR0704,2025-07-18 24:00:00,4.9,true
TT04396,TR0704,2025-07-18 28:00:00,2.8,true
TT04397,TR0705,2025-10-21 00:00:00,2.2,true
TT04398,TR0705,2025-10-21 04:00:00,2.2,true
TT04399,TR0705,2025-10-21 08:00:00,5.1,true
TT04400,TR0705,2025-10-21 12:00:00,2.7,true
TT04401,TR0705,2025-10-21 16:00:00,5.1,true
TT04402,TR0706,2025-09-19 00:00:00,3.2,true
TT04403,TR0706,2025-09-19 04:00:00,4.6,true
TT04404,TR0706,2025-09-19 08:00:00,6.3,true
TT04405,TR0706,2025-09-19 12:00:00,3.6,true
TT04406,TR0706,2025-09-19 16:00:00,3.2,true
TT04407,TR0706,2025-09-19 20:00:00,5.9,true
TT04408,TR0706,2025-09-19 24:00:00,2.4,true
TT04409,TR0707,2025-10-11 00:00:00,4.5,true
TT04410,TR0707,2025-10-11 04:00:00,3.0,true
TT04411,TR0707,2025-10-11 08:00:00,6.8,true
TT04412,TR0707,2025-10-11 12:00:00,5.1,true
TT04413,TR0707,2025-10-11 16:00:00,6.5,true
TT04414,TR0707,2025-10-11 20:00:00,2.3,true
TT04415,TR0707,2025-10-11 24:00:00,5.8,true
TT04416,TR0708,2025-08-22 00:00:00,2.5,true
TT04417,TR0708,2025-08-22 04:00:00,6.5,true
TT04418,TR0708,2025-08-22 08:00:00,10.9,false
TT04419,TR0708,2025-08-22 12:00:00,3.0,true
TT04420,TR0708,2025-08-22 16:00:00,6.0,true
TT04421,TR0708,2025-08-22 20:00:00,15.4,false
TT04422,TR0708,2025-08-22 24:00:00,4.5,true
TT04423,TR0709,2025-09-11 00:00:00,6.5,true
TT04424,TR0709,2025-09-11 04:00:00,2.3,true
TT04425,TR0709,2025-09-11 08:00:00,12.5,false
TT04426,TR0709,2025-09-11 12:00:00,17.2,false
TT04427,TR0709,2025-09-11 16:00:00,2.4,true
TT04428,TR0709,2025-09-11 20:00:00,3.9,true
TT04429,TR0709,2025-09-11 24:00:00,2.3,true
TT04430,TR0709,2025-09-11 28:00:00,4.0,true
TT04431,TR0710,2025-09-09 00:00:00,4.1,true
TT04432,TR0710,2025-09-09 04:00:00,6.3,true
TT04433,TR0710,2025-09-09 08:00:00,4.7,true
TT04434,TR0710,2025-09-09 12:00:00,6.7,true
TT04435,TR0710,2025-09-09 16:00:00,6.8,true
TT04436,TR0710,2025-09-09 20:00:00,3.3,true
TT04437,TR0710,2025-09-09 24:00:00,3.1,true
TT04438,TR0711,2025-11-01 00:00:00,5.5,true
TT04439,TR0711,2025-11-01 04:00:00,6.3,true
TT04440,TR0711,2025-11-01 08:00:00,6.9,true
TT04441,TR0711,2025-11-01 12:00:00,6.1,true
TT04442,TR0711,2025-11-01 16:00:00,2.5,true
TT04443,TR0711,2025-11-01 20:00:00,2.9,true
TT04444,TR0712,2025-09-22 00:00:00,4.7,true
TT04445,TR0712,2025-09-22 04:00:00,3.5,true
TT04446,TR0712,2025-09-22 08:00:00,5.2,true
TT04447,TR0712,2025-09-22 12:00:00,4.9,true
TT04448,TR0712,2025-09-22 16:00:00,4.9,true
TT04449,TR0712,2025-09-22 20:00:00,5.5,true
TT04450,TR0713,2025-07-07 00:00:00,6.9,true
TT04451,TR0713,2025-07-07 04:00:00,4.3,true
TT04452,TR0713,2025-07-07 08:00:00,2.3,true
TT04453,TR0713,2025-07-07 12:00:00,4.8,true
TT04454,TR0713,2025-07-07 16:00:00,2.5,true
TT04455,TR0714,2025-11-11 00:00:00,4.7,true
TT04456,TR0714,2025-11-11 04:00:00,6.7,true
TT04457,TR0714,2025-11-11 08:00:00,5.1,true
TT04458,TR0714,2025-11-11 12:00:00,6.3,true
TT04459,TR0714,2025-11-11 16:00:00,4.9,true
TT04460,TR0714,2025-11-11 20:00:00,2.7,true
TT04461,TR0714,2025-11-11 24:00:00,3.1,true
TT04462,TR0714,2025-11-11 28:00:00,2.4,true
TT04463,TR0715,2025-09-22 00:00:00,3.2,true
TT04464,TR0715,2025-09-22 04:00:00,6.2,true
TT04465,TR0715,2025-09-22 08:00:00,6.3,true
TT04466,TR0715,2025-09-22 12:00:00,6.1,true
TT04467,TR0715,2025-09-22 16:00:00,4.4,true
TT04468,TR0716,2025-08-03 00:00:00,4.8,true
TT04469,TR0716,2025-08-03 04:00:00,4.4,true
TT04470,TR0716,2025-08-03 08:00:00,6.6,true
TT04471,TR0716,2025-08-03 12:00:00,3.6,true
TT04472,TR0716,2025-08-03 16:00:00,4.6,true
TT04473,TR0717,2025-10-03 00:00:00,3.2,true
TT04474,TR0717,2025-10-03 04:00:00,4.2,true
TT04475,TR0717,2025-10-03 08:00:00,4.9,true
TT04476,TR0717,2025-10-03 12:00:00,4.3,true
TT04477,TR0717,2025-10-03 16:00:00,5.2,true
TT04478,TR0717,2025-10-03 20:00:00,3.4,true
TT04479,TR0717,2025-10-03 24:00:00,6.7,true
TT04480,TR0718,2025-07-14 00:00:00,6.9,true
TT04481,TR0718,2025-07-14 04:00:00,4.3,true
TT04482,TR0718,2025-07-14 08:00:00,3.4,true
TT04483,TR0718,2025-07-14 12:00:00,4.2,true
TT04484,TR0718,2025-07-14 16:00:00,6.2,true
TT04485,TR0718,2025-07-14 20:00:00,3.9,true
TT04486,TR0719,2025-08-10 00:00:00,3.9,true
TT04487,TR0719,2025-08-10 04:00:00,3.0,true
TT04488,TR0719,2025-08-10 08:00:00,3.1,true
TT04489,TR0719,2025-08-10 12:00:00,4.8,true
TT04490,TR0719,2025-08-10 16:00:00,6.7,true
TT04491,TR0719,2025-08-10 20:00:00,6.8,true
TT04492,TR0720,2025-11-12 00:00:00,5.6,true
TT04493,TR0720,2025-11-12 04:00:00,2.6,true
TT04494,TR0720,2025-11-12 08:00:00,4.9,true
TT04495,TR0720,2025-11-12 12:00:00,6.4,true
TT04496,TR0720,2025-11-12 16:00:00,6.0,true
TT04497,TR0720,2025-11-12 20:00:00,2.2,true
TT04498,TR0720,2025-11-12 24:00:00,2.1,true
TT04499,TR0720,2025-11-12 28:00:00,4.4,true
TT04500,TR0721,2025-09-05 00:00:00,3.2,true
TT04501,TR0721,2025-09-05 04:00:00,6.2,true
TT04502,TR0721,2025-09-05 08:00:00,2.1,true
TT04503,TR0721,2025-09-05 12:00:00,5.8,true
TT04504,TR0721,2025-09-05 16:00:00,6.7,true
TT04505,TR0721,2025-09-05 20:00:00,3.8,true
TT04506,TR0721,2025-09-05 24:00:00,4.0,true
TT04507,TR0721,2025-09-05 28:00:00,6.5,true
TT04508,TR0722,2025-08-01 00:00:00,3.5,true
TT04509,TR0722,2025-08-01 04:00:00,6.5,true
TT04510,TR0722,2025-08-01 08:00:00,6.8,true
TT04511,TR0722,2025-08-01 12:00:00,4.9,true
TT04512,TR0722,2025-08-01 16:00:00,6.3,true
TT04513,TR0722,2025-08-01 20:00:00,3.9,true
TT04514,TR0723,2025-09-24 00:00:00,2.8,true
TT04515,TR0723,2025-09-24 04:00:00,5.3,true
TT04516,TR0723,2025-09-24 08:00:00,4.6,true
TT04517,TR0723,2025-09-24 12:00:00,4.2,true
TT04518,TR0723,2025-09-24 16:00:00,3.9,true
TT04519,TR0724,2025-10-18 00:00:00,3.2,true
TT04520,TR0724,2025-10-18 04:00:00,6.6,true
TT04521,TR0724,2025-10-18 08:00:00,6.6,true
TT04522,TR0724,2025-10-18 12:00:00,6.3,true
TT04523,TR0724,2025-10-18 16:00:00,4.1,true
TT04524,TR0724,2025-10-18 20:00:00,2.0,true
TT04525,TR0724,2025-10-18 24:00:00,6.3,true
TT04526,TR0724,2025-10-18 28:00:00,4.8,true
TT04527,TR0725,2025-10-14 00:00:00,17.3,false
TT04528,TR0725,2025-10-14 04:00:00,5.8,true
TT04529,TR0725,2025-10-14 08:00:00,15.4,false
TT04530,TR0725,2025-10-14 12:00:00,11.2,false
TT04531,TR0726,2025-08-17 00:00:00,5.9,true
TT04532,TR0726,2025-08-17 04:00:00,5.1,true
TT04533,TR0726,2025-08-17 08:00:00,5.3,true
TT04534,TR0726,2025-08-17 12:00:00,3.3,true
TT04535,TR0726,2025-08-17 16:00:00,4.8,true
TT04536,TR0726,2025-08-17 20:00:00,5.3,true
TT04537,TR0726,2025-08-17 24:00:00,2.2,true
TT04538,TR0727,2025-07-17 00:00:00,2.7,true
TT04539,TR0727,2025-07-17 04:00:00,4.8,true
TT04540,TR0727,2025-07-17 08:00:00,3.6,true
TT04541,TR0727,2025-07-17 12:00:00,4.9,true
TT04542,TR0727,2025-07-17 16:00:00,5.5,true
TT04543,TR0728,2025-09-18 00:00:00,2.3,true
TT04544,TR0728,2025-09-18 04:00:00,6.0,true
TT04545,TR0728,2025-09-18 08:00:00,4.7,true
TT04546,TR0728,2025-09-18 12:00:00,5.0,true
TT04547,TR0728,2025-09-18 16:00:00,6.5,true
TT04548,TR0728,2025-09-18 20:00:00,6.3,true
TT04549,TR0728,2025-09-18 24:00:00,6.8,true
TT04550,TR0729,2025-09-16 00:00:00,6.1,true
TT04551,TR0729,2025-09-16 04:00:00,6.9,true
TT04552,TR0729,2025-09-16 08:00:00,6.3,true
TT04553,TR0729,2025-09-16 12:00:00,7.0,true
TT04554,TR0729,2025-09-16 16:00:00,6.2,true
TT04555,TR0729,2025-09-16 20:00:00,6.1,true
TT04556,TR0730,2025-10-06 00:00:00,6.8,true
TT04557,TR0730,2025-10-06 04:00:00,5.2,true
TT04558,TR0730,2025-10-06 08:00:00,4.0,true
TT04559,TR0730,2025-10-06 12:00:00,4.7,true
TT04560,TR0730,2025-10-06 16:00:00,6.3,true
TT04561,TR0730,2025-10-06 20:00:00,3.7,true
TT04562,TR0730,2025-10-06 24:00:00,2.7,true
TT04563,TR0730,2025-10-06 28:00:00,4.0,true
TT04564,TR0731,2025-08-25 00:00:00,5.9,true
TT04565,TR0731,2025-08-25 04:00:00,4.6,true
TT04566,TR0731,2025-08-25 08:00:00,4.5,true
TT04567,TR0731,2025-08-25 12:00:00,3.8,true
TT04568,TR0731,2025-08-25 16:00:00,6.6,true
TT04569,TR0732,2025-08-06 00:00:00,2.4,true
TT04570,TR0732,2025-08-06 04:00:00,5.2,true
TT04571,TR0732,2025-08-06 08:00:00,2.4,true
TT04572,TR0732,2025-08-06 12:00:00,2.5,true
TT04573,TR0732,2025-08-06 16:00:00,5.5,true
TT04574,TR0732,2025-08-06 20:00:00,3.7,true
TT04575,TR0733,2025-09-23 00:00:00,3.8,true
TT04576,TR0733,2025-09-23 04:00:00,2.5,true
TT04577,TR0733,2025-09-23 08:00:00,6.8,true
TT04578,TR0733,2025-09-23 12:00:00,2.4,true
TT04579,TR0733,2025-09-23 16:00:00,2.5,true
TT04580,TR0734,2025-11-25 00:00:00,6.6,true
TT04581,TR0734,2025-11-25 04:00:00,2.9,true
TT04582,TR0734,2025-11-25 08:00:00,2.4,true
TT04583,TR0734,2025-11-25 12:00:00,4.4,true
TT04584,TR0734,2025-11-25 16:00:00,5.6,true
TT04585,TR0734,2025-11-25 20:00:00,5.9,true
TT04586,TR0734,2025-11-25 24:00:00,5.1,true
TT04587,TR0734,2025-11-25 28:00:00,2.2,true
TT04588,TR0735,2025-10-19 00:00:00,4.9,true
TT04589,TR0735,2025-10-19 04:00:00,4.4,true
TT04590,TR0735,2025-10-19 08:00:00,5.5,true
TT04591,TR0735,2025-10-19 12:00:00,6.6,true
TT04592,TR0735,2025-10-19 16:00:00,6.6,true
TT04593,TR0736,2025-11-20 00:00:00,3.8,true
TT04594,TR0736,2025-11-20 04:00:00,2.4,true
TT04595,TR0736,2025-11-20 08:00:00,5.1,true
TT04596,TR0736,2025-11-20 12:00:00,2.3,true
TT04597,TR0736,2025-11-20 16:00:00,3.9,true
TT04598,TR0736,2025-11-20 20:00:00,5.1,true
TT04599,TR0736,2025-11-20 24:00:00,4.8,true
TT04600,TR0736,2025-11-20 28:00:00,2.1,true
TT04601,TR0737,2025-07-08 00:00:00,5.9,true
TT04602,TR0737,2025-07-08 04:00:00,2.3,true
TT04603,TR0737,2025-07-08 08:00:00,5.0,true
TT04604,TR0737,2025-07-08 12:00:00,3.6,true
TT04605,TR0737,2025-07-08 16:00:00,6.5,true
TT04606,TR0738,2025-11-13 00:00:00,4.4,true
TT04607,TR0738,2025-11-13 04:00:00,2.3,true
TT04608,TR0738,2025-11-13 08:00:00,4.0,true
TT04609,TR0738,2025-11-13 12:00:00,3.6,true
TT04610,TR0738,2025-11-13 16:00:00,7.0,true
TT04611,TR0739,2025-10-11 00:00:00,3.8,true
TT04612,TR0739,2025-10-11 04:00:00,5.8,true
TT04613,TR0739,2025-10-11 08:00:00,2.4,true
TT04614,TR0739,2025-10-11 12:00:00,2.8,true
TT04615,TR0739,2025-10-11 16:00:00,6.3,true
TT04616,TR0739,2025-10-11 20:00:00,2.1,true
TT04617,TR0739,2025-10-11 24:00:00,3.2,true
TT04618,TR0740,2025-09-13 00:00:00,5.9,true
TT04619,TR0740,2025-09-13 04:00:00,6.7,true
TT04620,TR0740,2025-09-13 08:00:00,3.6,true
TT04621,TR0740,2025-09-13 12:00:00,16.6,false
TT04622,TR0740,2025-09-13 16:00:00,2.9,true
TT04623,TR0740,2025-09-13 20:00:00,12.8,false
TT04624,TR0740,2025-09-13 24:00:00,5.8,true
TT04625,TR0740,2025-09-13 28:00:00,16.3,false
TT04626,TR0741,2025-09-19 00:00:00,4.2,true
TT04627,TR0741,2025-09-19 04:00:00,6.9,true
TT04628,TR0741,2025-09-19 08:00:00,4.9,true
TT04629,TR0741,2025-09-19 12:00:00,4.4,true
TT04630,TR0741,2025-09-19 16:00:00,3.8,true
TT04631,TR0742,2025-07-04 00:00:00,4.1,true
TT04632,TR0742,2025-07-04 04:00:00,2.9,true
TT04633,TR0742,2025-07-04 08:00:00,6.8,true
TT04634,TR0742,2025-07-04 12:00:00,2.8,true
TT04635,TR0742,2025-07-04 16:00:00,4.6,true
TT04636,TR0742,2025-07-04 20:00:00,3.9,true
TT04637,TR0743,2025-10-21 00:00:00,2.9,true
TT04638,TR0743,2025-10-21 04:00:00,5.6,true
TT04639,TR0743,2025-10-21 08:00:00,2.4,true
TT04640,TR0743,2025-10-21 12:00:00,3.9,true
TT04641,TR0743,2025-10-21 16:00:00,3.8,true
TT04642,TR0744,2025-10-15 00:00:00,3.9,true
TT04643,TR0744,2025-10-15 04:00:00,6.1,true
TT04644,TR0744,2025-10-15 08:00:00,5.5,true
TT04645,TR0744,2025-10-15 12:00:00,4.8,true
TT04646,TR0744,2025-10-15 16:00:00,5.8,true
TT04647,TR0744,2025-10-15 20:00:00,2.7,true
TT04648,TR0744,2025-10-15 24:00:00,6.8,true
TT04649,TR0744,2025-10-15 28:00:00,6.0,true
TT04650,TR0745,2025-08-08 00:00:00,6.9,true
TT04651,TR0745,2025-08-08 04:00:00,6.2,true
TT04652,TR0745,2025-08-08 08:00:00,6.3,true
TT04653,TR0745,2025-08-08 12:00:00,4.0,true
TT04654,TR0745,2025-08-08 16:00:00,5.0,true
TT04655,TR0745,2025-08-08 20:00:00,5.0,true
TT04656,TR0746,2025-10-19 00:00:00,2.4,true
TT04657,TR0746,2025-10-19 04:00:00,2.4,true
TT04658,TR0746,2025-10-19 08:00:00,6.9,true
TT04659,TR0746,2025-10-19 12:00:00,3.4,true
TT04660,TR0746,2025-10-19 16:00:00,2.6,true
TT04661,TR0746,2025-10-19 20:00:00,2.2,true
TT04662,TR0747,2025-08-17 00:00:00,3.9,true
TT04663,TR0747,2025-08-17 04:00:00,6.3,true
TT04664,TR0747,2025-08-17 08:00:00,5.5,true
TT04665,TR0747,2025-08-17 12:00:00,5.9,true
TT04666,TR0747,2025-08-17 16:00:00,4.7,true
TT04667,TR0747,2025-08-17 20:00:00,6.9,true
TT04668,TR0747,2025-08-17 24:00:00,3.2,true
TT04669,TR0747,2025-08-17 28:00:00,6.0,true
TT04670,TR0748,2025-07-01 00:00:00,6.5,true
TT04671,TR0748,2025-07-01 04:00:00,6.6,true
TT04672,TR0748,2025-07-01 08:00:00,4.4,true
TT04673,TR0748,2025-07-01 12:00:00,3.3,true
TT04674,TR0748,2025-07-01 16:00:00,5.5,true
TT04675,TR0748,2025-07-01 20:00:00,2.2,true
TT04676,TR0749,2025-07-10 00:00:00,2.9,true
TT04677,TR0749,2025-07-10 04:00:00,3.3,true
TT04678,TR0749,2025-07-10 08:00:00,3.3,true
TT04679,TR0749,2025-07-10 12:00:00,3.0,true
TT04680,TR0749,2025-07-10 16:00:00,5.4,true
TT04681,TR0749,2025-07-10 20:00:00,5.5,true
TT04682,TR0749,2025-07-10 24:00:00,5.5,true
TT04683,TR0750,2025-11-03 00:00:00,6.3,true
TT04684,TR0750,2025-11-03 04:00:00,5.3,true
TT04685,TR0750,2025-11-03 08:00:00,6.0,true
TT04686,TR0750,2025-11-03 12:00:00,4.5,true
TT04687,TR0750,2025-11-03 16:00:00,5.6,true
TT04688,TR0750,2025-11-03 20:00:00,2.2,true
TT04689,TR0750,2025-11-03 24:00:00,5.1,true
TT04690,TR0750,2025-11-03 28:00:00,2.2,true
TT04691,TR0751,2025-10-11 00:00:00,6.5,true
TT04692,TR0751,2025-10-11 04:00:00,4.3,true
TT04693,TR0751,2025-10-11 08:00:00,5.8,true
TT04694,TR0751,2025-10-11 12:00:00,5.1,true
TT04695,TR0751,2025-10-11 16:00:00,4.9,true
TT04696,TR0751,2025-10-11 20:00:00,4.6,true
TT04697,TR0751,2025-10-11 24:00:00,4.5,true
TT04698,TR0751,2025-10-11 28:00:00,4.3,true
TT04699,TR0752,2025-07-04 00:00:00,3.6,true
TT04700,TR0752,2025-07-04 04:00:00,3.1,true
TT04701,TR0752,2025-07-04 08:00:00,3.3,true
TT04702,TR0752,2025-07-04 12:00:00,3.7,true
TT04703,TR0752,2025-07-04 16:00:00,5.4,true
TT04704,TR0752,2025-07-04 20:00:00,6.5,true
TT04705,TR0753,2025-07-22 00:00:00,6.2,true
TT04706,TR0753,2025-07-22 04:00:00,3.9,true
TT04707,TR0753,2025-07-22 08:00:00,6.0,true
TT04708,TR0753,2025-07-22 12:00:00,4.4,true
TT04709,TR0753,2025-07-22 16:00:00,3.0,true
TT04710,TR0753,2025-07-22 20:00:00,4.0,true
TT04711,TR0754,2025-08-05 00:00:00,4.8,true
TT04712,TR0754,2025-08-05 04:00:00,4.1,true
TT04713,TR0754,2025-08-05 08:00:00,4.3,true
TT04714,TR0754,2025-08-05 12:00:00,5.6,true
TT04715,TR0754,2025-08-05 16:00:00,5.8,true
TT04716,TR0755,2025-11-01 00:00:00,4.8,true
TT04717,TR0755,2025-11-01 04:00:00,5.2,true
TT04718,TR0755,2025-11-01 08:00:00,6.9,true
TT04719,TR0755,2025-11-01 12:00:00,5.9,true
TT04720,TR0755,2025-11-01 16:00:00,5.8,true
TT04721,TR0755,2025-11-01 20:00:00,3.3,true
TT04722,TR0755,2025-11-01 24:00:00,3.7,true
TT04723,TR0756,2025-07-12 00:00:00,3.4,true
TT04724,TR0756,2025-07-12 04:00:00,5.0,true
TT04725,TR0756,2025-07-12 08:00:00,3.6,true
TT04726,TR0756,2025-07-12 12:00:00,3.2,true
TT04727,TR0756,2025-07-12 16:00:00,4.4,true
TT04728,TR0756,2025-07-12 20:00:00,4.2,true
TT04729,TR0756,2025-07-12 24:00:00,5.4,true
TT04730,TR0756,2025-07-12 28:00:00,4.9,true
TT04731,TR0757,2025-10-01 00:00:00,2.4,true
TT04732,TR0757,2025-10-01 04:00:00,5.6,true
TT04733,TR0757,2025-10-01 08:00:00,3.2,true
TT04734,TR0757,2025-10-01 12:00:00,3.1,true
TT04735,TR0757,2025-10-01 16:00:00,2.4,true
TT04736,TR0757,2025-10-01 20:00:00,6.9,true
TT04737,TR0757,2025-10-01 24:00:00,3.0,true
TT04738,TR0757,2025-10-01 28:00:00,3.5,true
TT04739,TR0758,2025-11-14 00:00:00,5.3,true
TT04740,TR0758,2025-11-14 04:00:00,4.6,true
TT04741,TR0758,2025-11-14 08:00:00,6.3,true
TT04742,TR0758,2025-11-14 12:00:00,4.7,true
TT04743,TR0758,2025-11-14 16:00:00,2.6,true
TT04744,TR0758,2025-11-14 20:00:00,6.5,true
TT04745,TR0759,2025-11-24 00:00:00,6.5,true
TT04746,TR0759,2025-11-24 04:00:00,5.4,true
TT04747,TR0759,2025-11-24 08:00:00,6.9,true
TT04748,TR0759,2025-11-24 12:00:00,3.8,true
TT04749,TR0759,2025-11-24 16:00:00,4.5,true
TT04750,TR0759,2025-11-24 20:00:00,2.1,true
TT04751,TR0759,2025-11-24 24:00:00,6.9,true
TT04752,TR0760,2025-11-13 00:00:00,6.2,true
TT04753,TR0760,2025-11-13 04:00:00,5.8,true
TT04754,TR0760,2025-11-13 08:00:00,6.1,true
TT04755,TR0760,2025-11-13 12:00:00,6.2,true
TT04756,TR0760,2025-11-13 16:00:00,3.6,true
TT04757,TR0760,2025-11-13 20:00:00,2.8,true
TT04758,TR0760,2025-11-13 24:00:00,4.0,true
TT04759,TR0760,2025-11-13 28:00:00,6.6,true
TT04760,TR0761,2025-11-05 00:00:00,2.1,true
TT04761,TR0761,2025-11-05 04:00:00,4.4,true
TT04762,TR0761,2025-11-05 08:00:00,2.5,true
TT04763,TR0761,2025-11-05 12:00:00,3.3,true
TT04764,TR0761,2025-11-05 16:00:00,5.9,true
TT04765,TR0761,2025-11-05 20:00:00,4.8,true
TT04766,TR0761,2025-11-05 24:00:00,3.1,true
TT04767,TR0762,2025-10-12 00:00:00,3.4,true
TT04768,TR0762,2025-10-12 04:00:00,2.1,true
TT04769,TR0762,2025-10-12 08:00:00,3.9,true
TT04770,TR0762,2025-10-12 12:00:00,3.9,true
TT04771,TR0762,2025-10-12 16:00:00,3.2,true
TT04772,TR0762,2025-10-12 20:00:00,3.6,true
TT04773,TR0762,2025-10-12 24:00:00,6.3,true
TT04774,TR0763,2025-08-12 00:00:00,5.2,true
TT04775,TR0763,2025-08-12 04:00:00,5.0,true
TT04776,TR0763,2025-08-12 08:00:00,2.8,true
TT04777,TR0763,2025-08-12 12:00:00,6.2,true
TT04778,TR0764,2025-11-04 00:00:00,5.1,true
TT04779,TR0764,2025-11-04 04:00:00,2.8,true
TT04780,TR0764,2025-11-04 08:00:00,3.6,true
TT04781,TR0764,2025-11-04 12:00:00,4.3,true
TT04782,TR0764,2025-11-04 16:00:00,6.4,true
TT04783,TR0764,2025-11-04 20:00:00,4.0,true
TT04784,TR0765,2025-09-25 00:00:00,6.4,true
TT04785,TR0765,2025-09-25 04:00:00,4.7,true
TT04786,TR0765,2025-09-25 08:00:00,6.3,true
TT04787,TR0765,2025-09-25 12:00:00,4.6,true
TT04788,TR0765,2025-09-25 16:00:00,5.7,true
TT04789,TR0765,2025-09-25 20:00:00,6.3,true
TT04790,TR0765,2025-09-25 24:00:00,6.5,true
TT04791,TR0765,2025-09-25 28:00:00,6.4,true
TT04792,TR0766,2025-09-20 00:00:00,5.5,true
TT04793,TR0766,2025-09-20 04:00:00,4.6,true
TT04794,TR0766,2025-09-20 08:00:00,13.0,false
TT04795,TR0766,2025-09-20 12:00:00,3.7,true
TT04796,TR0767,2025-11-20 00:00:00,2.9,true
TT04797,TR0767,2025-11-20 04:00:00,4.7,true
TT04798,TR0767,2025-11-20 08:00:00,6.0,true
TT04799,TR0767,2025-11-20 12:00:00,2.8,true
TT04800,TR0767,2025-11-20 16:00:00,6.3,true
TT04801,TR0767,2025-11-20 20:00:00,6.3,true
TT04802,TR0768,2025-08-16 00:00:00,4.0,true
TT04803,TR0768,2025-08-16 04:00:00,2.0,true
TT04804,TR0768,2025-08-16 08:00:00,6.5,true
TT04805,TR0768,2025-08-16 12:00:00,5.8,true
TT04806,TR0769,2025-08-08 00:00:00,2.9,true
TT04807,TR0769,2025-08-08 04:00:00,6.6,true
TT04808,TR0769,2025-08-08 08:00:00,6.0,true
TT04809,TR0769,2025-08-08 12:00:00,5.6,true
TT04810,TR0770,2025-10-22 00:00:00,5.9,true
TT04811,TR0770,2025-10-22 04:00:00,4.4,true
TT04812,TR0770,2025-10-22 08:00:00,6.1,true
TT04813,TR0770,2025-10-22 12:00:00,5.6,true
TT04814,TR0770,2025-10-22 16:00:00,2.5,true
TT04815,TR0770,2025-10-22 20:00:00,2.1,true
TT04816,TR0770,2025-10-22 24:00:00,4.4,true
TT04817,TR0770,2025-10-22 28:00:00,2.8,true
TT04818,TR0771,2025-08-18 00:00:00,2.6,true
TT04819,TR0771,2025-08-18 04:00:00,6.0,true
TT04820,TR0771,2025-08-18 08:00:00,4.5,true
TT04821,TR0771,2025-08-18 12:00:00,4.6,true
TT04822,TR0771,2025-08-18 16:00:00,6.8,true
TT04823,TR0771,2025-08-18 20:00:00,3.1,true
TT04824,TR0772,2025-11-01 00:00:00,5.5,true
TT04825,TR0772,2025-11-01 04:00:00,3.5,true
TT04826,TR0772,2025-11-01 08:00:00,5.4,true
TT04827,TR0772,2025-11-01 12:00:00,2.5,true
TT04828,TR0772,2025-11-01 16:00:00,4.4,true
TT04829,TR0772,2025-11-01 20:00:00,6.2,true
TT04830,TR0773,2025-10-06 00:00:00,6.5,true
TT04831,TR0773,2025-10-06 04:00:00,4.2,true
TT04832,TR0773,2025-10-06 08:00:00,3.4,true
TT04833,TR0773,2025-10-06 12:00:00,3.2,true
TT04834,TR0773,2025-10-06 16:00:00,4.4,true
TT04835,TR0773,2025-10-06 20:00:00,5.6,true
TT04836,TR0773,2025-10-06 24:00:00,5.4,true
TT04837,TR0774,2025-08-23 00:00:00,5.8,true
TT04838,TR0774,2025-08-23 04:00:00,2.0,true
TT04839,TR0774,2025-08-23 08:00:00,6.1,true
TT04840,TR0774,2025-08-23 12:00:00,5.3,true
TT04841,TR0774,2025-08-23 16:00:00,4.2,true
TT04842,TR0774,2025-08-23 20:00:00,2.3,true
TT04843,TR0774,2025-08-23 24:00:00,5.3,true
TT04844,TR0774,2025-08-23 28:00:00,3.3,true
TT04845,TR0775,2025-09-17 00:00:00,6.1,true
TT04846,TR0775,2025-09-17 04:00:00,5.1,true
TT04847,TR0775,2025-09-17 08:00:00,2.3,true
TT04848,TR0775,2025-09-17 12:00:00,4.3,true
TT04849,TR0775,2025-09-17 16:00:00,4.1,true
TT04850,TR0775,2025-09-17 20:00:00,6.7,true
TT04851,TR0775,2025-09-17 24:00:00,6.0,true
TT04852,TR0775,2025-09-17 28:00:00,3.9,true
TT04853,TR0776,2025-07-07 00:00:00,2.1,true
TT04854,TR0776,2025-07-07 04:00:00,4.8,true
TT04855,TR0776,2025-07-07 08:00:00,5.9,true
TT04856,TR0776,2025-07-07 12:00:00,4.4,true
TT04857,TR0776,2025-07-07 16:00:00,3.4,true
TT04858,TR0776,2025-07-07 20:00:00,3.9,true
TT04859,TR0776,2025-07-07 24:00:00,4.6,true
TT04860,TR0777,2025-11-16 00:00:00,17.9,false
TT04861,TR0777,2025-11-16 04:00:00,6.0,true
TT04862,TR0777,2025-11-16 08:00:00,3.0,true
TT04863,TR0777,2025-11-16 12:00:00,12.6,false
TT04864,TR0777,2025-11-16 16:00:00,5.6,true
TT04865,TR0777,2025-11-16 20:00:00,15.5,false
TT04866,TR0777,2025-11-16 24:00:00,4.4,true
TT04867,TR0777,2025-11-16 28:00:00,11.9,false
TT04868,TR0778,2025-08-22 00:00:00,5.6,true
TT04869,TR0778,2025-08-22 04:00:00,4.3,true
TT04870,TR0778,2025-08-22 08:00:00,3.1,true
TT04871,TR0778,2025-08-22 12:00:00,6.0,true
TT04872,TR0778,2025-08-22 16:00:00,2.5,true
TT04873,TR0778,2025-08-22 20:00:00,3.5,true
TT04874,TR0779,2025-08-21 00:00:00,4.9,true
TT04875,TR0779,2025-08-21 04:00:00,5.1,true
TT04876,TR0779,2025-08-21 08:00:00,5.0,true
TT04877,TR0779,2025-08-21 12:00:00,3.8,true
TT04878,TR0779,2025-08-21 16:00:00,6.4,true
TT04879,TR0780,2025-08-16 00:00:00,4.0,true
TT04880,TR0780,2025-08-16 04:00:00,5.6,true
TT04881,TR0780,2025-08-16 08:00:00,5.9,true
TT04882,TR0780,2025-08-16 12:00:00,2.9,true
TT04883,TR0781,2025-08-21 00:00:00,7.0,true
TT04884,TR0781,2025-08-21 04:00:00,4.0,true
TT04885,TR0781,2025-08-21 08:00:00,3.4,true
TT04886,TR0781,2025-08-21 12:00:00,2.3,true
TT04887,TR0781,2025-08-21 16:00:00,3.1,true
TT04888,TR0782,2025-11-25 00:00:00,2.3,true
TT04889,TR0782,2025-11-25 04:00:00,4.7,true
TT04890,TR0782,2025-11-25 08:00:00,6.7,true
TT04891,TR0782,2025-11-25 12:00:00,5.7,true
TT04892,TR0782,2025-11-25 16:00:00,6.8,true
TT04893,TR0782,2025-11-25 20:00:00,2.7,true
TT04894,TR0782,2025-11-25 24:00:00,6.3,true
TT04895,TR0783,2025-09-15 00:00:00,6.6,true
TT04896,TR0783,2025-09-15 04:00:00,5.8,true
TT04897,TR0783,2025-09-15 08:00:00,3.3,true
TT04898,TR0783,2025-09-15 12:00:00,4.1,true
TT04899,TR0783,2025-09-15 16:00:00,4.1,true
TT04900,TR0783,2025-09-15 20:00:00,3.2,true
TT04901,TR0783,2025-09-15 24:00:00,2.8,true
TT04902,TR0784,2025-09-14 00:00:00,3.7,true
TT04903,TR0784,2025-09-14 04:00:00,3.8,true
TT04904,TR0784,2025-09-14 08:00:00,6.3,true
TT04905,TR0784,2025-09-14 12:00:00,3.2,true
TT04906,TR0784,2025-09-14 16:00:00,5.8,true
TT04907,TR0785,2025-10-20 00:00:00,4.5,true
TT04908,TR0785,2025-10-20 04:00:00,3.3,true
TT04909,TR0785,2025-10-20 08:00:00,6.6,true
TT04910,TR0785,2025-10-20 12:00:00,7.0,true
TT04911,TR0785,2025-10-20 16:00:00,6.7,true
TT04912,TR0785,2025-10-20 20:00:00,5.0,true
TT04913,TR0785,2025-10-20 24:00:00,4.2,true
TT04914,TR0785,2025-10-20 28:00:00,4.3,true
TT04915,TR0786,2025-09-10 00:00:00,3.6,true
TT04916,TR0786,2025-09-10 04:00:00,6.7,true
TT04917,TR0786,2025-09-10 08:00:00,4.1,true
TT04918,TR0786,2025-09-10 12:00:00,5.5,true
TT04919,TR0786,2025-09-10 16:00:00,4.2,true
TT04920,TR0786,2025-09-10 20:00:00,5.5,true
TT04921,TR0786,2025-09-10 24:00:00,3.0,true
TT04922,TR0786,2025-09-10 28:00:00,6.6,true
TT04923,TR0787,2025-09-06 00:00:00,5.0,true
TT04924,TR0787,2025-09-06 04:00:00,3.2,true
TT04925,TR0787,2025-09-06 08:00:00,4.9,true
TT04926,TR0787,2025-09-06 12:00:00,6.1,true
TT04927,TR0787,2025-09-06 16:00:00,6.8,true
TT04928,TR0787,2025-09-06 20:00:00,4.5,true
TT04929,TR0788,2025-11-19 00:00:00,6.1,true
TT04930,TR0788,2025-11-19 04:00:00,3.8,true
TT04931,TR0788,2025-11-19 08:00:00,2.8,true
TT04932,TR0788,2025-11-19 12:00:00,6.8,true
TT04933,TR0788,2025-11-19 16:00:00,6.9,true
TT04934,TR0788,2025-11-19 20:00:00,3.7,true
TT04935,TR0788,2025-11-19 24:00:00,6.8,true
TT04936,TR0788,2025-11-19 28:00:00,3.4,true
TT04937,TR0789,2025-07-19 00:00:00,4.8,true
TT04938,TR0789,2025-07-19 04:00:00,3.7,true
TT04939,TR0789,2025-07-19 08:00:00,5.6,true
TT04940,TR0789,2025-07-19 12:00:00,5.2,true
TT04941,TR0789,2025-07-19 16:00:00,5.3,true
TT04942,TR0789,2025-07-19 20:00:00,6.4,true
TT04943,TR0789,2025-07-19 24:00:00,4.3,true
TT04944,TR0790,2025-07-20 00:00:00,3.0,true
TT04945,TR0790,2025-07-20 04:00:00,2.5,true
TT04946,TR0790,2025-07-20 08:00:00,6.0,true
TT04947,TR0790,2025-07-20 12:00:00,2.7,true
TT04948,TR0790,2025-07-20 16:00:00,3.6,true
TT04949,TR0790,2025-07-20 20:00:00,6.2,true
TT04950,TR0790,2025-07-20 24:00:00,3.9,true
TT04951,TR0790,2025-07-20 28:00:00,5.5,true
TT04952,TR0791,2025-11-23 00:00:00,2.7,true
TT04953,TR0791,2025-11-23 04:00:00,2.0,true
TT04954,TR0791,2025-11-23 08:00:00,6.2,true
TT04955,TR0791,2025-11-23 12:00:00,5.7,true
TT04956,TR0791,2025-11-23 16:00:00,6.7,true
TT04957,TR0791,2025-11-23 20:00:00,5.3,true
TT04958,TR0792,2025-09-05 00:00:00,4.9,true
TT04959,TR0792,2025-09-05 04:00:00,2.6,true
TT04960,TR0792,2025-09-05 08:00:00,5.0,true
TT04961,TR0792,2025-09-05 12:00:00,3.0,true
TT04962,TR0792,2025-09-05 16:00:00,6.1,true
TT04963,TR0792,2025-09-05 20:00:00,4.8,true
TT04964,TR0793,2025-11-19 00:00:00,6.0,true
TT04965,TR0793,2025-11-19 04:00:00,6.9,true
TT04966,TR0793,2025-11-19 08:00:00,4.5,true
TT04967,TR0793,2025-11-19 12:00:00,2.4,true
TT04968,TR0793,2025-11-19 16:00:00,2.6,true
TT04969,TR0793,2025-11-19 20:00:00,6.2,true
TT04970,TR0794,2025-07-05 00:00:00,5.5,true
TT04971,TR0794,2025-07-05 04:00:00,2.3,true
TT04972,TR0794,2025-07-05 08:00:00,5.9,true
TT04973,TR0794,2025-07-05 12:00:00,4.1,true
TT04974,TR0794,2025-07-05 16:00:00,4.9,true
TT04975,TR0794,2025-07-05 20:00:00,4.0,true
TT04976,TR0795,2025-11-22 00:00:00,5.0,true
TT04977,TR0795,2025-11-22 04:00:00,6.4,true
TT04978,TR0795,2025-11-22 08:00:00,4.7,true
TT04979,TR0795,2025-11-22 12:00:00,3.3,true
TT04980,TR0795,2025-11-22 16:00:00,6.5,true
TT04981,TR0795,2025-11-22 20:00:00,2.4,true
TT04982,TR0795,2025-11-22 24:00:00,5.8,true
TT04983,TR0795,2025-11-22 28:00:00,6.8,true
TT04984,TR0796,2025-07-19 00:00:00,6.9,true
TT04985,TR0796,2025-07-19 04:00:00,4.0,true
TT04986,TR0796,2025-07-19 08:00:00,6.3,true
TT04987,TR0796,2025-07-19 12:00:00,2.6,true
TT04988,TR0796,2025-07-19 16:00:00,6.8,true
TT04989,TR0796,2025-07-19 20:00:00,6.0,true
TT04990,TR0796,2025-07-19 24:00:00,5.1,true
TT04991,TR0796,2025-07-19 28:00:00,3.6,true
TT04992,TR0797,2025-10-17 00:00:00,5.7,true
TT04993,TR0797,2025-10-17 04:00:00,3.3,true
TT04994,TR0797,2025-10-17 08:00:00,4.9,true
TT04995,TR0797,2025-10-17 12:00:00,5.6,true
TT04996,TR0797,2025-10-17 16:00:00,3.6,true
TT04997,TR0798,2025-08-07 00:00:00,3.9,true
TT04998,TR0798,2025-08-07 04:00:00,2.8,true
TT04999,TR0798,2025-08-07 08:00:00,3.0,true
TT05000,TR0798,2025-08-07 12:00:00,6.9,true
TT05001,TR0798,2025-08-07 16:00:00,6.5,true
TT05002,TR0799,2025-08-06 00:00:00,4.6,true
TT05003,TR0799,2025-08-06 04:00:00,3.0,true
TT05004,TR0799,2025-08-06 08:00:00,5.9,true
TT05005,TR0799,2025-08-06 12:00:00,4.0,true
TT05006,TR0799,2025-08-06 16:00:00,3.5,true
TT05007,TR0799,2025-08-06 20:00:00,5.6,true
TT05008,TR0799,2025-08-06 24:00:00,2.5,true
TT05009,TR0799,2025-08-06 28:00:00,2.3,true
TT05010,TR0800,2025-10-14 00:00:00,6.3,true
TT05011,TR0800,2025-10-14 04:00:00,5.9,true
TT05012,TR0800,2025-10-14 08:00:00,3.1,true
TT05013,TR0800,2025-10-14 12:00:00,5.3,true
TT05014,TR0800,2025-10-14 16:00:00,5.2,true
TT05015,TR0800,2025-10-14 20:00:00,3.1,true
TT05016,TR0800,2025-10-14 24:00:00,5.3,true
TT05017,TR0801,2025-11-16 00:00:00,5.5,true
TT05018,TR0801,2025-11-16 04:00:00,2.7,true
TT05019,TR0801,2025-11-16 08:00:00,6.7,true
TT05020,TR0801,2025-11-16 12:00:00,2.9,true
TT05021,TR0801,2025-11-16 16:00:00,4.8,true
TT05022,TR0801,2025-11-16 20:00:00,3.4,true
TT05023,TR0802,2025-07-01 00:00:00,5.2,true
TT05024,TR0802,2025-07-01 04:00:00,2.4,true
TT05025,TR0802,2025-07-01 08:00:00,3.4,true
TT05026,TR0802,2025-07-01 12:00:00,4.4,true
TT05027,TR0802,2025-07-01 16:00:00,2.6,true
TT05028,TR0802,2025-07-01 20:00:00,6.9,true
TT05029,TR0803,2025-07-19 00:00:00,3.0,true
TT05030,TR0803,2025-07-19 04:00:00,4.3,true
TT05031,TR0803,2025-07-19 08:00:00,3.9,true
TT05032,TR0803,2025-07-19 12:00:00,4.2,true
TT05033,TR0803,2025-07-19 16:00:00,6.7,true
TT05034,TR0804,2025-11-24 00:00:00,3.8,true
TT05035,TR0804,2025-11-24 04:00:00,5.7,true
TT05036,TR0804,2025-11-24 08:00:00,5.6,true
TT05037,TR0804,2025-11-24 12:00:00,6.3,true
TT05038,TR0804,2025-11-24 16:00:00,5.9,true
TT05039,TR0805,2025-09-23 00:00:00,2.3,true
TT05040,TR0805,2025-09-23 04:00:00,5.2,true
TT05041,TR0805,2025-09-23 08:00:00,6.6,true
TT05042,TR0805,2025-09-23 12:00:00,5.9,true
TT05043,TR0805,2025-09-23 16:00:00,2.1,true
TT05044,TR0805,2025-09-23 20:00:00,2.2,true
TT05045,TR0805,2025-09-23 24:00:00,3.1,true
TT05046,TR0805,2025-09-23 28:00:00,6.7,true
TT05047,TR0806,2025-10-15 00:00:00,3.9,true
TT05048,TR0806,2025-10-15 04:00:00,5.1,true
TT05049,TR0806,2025-10-15 08:00:00,5.7,true
TT05050,TR0806,2025-10-15 12:00:00,3.9,true
TT05051,TR0806,2025-10-15 16:00:00,2.9,true
TT05052,TR0806,2025-10-15 20:00:00,5.7,true
TT05053,TR0806,2025-10-15 24:00:00,3.2,true
TT05054,TR0807,2025-07-17 00:00:00,4.0,true
TT05055,TR0807,2025-07-17 04:00:00,4.5,true
TT05056,TR0807,2025-07-17 08:00:00,3.9,true
TT05057,TR0807,2025-07-17 12:00:00,4.8,true
TT05058,TR0807,2025-07-17 16:00:00,6.2,true
TT05059,TR0807,2025-07-17 20:00:00,4.7,true
TT05060,TR0807,2025-07-17 24:00:00,6.4,true
TT05061,TR0807,2025-07-17 28:00:00,5.0,true
TT05062,TR0808,2025-07-04 00:00:00,6.4,true
TT05063,TR0808,2025-07-04 04:00:00,3.4,true
TT05064,TR0808,2025-07-04 08:00:00,2.9,true
TT05065,TR0808,2025-07-04 12:00:00,4.0,true
TT05066,TR0808,2025-07-04 16:00:00,6.2,true
TT05067,TR0808,2025-07-04 20:00:00,6.4,true
TT05068,TR0809,2025-08-06 00:00:00,2.4,true
TT05069,TR0809,2025-08-06 04:00:00,5.7,true
TT05070,TR0809,2025-08-06 08:00:00,2.8,true
TT05071,TR0809,2025-08-06 12:00:00,4.2,true
TT05072,TR0809,2025-08-06 16:00:00,4.1,true
TT05073,TR0809,2025-08-06 20:00:00,4.7,true
TT05074,TR0809,2025-08-06 24:00:00,6.8,true
TT05075,TR0809,2025-08-06 28:00:00,5.4,true
TT05076,TR0810,2025-10-17 00:00:00,3.6,true
TT05077,TR0810,2025-10-17 04:00:00,4.1,true
TT05078,TR0810,2025-10-17 08:00:00,3.3,true
TT05079,TR0810,2025-10-17 12:00:00,5.2,true
TT05080,TR0810,2025-10-17 16:00:00,6.0,true
TT05081,TR0811,2025-07-23 00:00:00,5.7,true
TT05082,TR0811,2025-07-23 04:00:00,6.8,true
TT05083,TR0811,2025-07-23 08:00:00,4.8,true
TT05084,TR0811,2025-07-23 12:00:00,2.9,true
TT05085,TR0811,2025-07-23 16:00:00,3.3,true
TT05086,TR0811,2025-07-23 20:00:00,5.9,true
TT05087,TR0812,2025-08-21 00:00:00,3.0,true
TT05088,TR0812,2025-08-21 04:00:00,5.2,true
TT05089,TR0812,2025-08-21 08:00:00,4.2,true
TT05090,TR0812,2025-08-21 12:00:00,5.6,true
TT05091,TR0812,2025-08-21 16:00:00,3.7,true
TT05092,TR0812,2025-08-21 20:00:00,4.1,true
TT05093,TR0812,2025-08-21 24:00:00,4.1,true
TT05094,TR0812,2025-08-21 28:00:00,5.9,true
TT05095,TR0813,2025-07-19 00:00:00,6.0,true
TT05096,TR0813,2025-07-19 04:00:00,11.3,false
TT05097,TR0813,2025-07-19 08:00:00,11.4,false
TT05098,TR0813,2025-07-19 12:00:00,16.5,false
TT05099,TR0813,2025-07-19 16:00:00,2.9,true
TT05100,TR0813,2025-07-19 20:00:00,4.2,true
TT05101,TR0813,2025-07-19 24:00:00,3.8,true
TT05102,TR0813,2025-07-19 28:00:00,3.0,true
TT05103,TR0814,2025-09-18 00:00:00,6.9,true
TT05104,TR0814,2025-09-18 04:00:00,2.9,true
TT05105,TR0814,2025-09-18 08:00:00,3.4,true
TT05106,TR0814,2025-09-18 12:00:00,4.4,true
TT05107,TR0815,2025-11-02 00:00:00,4.9,true
TT05108,TR0815,2025-11-02 04:00:00,5.0,true
TT05109,TR0815,2025-11-02 08:00:00,6.4,true
TT05110,TR0815,2025-11-02 12:00:00,5.2,true
TT05111,TR0815,2025-11-02 16:00:00,5.5,true
TT05112,TR0816,2025-09-05 00:00:00,6.1,true
TT05113,TR0816,2025-09-05 04:00:00,5.8,true
TT05114,TR0816,2025-09-05 08:00:00,5.3,true
TT05115,TR0816,2025-09-05 12:00:00,6.1,true
TT05116,TR0816,2025-09-05 16:00:00,2.7,true
TT05117,TR0816,2025-09-05 20:00:00,5.1,true
TT05118,TR0816,2025-09-05 24:00:00,2.5,true
TT05119,TR0816,2025-09-05 28:00:00,4.5,true
TT05120,TR0817,2025-08-01 00:00:00,4.6,true
TT05121,TR0817,2025-08-01 04:00:00,5.0,true
TT05122,TR0817,2025-08-01 08:00:00,6.9,true
TT05123,TR0817,2025-08-01 12:00:00,3.6,true
TT05124,TR0817,2025-08-01 16:00:00,6.5,true
TT05125,TR0817,2025-08-01 20:00:00,5.6,true
TT05126,TR0817,2025-08-01 24:00:00,3.3,true
TT05127,TR0817,2025-08-01 28:00:00,5.9,true
TT05128,TR0818,2025-10-21 00:00:00,3.0,true
TT05129,TR0818,2025-10-21 04:00:00,5.9,true
TT05130,TR0818,2025-10-21 08:00:00,6.6,true
TT05131,TR0818,2025-10-21 12:00:00,3.1,true
TT05132,TR0818,2025-10-21 16:00:00,5.8,true
TT05133,TR0818,2025-10-21 20:00:00,4.8,true
TT05134,TR0818,2025-10-21 24:00:00,6.9,true
TT05135,TR0819,2025-09-08 00:00:00,2.3,true
TT05136,TR0819,2025-09-08 04:00:00,3.8,true
TT05137,TR0819,2025-09-08 08:00:00,5.2,true
TT05138,TR0819,2025-09-08 12:00:00,5.4,true
TT05139,TR0819,2025-09-08 16:00:00,5.5,true
TT05140,TR0819,2025-09-08 20:00:00,6.0,true
TT05141,TR0819,2025-09-08 24:00:00,5.6,true
TT05142,TR0819,2025-09-08 28:00:00,6.8,true
TT05143,TR0820,2025-08-23 00:00:00,5.2,true
TT05144,TR0820,2025-08-23 04:00:00,5.0,true
TT05145,TR0820,2025-08-23 08:00:00,4.7,true
TT05146,TR0820,2025-08-23 12:00:00,4.5,true
TT05147,TR0820,2025-08-23 16:00:00,6.3,true
TT05148,TR0821,2025-09-22 00:00:00,5.0,true
TT05149,TR0821,2025-09-22 04:00:00,2.2,true
TT05150,TR0821,2025-09-22 08:00:00,4.2,true
TT05151,TR0821,2025-09-22 12:00:00,6.6,true
TT05152,TR0821,2025-09-22 16:00:00,3.4,true
TT05153,TR0822,2025-08-03 00:00:00,4.4,true
TT05154,TR0822,2025-08-03 04:00:00,2.9,true
TT05155,TR0822,2025-08-03 08:00:00,2.0,true
TT05156,TR0822,2025-08-03 12:00:00,5.1,true
TT05157,TR0822,2025-08-03 16:00:00,4.1,true
TT05158,TR0822,2025-08-03 20:00:00,6.7,true
TT05159,TR0823,2025-11-19 00:00:00,2.2,true
TT05160,TR0823,2025-11-19 04:00:00,2.5,true
TT05161,TR0823,2025-11-19 08:00:00,5.5,true
TT05162,TR0823,2025-11-19 12:00:00,5.6,true
TT05163,TR0823,2025-11-19 16:00:00,6.4,true
TT05164,TR0823,2025-11-19 20:00:00,4.2,true
TT05165,TR0823,2025-11-19 24:00:00,5.8,true
TT05166,TR0823,2025-11-19 28:00:00,4.6,true
TT05167,TR0824,2025-11-21 00:00:00,5.9,true
TT05168,TR0824,2025-11-21 04:00:00,4.1,true
TT05169,TR0824,2025-11-21 08:00:00,2.4,true
TT05170,TR0824,2025-11-21 12:00:00,5.9,true
TT05171,TR0824,2025-11-21 16:00:00,6.8,true
TT05172,TR0824,2025-11-21 20:00:00,6.7,true
TT05173,TR0825,2025-09-15 00:00:00,6.8,true
TT05174,TR0825,2025-09-15 04:00:00,6.5,true
TT05175,TR0825,2025-09-15 08:00:00,4.7,true
TT05176,TR0825,2025-09-15 12:00:00,6.5,true
TT05177,TR0825,2025-09-15 16:00:00,6.7,true
TT05178,TR0825,2025-09-15 20:00:00,4.6,true
TT05179,TR0825,2025-09-15 24:00:00,2.6,true
TT05180,TR0825,2025-09-15 28:00:00,4.2,true
TT05181,TR0826,2025-08-14 00:00:00,4.3,true
TT05182,TR0826,2025-08-14 04:00:00,2.6,true
TT05183,TR0826,2025-08-14 08:00:00,6.9,true
TT05184,TR0826,2025-08-14 12:00:00,3.2,true
TT05185,TR0826,2025-08-14 16:00:00,2.7,true
TT05186,TR0826,2025-08-14 20:00:00,2.5,true
TT05187,TR0827,2025-07-15 00:00:00,6.5,true
TT05188,TR0827,2025-07-15 04:00:00,2.3,true
TT05189,TR0827,2025-07-15 08:00:00,2.8,true
TT05190,TR0827,2025-07-15 12:00:00,4.5,true
TT05191,TR0827,2025-07-15 16:00:00,2.9,true
TT05192,TR0827,2025-07-15 20:00:00,3.1,true
TT05193,TR0827,2025-07-15 24:00:00,3.6,true
TT05194,TR0828,2025-07-05 00:00:00,10.2,false
TT05195,TR0828,2025-07-05 04:00:00,5.0,true
TT05196,TR0828,2025-07-05 08:00:00,3.3,true
TT05197,TR0828,2025-07-05 12:00:00,10.0,false
TT05198,TR0828,2025-07-05 16:00:00,6.0,true
TT05199,TR0828,2025-07-05 20:00:00,6.0,true
TT05200,TR0828,2025-07-05 24:00:00,12.7,false
TT05201,TR0829,2025-08-08 00:00:00,5.8,true
TT05202,TR0829,2025-08-08 04:00:00,4.7,true
TT05203,TR0829,2025-08-08 08:00:00,4.1,true
TT05204,TR0829,2025-08-08 12:00:00,3.8,true
TT05205,TR0829,2025-08-08 16:00:00,3.3,true
TT05206,TR0829,2025-08-08 20:00:00,4.7,true
TT05207,TR0829,2025-08-08 24:00:00,3.4,true
TT05208,TR0829,2025-08-08 28:00:00,6.4,true
TT05209,TR0830,2025-07-06 00:00:00,6.7,true
TT05210,TR0830,2025-07-06 04:00:00,6.2,true
TT05211,TR0830,2025-07-06 08:00:00,5.1,true
TT05212,TR0830,2025-07-06 12:00:00,2.4,true
TT05213,TR0830,2025-07-06 16:00:00,5.3,true
TT05214,TR0830,2025-07-06 20:00:00,2.6,true
TT05215,TR0830,2025-07-06 24:00:00,6.7,true
TT05216,TR0830,2025-07-06 28:00:00,5.3,true
TT05217,TR0831,2025-08-05 00:00:00,3.0,true
TT05218,TR0831,2025-08-05 04:00:00,2.0,true
TT05219,TR0831,2025-08-05 08:00:00,3.3,true
TT05220,TR0831,2025-08-05 12:00:00,6.0,true
TT05221,TR0831,2025-08-05 16:00:00,4.8,true
TT05222,TR0831,2025-08-05 20:00:00,6.8,true
TT05223,TR0832,2025-11-12 00:00:00,4.8,true
TT05224,TR0832,2025-11-12 04:00:00,6.1,true
TT05225,TR0832,2025-11-12 08:00:00,2.1,true
TT05226,TR0832,2025-11-12 12:00:00,5.4,true
TT05227,TR0832,2025-11-12 16:00:00,2.5,true
TT05228,TR0832,2025-11-12 20:00:00,3.3,true
TT05229,TR0833,2025-07-16 00:00:00,5.8,true
TT05230,TR0833,2025-07-16 04:00:00,5.4,true
TT05231,TR0833,2025-07-16 08:00:00,6.0,true
TT05232,TR0833,2025-07-16 12:00:00,6.3,true
TT05233,TR0833,2025-07-16 16:00:00,4.5,true
TT05234,TR0833,2025-07-16 20:00:00,6.8,true
TT05235,TR0834,2025-11-04 00:00:00,3.7,true
TT05236,TR0834,2025-11-04 04:00:00,6.4,true
TT05237,TR0834,2025-11-04 08:00:00,3.5,true
TT05238,TR0834,2025-11-04 12:00:00,6.1,true
TT05239,TR0834,2025-11-04 16:00:00,3.4,true
TT05240,TR0834,2025-11-04 20:00:00,6.7,true
TT05241,TR0835,2025-11-16 00:00:00,3.9,true
TT05242,TR0835,2025-11-16 04:00:00,5.2,true
TT05243,TR0835,2025-11-16 08:00:00,2.9,true
TT05244,TR0835,2025-11-16 12:00:00,3.9,true
TT05245,TR0836,2025-08-05 00:00:00,2.9,true
TT05246,TR0836,2025-08-05 04:00:00,3.9,true
TT05247,TR0836,2025-08-05 08:00:00,2.9,true
TT05248,TR0836,2025-08-05 12:00:00,4.8,true
TT05249,TR0836,2025-08-05 16:00:00,5.4,true
TT05250,TR0836,2025-08-05 20:00:00,5.7,true
TT05251,TR0837,2025-07-06 00:00:00,5.6,true
TT05252,TR0837,2025-07-06 04:00:00,2.1,true
TT05253,TR0837,2025-07-06 08:00:00,6.6,true
TT05254,TR0837,2025-07-06 12:00:00,4.4,true
TT05255,TR0837,2025-07-06 16:00:00,5.4,true
TT05256,TR0837,2025-07-06 20:00:00,5.7,true
TT05257,TR0837,2025-07-06 24:00:00,2.6,true
TT05258,TR0837,2025-07-06 28:00:00,5.1,true
TT05259,TR0838,2025-11-14 00:00:00,3.3,true
TT05260,TR0838,2025-11-14 04:00:00,2.7,true
TT05261,TR0838,2025-11-14 08:00:00,6.7,true
TT05262,TR0838,2025-11-14 12:00:00,3.8,true
TT05263,TR0838,2025-11-14 16:00:00,3.4,true
TT05264,TR0838,2025-11-14 20:00:00,3.7,true
TT05265,TR0839,2025-09-18 00:00:00,4.4,true
TT05266,TR0839,2025-09-18 04:00:00,5.2,true
TT05267,TR0839,2025-09-18 08:00:00,3.1,true
TT05268,TR0839,2025-09-18 12:00:00,2.1,true
TT05269,TR0839,2025-09-18 16:00:00,6.8,true
TT05270,TR0840,2025-10-05 00:00:00,6.7,true
TT05271,TR0840,2025-10-05 04:00:00,5.7,true
TT05272,TR0840,2025-10-05 08:00:00,5.2,true
TT05273,TR0840,2025-10-05 12:00:00,5.0,true
TT05274,TR0840,2025-10-05 16:00:00,6.6,true
TT05275,TR0840,2025-10-05 20:00:00,6.9,true
TT05276,TR0840,2025-10-05 24:00:00,2.0,true
TT05277,TR0841,2025-11-13 00:00:00,6.7,true
TT05278,TR0841,2025-11-13 04:00:00,5.3,true
TT05279,TR0841,2025-11-13 08:00:00,5.9,true
TT05280,TR0841,2025-11-13 12:00:00,2.3,true
TT05281,TR0841,2025-11-13 16:00:00,5.6,true
TT05282,TR0841,2025-11-13 20:00:00,6.3,true
TT05283,TR0842,2025-11-14 00:00:00,5.5,true
TT05284,TR0842,2025-11-14 04:00:00,4.2,true
TT05285,TR0842,2025-11-14 08:00:00,3.9,true
TT05286,TR0842,2025-11-14 12:00:00,4.3,true
TT05287,TR0842,2025-11-14 16:00:00,6.4,true
TT05288,TR0843,2025-11-17 00:00:00,6.3,true
TT05289,TR0843,2025-11-17 04:00:00,6.4,true
TT05290,TR0843,2025-11-17 08:00:00,4.5,true
TT05291,TR0843,2025-11-17 12:00:00,5.6,true
TT05292,TR0843,2025-11-17 16:00:00,6.9,true
TT05293,TR0843,2025-11-17 20:00:00,3.7,true
TT05294,TR0844,2025-08-13 00:00:00,6.5,true
TT05295,TR0844,2025-08-13 04:00:00,3.6,true
TT05296,TR0844,2025-08-13 08:00:00,4.4,true
TT05297,TR0844,2025-08-13 12:00:00,3.5,true
TT05298,TR0844,2025-08-13 16:00:00,4.7,true
TT05299,TR0844,2025-08-13 20:00:00,3.0,true
TT05300,TR0844,2025-08-13 24:00:00,6.7,true
TT05301,TR0844,2025-08-13 28:00:00,2.7,true
TT05302,TR0845,2025-09-22 00:00:00,6.1,true
TT05303,TR0845,2025-09-22 04:00:00,4.2,true
TT05304,TR0845,2025-09-22 08:00:00,4.9,true
TT05305,TR0845,2025-09-22 12:00:00,4.2,true
TT05306,TR0845,2025-09-22 16:00:00,6.6,true
TT05307,TR0845,2025-09-22 20:00:00,5.0,true
TT05308,TR0845,2025-09-22 24:00:00,6.9,true
TT05309,TR0845,2025-09-22 28:00:00,5.2,true
TT05310,TR0846,2025-09-05 00:00:00,6.4,true
TT05311,TR0846,2025-09-05 04:00:00,2.0,true
TT05312,TR0846,2025-09-05 08:00:00,7.0,true
TT05313,TR0846,2025-09-05 12:00:00,5.4,true
TT05314,TR0846,2025-09-05 16:00:00,3.3,true
TT05315,TR0846,2025-09-05 20:00:00,2.2,true
TT05316,TR0846,2025-09-05 24:00:00,2.8,true
TT05317,TR0846,2025-09-05 28:00:00,2.9,true
TT05318,TR0847,2025-09-16 00:00:00,4.3,true
TT05319,TR0847,2025-09-16 04:00:00,3.5,true
TT05320,TR0847,2025-09-16 08:00:00,6.3,true
TT05321,TR0847,2025-09-16 12:00:00,5.3,true
TT05322,TR0847,2025-09-16 16:00:00,2.4,true
TT05323,TR0847,2025-09-16 20:00:00,4.2,true
TT05324,TR0847,2025-09-16 24:00:00,6.2,true
TT05325,TR0847,2025-09-16 28:00:00,6.0,true
TT05326,TR0848,2025-09-14 00:00:00,2.3,true
TT05327,TR0848,2025-09-14 04:00:00,5.2,true
TT05328,TR0848,2025-09-14 08:00:00,5.2,true
TT05329,TR0848,2025-09-14 12:00:00,2.5,true
TT05330,TR0848,2025-09-14 16:00:00,2.5,true
TT05331,TR0848,2025-09-14 20:00:00,5.1,true
TT05332,TR0849,2025-09-17 00:00:00,5.2,true
TT05333,TR0849,2025-09-17 04:00:00,3.0,true
TT05334,TR0849,2025-09-17 08:00:00,2.9,true
TT05335,TR0849,2025-09-17 12:00:00,6.1,true
TT05336,TR0849,2025-09-17 16:00:00,2.6,true
TT05337,TR0850,2025-08-17 00:00:00,2.2,true
TT05338,TR0850,2025-08-17 04:00:00,3.0,true
TT05339,TR0850,2025-08-17 08:00:00,5.8,true
TT05340,TR0850,2025-08-17 12:00:00,2.6,true
TT05341,TR0850,2025-08-17 16:00:00,3.0,true
TT05342,TR0850,2025-08-17 20:00:00,5.2,true
TT05343,TR0851,2025-10-02 00:00:00,4.3,true
TT05344,TR0851,2025-10-02 04:00:00,2.6,true
TT05345,TR0851,2025-10-02 08:00:00,2.1,true
TT05346,TR0851,2025-10-02 12:00:00,5.8,true
TT05347,TR0851,2025-10-02 16:00:00,6.8,true
TT05348,TR0851,2025-10-02 20:00:00,5.7,true
TT05349,TR0851,2025-10-02 24:00:00,2.0,true
TT05350,TR0851,2025-10-02 28:00:00,2.4,true
TT05351,TR0852,2025-08-22 00:00:00,5.1,true
TT05352,TR0852,2025-08-22 04:00:00,2.8,true
TT05353,TR0852,2025-08-22 08:00:00,6.1,true
TT05354,TR0852,2025-08-22 12:00:00,3.0,true
TT05355,TR0852,2025-08-22 16:00:00,3.0,true
TT05356,TR0852,2025-08-22 20:00:00,5.0,true
TT05357,TR0852,2025-08-22 24:00:00,5.3,true
TT05358,TR0852,2025-08-22 28:00:00,2.4,true
TT05359,TR0853,2025-10-25 00:00:00,4.0,true
TT05360,TR0853,2025-10-25 04:00:00,2.6,true
TT05361,TR0853,2025-10-25 08:00:00,3.2,true
TT05362,TR0853,2025-10-25 12:00:00,5.8,true
TT05363,TR0853,2025-10-25 16:00:00,6.7,true
TT05364,TR0854,2025-09-05 00:00:00,4.5,true
TT05365,TR0854,2025-09-05 04:00:00,2.2,true
TT05366,TR0854,2025-09-05 08:00:00,6.1,true
TT05367,TR0854,2025-09-05 12:00:00,4.7,true
TT05368,TR0854,2025-09-05 16:00:00,5.8,true
TT05369,TR0854,2025-09-05 20:00:00,5.3,true
TT05370,TR0854,2025-09-05 24:00:00,2.7,true
TT05371,TR0855,2025-09-16 00:00:00,6.0,true
TT05372,TR0855,2025-09-16 04:00:00,5.4,true
TT05373,TR0855,2025-09-16 08:00:00,5.9,true
TT05374,TR0855,2025-09-16 12:00:00,5.2,true
TT05375,TR0855,2025-09-16 16:00:00,6.0,true
TT05376,TR0855,2025-09-16 20:00:00,5.9,true
TT05377,TR0855,2025-09-16 24:00:00,2.5,true
TT05378,TR0856,2025-08-25 00:00:00,4.3,true
TT05379,TR0856,2025-08-25 04:00:00,4.2,true
TT05380,TR0856,2025-08-25 08:00:00,2.3,true
TT05381,TR0856,2025-08-25 12:00:00,6.7,true
TT05382,TR0856,2025-08-25 16:00:00,3.7,true
TT05383,TR0857,2025-09-13 00:00:00,6.9,true
TT05384,TR0857,2025-09-13 04:00:00,2.1,true
TT05385,TR0857,2025-09-13 08:00:00,5.4,true
TT05386,TR0857,2025-09-13 12:00:00,3.9,true
TT05387,TR0857,2025-09-13 16:00:00,3.6,true
TT05388,TR0857,2025-09-13 20:00:00,2.9,true
TT05389,TR0857,2025-09-13 24:00:00,4.5,true
TT05390,TR0857,2025-09-13 28:00:00,6.7,true
TT05391,TR0858,2025-10-16 00:00:00,3.1,true
TT05392,TR0858,2025-10-16 04:00:00,2.1,true
TT05393,TR0858,2025-10-16 08:00:00,6.3,true
TT05394,TR0858,2025-10-16 12:00:00,4.5,true
TT05395,TR0858,2025-10-16 16:00:00,4.2,true
TT05396,TR0858,2025-10-16 20:00:00,6.0,true
TT05397,TR0858,2025-10-16 24:00:00,6.8,true
TT05398,TR0858,2025-10-16 28:00:00,2.8,true
TT05399,TR0859,2025-08-03 00:00:00,2.6,true
TT05400,TR0859,2025-08-03 04:00:00,2.7,true
TT05401,TR0859,2025-08-03 08:00:00,4.0,true
TT05402,TR0859,2025-08-03 12:00:00,3.0,true
TT05403,TR0859,2025-08-03 16:00:00,5.0,true
TT05404,TR0859,2025-08-03 20:00:00,2.2,true
TT05405,TR0860,2025-09-05 00:00:00,5.7,true
TT05406,TR0860,2025-09-05 04:00:00,14.9,false
TT05407,TR0860,2025-09-05 08:00:00,3.9,true
TT05408,TR0860,2025-09-05 12:00:00,2.9,true
TT05409,TR0861,2025-11-13 00:00:00,4.2,true
TT05410,TR0861,2025-11-13 04:00:00,4.6,true
TT05411,TR0861,2025-11-13 08:00:00,4.2,true
TT05412,TR0861,2025-11-13 12:00:00,4.4,true
TT05413,TR0861,2025-11-13 16:00:00,4.8,true
TT05414,TR0861,2025-11-13 20:00:00,4.7,true
TT05415,TR0861,2025-11-13 24:00:00,2.7,true
TT05416,TR0862,2025-10-12 00:00:00,4.9,true
TT05417,TR0862,2025-10-12 04:00:00,5.6,true
TT05418,TR0862,2025-10-12 08:00:00,3.7,true
TT05419,TR0862,2025-10-12 12:00:00,6.9,true
TT05420,TR0862,2025-10-12 16:00:00,5.9,true
TT05421,TR0862,2025-10-12 20:00:00,5.2,true
TT05422,TR0862,2025-10-12 24:00:00,5.2,true
TT05423,TR0862,2025-10-12 28:00:00,5.1,true
TT05424,TR0863,2025-09-04 00:00:00,2.7,true
TT05425,TR0863,2025-09-04 04:00:00,3.2,true
TT05426,TR0863,2025-09-04 08:00:00,6.4,true
TT05427,TR0863,2025-09-04 12:00:00,2.1,true
TT05428,TR0863,2025-09-04 16:00:00,4.6,true
TT05429,TR0863,2025-09-04 20:00:00,2.6,true
TT05430,TR0864,2025-09-14 00:00:00,4.1,true
TT05431,TR0864,2025-09-14 04:00:00,2.0,true
TT05432,TR0864,2025-09-14 08:00:00,3.6,true
TT05433,TR0864,2025-09-14 12:00:00,6.7,true
TT05434,TR0864,2025-09-14 16:00:00,3.8,true
TT05435,TR0864,2025-09-14 20:00:00,6.1,true
TT05436,TR0865,2025-11-15 00:00:00,5.6,true
TT05437,TR0865,2025-11-15 04:00:00,3.4,true
TT05438,TR0865,2025-11-15 08:00:00,6.2,true
TT05439,TR0865,2025-11-15 12:00:00,6.3,true
TT05440,TR0866,2025-11-15 00:00:00,4.7,true
TT05441,TR0866,2025-11-15 04:00:00,4.3,true
TT05442,TR0866,2025-11-15 08:00:00,5.7,true
TT05443,TR0866,2025-11-15 12:00:00,6.7,true
TT05444,TR0866,2025-11-15 16:00:00,4.6,true
TT05445,TR0867,2025-07-21 00:00:00,6.4,true
TT05446,TR0867,2025-07-21 04:00:00,5.4,true
TT05447,TR0867,2025-07-21 08:00:00,3.0,true
TT05448,TR0867,2025-07-21 12:00:00,6.2,true
TT05449,TR0867,2025-07-21 16:00:00,6.8,true
TT05450,TR0867,2025-07-21 20:00:00,3.0,true
TT05451,TR0868,2025-09-08 00:00:00,2.1,true
TT05452,TR0868,2025-09-08 04:00:00,5.7,true
TT05453,TR0868,2025-09-08 08:00:00,4.3,true
TT05454,TR0868,2025-09-08 12:00:00,2.2,true
TT05455,TR0868,2025-09-08 16:00:00,6.7,true
TT05456,TR0868,2025-09-08 20:00:00,3.7,true
TT05457,TR0869,2025-08-07 00:00:00,6.4,true
TT05458,TR0869,2025-08-07 04:00:00,3.2,true
TT05459,TR0869,2025-08-07 08:00:00,5.9,true
TT05460,TR0869,2025-08-07 12:00:00,3.9,true
TT05461,TR0869,2025-08-07 16:00:00,5.6,true
TT05462,TR0869,2025-08-07 20:00:00,6.0,true
TT05463,TR0869,2025-08-07 24:00:00,2.4,true
TT05464,TR0869,2025-08-07 28:00:00,4.5,true
TT05465,TR0870,2025-11-09 00:00:00,6.1,true
TT05466,TR0870,2025-11-09 04:00:00,3.3,true
TT05467,TR0870,2025-11-09 08:00:00,6.7,true
TT05468,TR0870,2025-11-09 12:00:00,4.4,true
TT05469,TR0870,2025-11-09 16:00:00,5.1,true
TT05470,TR0871,2025-10-01 00:00:00,6.1,true
TT05471,TR0871,2025-10-01 04:00:00,6.0,true
TT05472,TR0871,2025-10-01 08:00:00,3.9,true
TT05473,TR0871,2025-10-01 12:00:00,5.1,true
TT05474,TR0871,2025-10-01 16:00:00,6.8,true
TT05475,TR0871,2025-10-01 20:00:00,3.6,true
TT05476,TR0872,2025-10-20 00:00:00,3.3,true
TT05477,TR0872,2025-10-20 04:00:00,5.8,true
TT05478,TR0872,2025-10-20 08:00:00,6.5,true
TT05479,TR0872,2025-10-20 12:00:00,3.3,true
TT05480,TR0872,2025-10-20 16:00:00,5.9,true
TT05481,TR0872,2025-10-20 20:00:00,4.1,true
TT05482,TR0872,2025-10-20 24:00:00,3.5,true
TT05483,TR0872,2025-10-20 28:00:00,5.0,true
TT05484,TR0873,2025-08-16 00:00:00,3.6,true
TT05485,TR0873,2025-08-16 04:00:00,6.1,true
TT05486,TR0873,2025-08-16 08:00:00,4.8,true
TT05487,TR0873,2025-08-16 12:00:00,4.6,true
TT05488,TR0873,2025-08-16 16:00:00,5.3,true
TT05489,TR0873,2025-08-16 20:00:00,3.8,true
TT05490,TR0873,2025-08-16 24:00:00,7.0,true
TT05491,TR0873,2025-08-16 28:00:00,5.9,true
TT05492,TR0874,2025-10-06 00:00:00,2.3,true
TT05493,TR0874,2025-10-06 04:00:00,2.5,true
TT05494,TR0874,2025-10-06 08:00:00,4.2,true
TT05495,TR0874,2025-10-06 12:00:00,5.3,true
TT05496,TR0874,2025-10-06 16:00:00,3.0,true
TT05497,TR0875,2025-10-05 00:00:00,4.0,true
TT05498,TR0875,2025-10-05 04:00:00,4.7,true
TT05499,TR0875,2025-10-05 08:00:00,5.3,true
TT05500,TR0875,2025-10-05 12:00:00,5.2,true
TT05501,TR0875,2025-10-05 16:00:00,3.3,true
TT05502,TR0875,2025-10-05 20:00:00,5.4,true
TT05503,TR0876,2025-09-16 00:00:00,2.5,true
TT05504,TR0876,2025-09-16 04:00:00,4.7,true
TT05505,TR0876,2025-09-16 08:00:00,2.9,true
TT05506,TR0876,2025-09-16 12:00:00,3.0,true
TT05507,TR0876,2025-09-16 16:00:00,3.6,true
TT05508,TR0876,2025-09-16 20:00:00,5.6,true
TT05509,TR0876,2025-09-16 24:00:00,5.8,true
TT05510,TR0876,2025-09-16 28:00:00,5.3,true
TT05511,TR0877,2025-09-23 00:00:00,4.7,true
TT05512,TR0877,2025-09-23 04:00:00,6.2,true
TT05513,TR0877,2025-09-23 08:00:00,6.2,true
TT05514,TR0877,2025-09-23 12:00:00,6.4,true
TT05515,TR0877,2025-09-23 16:00:00,4.0,true
TT05516,TR0878,2025-11-20 00:00:00,2.6,true
TT05517,TR0878,2025-11-20 04:00:00,5.6,true
TT05518,TR0878,2025-11-20 08:00:00,2.2,true
TT05519,TR0878,2025-11-20 12:00:00,6.2,true
TT05520,TR0878,2025-11-20 16:00:00,6.0,true
TT05521,TR0878,2025-11-20 20:00:00,4.7,true
TT05522,TR0878,2025-11-20 24:00:00,4.0,true
TT05523,TR0879,2025-08-12 00:00:00,7.0,true
TT05524,TR0879,2025-08-12 04:00:00,4.9,true
TT05525,TR0879,2025-08-12 08:00:00,6.4,true
TT05526,TR0879,2025-08-12 12:00:00,2.2,true
TT05527,TR0879,2025-08-12 16:00:00,4.3,true
TT05528,TR0879,2025-08-12 20:00:00,2.2,true
TT05529,TR0879,2025-08-12 24:00:00,3.6,true
TT05530,TR0879,2025-08-12 28:00:00,6.5,true
TT05531,TR0880,2025-08-10 00:00:00,3.3,true
TT05532,TR0880,2025-08-10 04:00:00,5.3,true
TT05533,TR0880,2025-08-10 08:00:00,6.1,true
TT05534,TR0880,2025-08-10 12:00:00,4.6,true
TT05535,TR0880,2025-08-10 16:00:00,3.1,true
TT05536,TR0880,2025-08-10 20:00:00,5.2,true
TT05537,TR0881,2025-11-19 00:00:00,3.8,true
TT05538,TR0881,2025-11-19 04:00:00,2.0,true
TT05539,TR0881,2025-11-19 08:00:00,6.6,true
TT05540,TR0881,2025-11-19 12:00:00,2.6,true
TT05541,TR0881,2025-11-19 16:00:00,2.7,true
TT05542,TR0881,2025-11-19 20:00:00,4.7,true
TT05543,TR0881,2025-11-19 24:00:00,2.8,true
TT05544,TR0881,2025-11-19 28:00:00,3.5,true
TT05545,TR0882,2025-10-05 00:00:00,3.1,true
TT05546,TR0882,2025-10-05 04:00:00,3.0,true
TT05547,TR0882,2025-10-05 08:00:00,4.7,true
TT05548,TR0882,2025-10-05 12:00:00,5.7,true
TT05549,TR0882,2025-10-05 16:00:00,5.0,true
TT05550,TR0882,2025-10-05 20:00:00,3.7,true
TT05551,TR0883,2025-08-10 00:00:00,6.3,true
TT05552,TR0883,2025-08-10 04:00:00,6.3,true
TT05553,TR0883,2025-08-10 08:00:00,2.1,true
TT05554,TR0883,2025-08-10 12:00:00,4.3,true
TT05555,TR0883,2025-08-10 16:00:00,4.1,true
TT05556,TR0883,2025-08-10 20:00:00,2.3,true
TT05557,TR0883,2025-08-10 24:00:00,2.6,true
TT05558,TR0884,2025-10-22 00:00:00,2.2,true
TT05559,TR0884,2025-10-22 04:00:00,2.4,true
TT05560,TR0884,2025-10-22 08:00:00,2.8,true
TT05561,TR0884,2025-10-22 12:00:00,3.8,true
TT05562,TR0884,2025-10-22 16:00:00,5.2,true
TT05563,TR0885,2025-10-23 00:00:00,4.8,true
TT05564,TR0885,2025-10-23 04:00:00,4.2,true
TT05565,TR0885,2025-10-23 08:00:00,3.9,true
TT05566,TR0885,2025-10-23 12:00:00,4.5,true
TT05567,TR0885,2025-10-23 16:00:00,6.0,true
TT05568,TR0885,2025-10-23 20:00:00,3.2,true
TT05569,TR0885,2025-10-23 24:00:00,6.3,true
TT05570,TR0885,2025-10-23 28:00:00,4.2,true
TT05571,TR0886,2025-08-20 00:00:00,3.9,true
TT05572,TR0886,2025-08-20 04:00:00,3.1,true
TT05573,TR0886,2025-08-20 08:00:00,3.3,true
TT05574,TR0886,2025-08-20 12:00:00,5.3,true
TT05575,TR0886,2025-08-20 16:00:00,3.7,true
TT05576,TR0886,2025-08-20 20:00:00,6.0,true
TT05577,TR0886,2025-08-20 24:00:00,6.3,true
TT05578,TR0887,2025-09-12 00:00:00,4.1,true
TT05579,TR0887,2025-09-12 04:00:00,3.5,true
TT05580,TR0887,2025-09-12 08:00:00,6.5,true
TT05581,TR0887,2025-09-12 12:00:00,3.9,true
TT05582,TR0887,2025-09-12 16:00:00,3.9,true
TT05583,TR0887,2025-09-12 20:00:00,4.5,true
TT05584,TR0887,2025-09-12 24:00:00,2.1,true
TT05585,TR0887,2025-09-12 28:00:00,5.5,true
TT05586,TR0888,2025-09-15 00:00:00,4.6,true
TT05587,TR0888,2025-09-15 04:00:00,5.3,true
TT05588,TR0888,2025-09-15 08:00:00,3.1,true
TT05589,TR0888,2025-09-15 12:00:00,3.7,true
TT05590,TR0888,2025-09-15 16:00:00,3.5,true
TT05591,TR0888,2025-09-15 20:00:00,6.1,true
TT05592,TR0888,2025-09-15 24:00:00,2.5,true
TT05593,TR0889,2025-09-25 00:00:00,2.1,true
TT05594,TR0889,2025-09-25 04:00:00,2.6,true
TT05595,TR0889,2025-09-25 08:00:00,4.3,true
TT05596,TR0889,2025-09-25 12:00:00,2.9,true
TT05597,TR0889,2025-09-25 16:00:00,2.4,true
TT05598,TR0889,2025-09-25 20:00:00,6.1,true
TT05599,TR0889,2025-09-25 24:00:00,5.6,true
TT05600,TR0890,2025-09-12 00:00:00,2.1,true
TT05601,TR0890,2025-09-12 04:00:00,6.3,true
TT05602,TR0890,2025-09-12 08:00:00,2.0,true
TT05603,TR0890,2025-09-12 12:00:00,3.7,true
TT05604,TR0890,2025-09-12 16:00:00,4.7,true
TT05605,TR0890,2025-09-12 20:00:00,4.8,true
TT05606,TR0890,2025-09-12 24:00:00,6.3,true
TT05607,TR0891,2025-11-19 00:00:00,4.3,true
TT05608,TR0891,2025-11-19 04:00:00,2.1,true
TT05609,TR0891,2025-11-19 08:00:00,3.9,true
TT05610,TR0891,2025-11-19 12:00:00,3.6,true
TT05611,TR0891,2025-11-19 16:00:00,6.1,true
TT05612,TR0891,2025-11-19 20:00:00,4.0,true
TT05613,TR0892,2025-11-18 00:00:00,2.4,true
TT05614,TR0892,2025-11-18 04:00:00,6.3,true
TT05615,TR0892,2025-11-18 08:00:00,5.7,true
TT05616,TR0892,2025-11-18 12:00:00,6.4,true
TT05617,TR0893,2025-07-03 00:00:00,3.9,true
TT05618,TR0893,2025-07-03 04:00:00,4.4,true
TT05619,TR0893,2025-07-03 08:00:00,6.6,true
TT05620,TR0893,2025-07-03 12:00:00,6.5,true
TT05621,TR0893,2025-07-03 16:00:00,2.9,true
TT05622,TR0894,2025-07-16 00:00:00,5.2,true
TT05623,TR0894,2025-07-16 04:00:00,6.7,true
TT05624,TR0894,2025-07-16 08:00:00,2.1,true
TT05625,TR0894,2025-07-16 12:00:00,5.7,true
TT05626,TR0894,2025-07-16 16:00:00,4.2,true
TT05627,TR0894,2025-07-16 20:00:00,6.0,true
TT05628,TR0894,2025-07-16 24:00:00,5.7,true
TT05629,TR0894,2025-07-16 28:00:00,4.2,true
TT05630,TR0895,2025-09-12 00:00:00,2.8,true
TT05631,TR0895,2025-09-12 04:00:00,6.1,true
TT05632,TR0895,2025-09-12 08:00:00,6.5,true
TT05633,TR0895,2025-09-12 12:00:00,3.7,true
TT05634,TR0895,2025-09-12 16:00:00,4.5,true
TT05635,TR0896,2025-09-01 00:00:00,2.9,true
TT05636,TR0896,2025-09-01 04:00:00,12.5,false
TT05637,TR0896,2025-09-01 08:00:00,2.1,true
TT05638,TR0896,2025-09-01 12:00:00,3.4,true
TT05639,TR0896,2025-09-01 16:00:00,12.2,false
TT05640,TR0896,2025-09-01 20:00:00,2.1,true
TT05641,TR0896,2025-09-01 24:00:00,15.0,false
TT05642,TR0897,2025-09-10 00:00:00,13.7,false
TT05643,TR0897,2025-09-10 04:00:00,11.8,false
TT05644,TR0897,2025-09-10 08:00:00,11.4,false
TT05645,TR0897,2025-09-10 12:00:00,5.7,true
TT05646,TR0897,2025-09-10 16:00:00,5.3,true
TT05647,TR0897,2025-09-10 20:00:00,5.3,true
TT05648,TR0898,2025-10-21 00:00:00,4.0,true
TT05649,TR0898,2025-10-21 04:00:00,6.3,true
TT05650,TR0898,2025-10-21 08:00:00,6.6,true
TT05651,TR0898,2025-10-21 12:00:00,4.3,true
TT05652,TR0899,2025-11-16 00:00:00,2.2,true
TT05653,TR0899,2025-11-16 04:00:00,2.7,true
TT05654,TR0899,2025-11-16 08:00:00,3.4,true
TT05655,TR0899,2025-11-16 12:00:00,5.8,true
TT05656,TR0899,2025-11-16 16:00:00,4.6,true
TT05657,TR0899,2025-11-16 20:00:00,5.6,true
TT05658,TR0899,2025-11-16 24:00:00,5.6,true
TT05659,TR0900,2025-07-03 00:00:00,2.5,true
TT05660,TR0900,2025-07-03 04:00:00,3.1,true
TT05661,TR0900,2025-07-03 08:00:00,5.5,true
TT05662,TR0900,2025-07-03 12:00:00,4.5,true
TT05663,TR0900,2025-07-03 16:00:00,4.0,true
TT05664,TR0900,2025-07-03 20:00:00,5.8,true
TT05665,TR0900,2025-07-03 24:00:00,4.5,true
TT05666,TR0901,2025-08-17 00:00:00,6.0,true
TT05667,TR0901,2025-08-17 04:00:00,5.8,true
TT05668,TR0901,2025-08-17 08:00:00,3.5,true
TT05669,TR0901,2025-08-17 12:00:00,6.3,true
TT05670,TR0901,2025-08-17 16:00:00,2.7,true
TT05671,TR0901,2025-08-17 20:00:00,5.8,true
TT05672,TR0902,2025-07-21 00:00:00,4.4,true
TT05673,TR0902,2025-07-21 04:00:00,3.2,true
TT05674,TR0902,2025-07-21 08:00:00,3.3,true
TT05675,TR0902,2025-07-21 12:00:00,2.1,true
TT05676,TR0902,2025-07-21 16:00:00,4.7,true
TT05677,TR0902,2025-07-21 20:00:00,5.2,true
TT05678,TR0902,2025-07-21 24:00:00,2.1,true
TT05679,TR0902,2025-07-21 28:00:00,3.9,true
TT05680,TR0903,2025-11-11 00:00:00,5.8,true
TT05681,TR0903,2025-11-11 04:00:00,5.8,true
TT05682,TR0903,2025-11-11 08:00:00,3.9,true
TT05683,TR0903,2025-11-11 12:00:00,4.9,true
TT05684,TR0903,2025-11-11 16:00:00,2.7,true
TT05685,TR0903,2025-11-11 20:00:00,6.8,true
TT05686,TR0903,2025-11-11 24:00:00,2.3,true
TT05687,TR0903,2025-11-11 28:00:00,2.7,true
TT05688,TR0904,2025-10-19 00:00:00,3.5,true
TT05689,TR0904,2025-10-19 04:00:00,4.8,true
TT05690,TR0904,2025-10-19 08:00:00,6.3,true
TT05691,TR0904,2025-10-19 12:00:00,3.8,true
TT05692,TR0904,2025-10-19 16:00:00,3.4,true
TT05693,TR0905,2025-11-25 00:00:00,3.7,true
TT05694,TR0905,2025-11-25 04:00:00,6.2,true
TT05695,TR0905,2025-11-25 08:00:00,2.1,true
TT05696,TR0905,2025-11-25 12:00:00,5.2,true
TT05697,TR0905,2025-11-25 16:00:00,5.4,true
TT05698,TR0905,2025-11-25 20:00:00,6.1,true
TT05699,TR0905,2025-11-25 24:00:00,4.8,true
TT05700,TR0905,2025-11-25 28:00:00,3.7,true
TT05701,TR0906,2025-09-25 00:00:00,4.9,true
TT05702,TR0906,2025-09-25 04:00:00,5.7,true
TT05703,TR0906,2025-09-25 08:00:00,5.0,true
TT05704,TR0906,2025-09-25 12:00:00,4.0,true
TT05705,TR0906,2025-09-25 16:00:00,6.6,true
TT05706,TR0906,2025-09-25 20:00:00,6.3,true
TT05707,TR0906,2025-09-25 24:00:00,6.6,true
TT05708,TR0906,2025-09-25 28:00:00,4.6,true
TT05709,TR0907,2025-11-02 00:00:00,6.4,true
TT05710,TR0907,2025-11-02 04:00:00,6.3,true
TT05711,TR0907,2025-11-02 08:00:00,5.1,true
TT05712,TR0907,2025-11-02 12:00:00,6.6,true
TT05713,TR0908,2025-07-08 00:00:00,6.3,true
TT05714,TR0908,2025-07-08 04:00:00,2.2,true
TT05715,TR0908,2025-07-08 08:00:00,2.4,true
TT05716,TR0908,2025-07-08 12:00:00,3.5,true
TT05717,TR0909,2025-09-25 00:00:00,7.0,true
TT05718,TR0909,2025-09-25 04:00:00,2.2,true
TT05719,TR0909,2025-09-25 08:00:00,5.7,true
TT05720,TR0909,2025-09-25 12:00:00,5.9,true
TT05721,TR0909,2025-09-25 16:00:00,3.9,true
TT05722,TR0909,2025-09-25 20:00:00,3.6,true
TT05723,TR0910,2025-07-12 00:00:00,4.1,true
TT05724,TR0910,2025-07-12 04:00:00,2.6,true
TT05725,TR0910,2025-07-12 08:00:00,4.6,true
TT05726,TR0910,2025-07-12 12:00:00,3.0,true
TT05727,TR0910,2025-07-12 16:00:00,2.4,true
TT05728,TR0911,2025-09-20 00:00:00,3.2,true
TT05729,TR0911,2025-09-20 04:00:00,2.4,true
TT05730,TR0911,2025-09-20 08:00:00,5.7,true
TT05731,TR0911,2025-09-20 12:00:00,5.7,true
TT05732,TR0911,2025-09-20 16:00:00,6.6,true
TT05733,TR0912,2025-09-11 00:00:00,6.1,true
TT05734,TR0912,2025-09-11 04:00:00,6.9,true
TT05735,TR0912,2025-09-11 08:00:00,4.6,true
TT05736,TR0912,2025-09-11 12:00:00,4.0,true
TT05737,TR0912,2025-09-11 16:00:00,4.9,true
TT05738,TR0912,2025-09-11 20:00:00,2.8,true
TT05739,TR0913,2025-11-01 00:00:00,5.5,true
TT05740,TR0913,2025-11-01 04:00:00,6.5,true
TT05741,TR0913,2025-11-01 08:00:00,6.6,true
TT05742,TR0913,2025-11-01 12:00:00,6.1,true
TT05743,TR0913,2025-11-01 16:00:00,3.7,true
TT05744,TR0913,2025-11-01 20:00:00,2.1,true
TT05745,TR0914,2025-09-08 00:00:00,5.2,true
TT05746,TR0914,2025-09-08 04:00:00,5.6,true
TT05747,TR0914,2025-09-08 08:00:00,3.5,true
TT05748,TR0914,2025-09-08 12:00:00,5.7,true
TT05749,TR0914,2025-09-08 16:00:00,5.5,true
TT05750,TR0914,2025-09-08 20:00:00,2.2,true
TT05751,TR0914,2025-09-08 24:00:00,5.2,true
TT05752,TR0914,2025-09-08 28:00:00,6.8,true
TT05753,TR0915,2025-08-06 00:00:00,5.0,true
TT05754,TR0915,2025-08-06 04:00:00,5.6,true
TT05755,TR0915,2025-08-06 08:00:00,2.7,true
TT05756,TR0915,2025-08-06 12:00:00,2.5,true
TT05757,TR0915,2025-08-06 16:00:00,5.1,true
TT05758,TR0916,2025-09-24 00:00:00,2.3,true
TT05759,TR0916,2025-09-24 04:00:00,3.0,true
TT05760,TR0916,2025-09-24 08:00:00,6.3,true
TT05761,TR0916,2025-09-24 12:00:00,4.6,true
TT05762,TR0916,2025-09-24 16:00:00,4.2,true
TT05763,TR0916,2025-09-24 20:00:00,2.8,true
TT05764,TR0916,2025-09-24 24:00:00,4.2,true
TT05765,TR0917,2025-11-10 00:00:00,4.6,true
TT05766,TR0917,2025-11-10 04:00:00,3.2,true
TT05767,TR0917,2025-11-10 08:00:00,5.0,true
TT05768,TR0917,2025-11-10 12:00:00,2.9,true
TT05769,TR0917,2025-11-10 16:00:00,4.9,true
TT05770,TR0918,2025-10-20 00:00:00,3.9,true
TT05771,TR0918,2025-10-20 04:00:00,2.7,true
TT05772,TR0918,2025-10-20 08:00:00,2.5,true
TT05773,TR0918,2025-10-20 12:00:00,3.9,true
TT05774,TR0918,2025-10-20 16:00:00,2.7,true
TT05775,TR0918,2025-10-20 20:00:00,2.7,true
TT05776,TR0919,2025-09-11 00:00:00,6.6,true
TT05777,TR0919,2025-09-11 04:00:00,6.3,true
TT05778,TR0919,2025-09-11 08:00:00,6.2,true
TT05779,TR0919,2025-09-11 12:00:00,6.1,true
TT05780,TR0919,2025-09-11 16:00:00,3.2,true
TT05781,TR0919,2025-09-11 20:00:00,5.5,true
TT05782,TR0919,2025-09-11 24:00:00,2.3,true
TT05783,TR0919,2025-09-11 28:00:00,3.1,true
TT05784,TR0920,2025-09-03 00:00:00,6.2,true
TT05785,TR0920,2025-09-03 04:00:00,2.7,true
TT05786,TR0920,2025-09-03 08:00:00,5.1,true
TT05787,TR0920,2025-09-03 12:00:00,2.4,true
TT05788,TR0920,2025-09-03 16:00:00,5.7,true
TT05789,TR0920,2025-09-03 20:00:00,6.6,true
TT05790,TR0921,2025-09-23 00:00:00,5.5,true
TT05791,TR0921,2025-09-23 04:00:00,3.0,true
TT05792,TR0921,2025-09-23 08:00:00,2.8,true
TT05793,TR0921,2025-09-23 12:00:00,6.1,true
TT05794,TR0921,2025-09-23 16:00:00,2.0,true
TT05795,TR0921,2025-09-23 20:00:00,4.7,true
TT05796,TR0922,2025-11-01 00:00:00,4.6,true
TT05797,TR0922,2025-11-01 04:00:00,5.4,true
TT05798,TR0922,2025-11-01 08:00:00,5.2,true
TT05799,TR0922,2025-11-01 12:00:00,4.9,true
TT05800,TR0922,2025-11-01 16:00:00,6.8,true
TT05801,TR0922,2025-11-01 20:00:00,5.9,true
TT05802,TR0923,2025-11-15 00:00:00,6.5,true
TT05803,TR0923,2025-11-15 04:00:00,2.1,true
TT05804,TR0923,2025-11-15 08:00:00,6.9,true
TT05805,TR0923,2025-11-15 12:00:00,4.7,true
TT05806,TR0923,2025-11-15 16:00:00,6.7,true
TT05807,TR0923,2025-11-15 20:00:00,4.4,true
TT05808,TR0924,2025-11-19 00:00:00,6.2,true
TT05809,TR0924,2025-11-19 04:00:00,2.9,true
TT05810,TR0924,2025-11-19 08:00:00,6.3,true
TT05811,TR0924,2025-11-19 12:00:00,6.5,true
TT05812,TR0924,2025-11-19 16:00:00,2.9,true
TT05813,TR0924,2025-11-19 20:00:00,4.6,true
TT05814,TR0925,2025-07-15 00:00:00,6.2,true
TT05815,TR0925,2025-07-15 04:00:00,3.0,true
TT05816,TR0925,2025-07-15 08:00:00,3.8,true
TT05817,TR0925,2025-07-15 12:00:00,3.9,true
TT05818,TR0925,2025-07-15 16:00:00,3.6,true
TT05819,TR0925,2025-07-15 20:00:00,3.0,true
TT05820,TR0926,2025-10-25 00:00:00,6.4,true
TT05821,TR0926,2025-10-25 04:00:00,2.3,true
TT05822,TR0926,2025-10-25 08:00:00,3.1,true
TT05823,TR0926,2025-10-25 12:00:00,6.9,true
TT05824,TR0926,2025-10-25 16:00:00,5.9,true
TT05825,TR0927,2025-11-04 00:00:00,2.7,true
TT05826,TR0927,2025-11-04 04:00:00,5.9,true
TT05827,TR0927,2025-11-04 08:00:00,5.6,true
TT05828,TR0927,2025-11-04 12:00:00,5.7,true
TT05829,TR0927,2025-11-04 16:00:00,5.8,true
TT05830,TR0928,2025-07-19 00:00:00,5.8,true
TT05831,TR0928,2025-07-19 04:00:00,3.3,true
TT05832,TR0928,2025-07-19 08:00:00,5.7,true
TT05833,TR0928,2025-07-19 12:00:00,3.7,true
TT05834,TR0928,2025-07-19 16:00:00,5.9,true
TT05835,TR0928,2025-07-19 20:00:00,3.6,true
TT05836,TR0928,2025-07-19 24:00:00,4.5,true
TT05837,TR0928,2025-07-19 28:00:00,6.5,true
TT05838,TR0929,2025-11-09 00:00:00,3.1,true
TT05839,TR0929,2025-11-09 04:00:00,3.2,true
TT05840,TR0929,2025-11-09 08:00:00,3.5,true
TT05841,TR0929,2025-11-09 12:00:00,6.3,true
TT05842,TR0929,2025-11-09 16:00:00,2.1,true
TT05843,TR0929,2025-11-09 20:00:00,5.2,true
TT05844,TR0929,2025-11-09 24:00:00,6.5,true
TT05845,TR0930,2025-08-05 00:00:00,5.7,true
TT05846,TR0930,2025-08-05 04:00:00,3.6,true
TT05847,TR0930,2025-08-05 08:00:00,6.4,true
TT05848,TR0930,2025-08-05 12:00:00,5.1,true
TT05849,TR0930,2025-08-05 16:00:00,3.3,true
TT05850,TR0930,2025-08-05 20:00:00,4.8,true
TT05851,TR0930,2025-08-05 24:00:00,4.7,true
TT05852,TR0931,2025-11-19 00:00:00,6.6,true
TT05853,TR0931,2025-11-19 04:00:00,4.1,true
TT05854,TR0931,2025-11-19 08:00:00,6.7,true
TT05855,TR0931,2025-11-19 12:00:00,6.8,true
TT05856,TR0931,2025-11-19 16:00:00,2.6,true
TT05857,TR0931,2025-11-19 20:00:00,6.8,true
TT05858,TR0931,2025-11-19 24:00:00,3.0,true
TT05859,TR0932,2025-07-22 00:00:00,2.6,true
TT05860,TR0932,2025-07-22 04:00:00,6.9,true
TT05861,TR0932,2025-07-22 08:00:00,5.4,true
TT05862,TR0932,2025-07-22 12:00:00,3.9,true
TT05863,TR0932,2025-07-22 16:00:00,5.9,true
TT05864,TR0933,2025-07-09 00:00:00,4.4,true
TT05865,TR0933,2025-07-09 04:00:00,6.1,true
TT05866,TR0933,2025-07-09 08:00:00,2.1,true
TT05867,TR0933,2025-07-09 12:00:00,5.9,true
TT05868,TR0933,2025-07-09 16:00:00,6.5,true
TT05869,TR0934,2025-11-24 00:00:00,2.3,true
TT05870,TR0934,2025-11-24 04:00:00,5.9,true
TT05871,TR0934,2025-11-24 08:00:00,4.3,true
TT05872,TR0934,2025-11-24 12:00:00,7.0,true
TT05873,TR0934,2025-11-24 16:00:00,6.4,true
TT05874,TR0934,2025-11-24 20:00:00,3.7,true
TT05875,TR0935,2025-07-07 00:00:00,6.9,true
TT05876,TR0935,2025-07-07 04:00:00,4.6,true
TT05877,TR0935,2025-07-07 08:00:00,2.4,true
TT05878,TR0935,2025-07-07 12:00:00,2.2,true
TT05879,TR0936,2025-07-02 00:00:00,4.8,true
TT05880,TR0936,2025-07-02 04:00:00,6.2,true
TT05881,TR0936,2025-07-02 08:00:00,4.2,true
TT05882,TR0936,2025-07-02 12:00:00,2.1,true
TT05883,TR0936,2025-07-02 16:00:00,2.4,true
TT05884,TR0936,2025-07-02 20:00:00,6.5,true
TT05885,TR0937,2025-07-23 00:00:00,5.9,true
TT05886,TR0937,2025-07-23 04:00:00,5.2,true
TT05887,TR0937,2025-07-23 08:00:00,4.8,true
TT05888,TR0937,2025-07-23 12:00:00,3.0,true
TT05889,TR0937,2025-07-23 16:00:00,4.9,true
TT05890,TR0937,2025-07-23 20:00:00,2.3,true
TT05891,TR0938,2025-11-22 00:00:00,2.1,true
TT05892,TR0938,2025-11-22 04:00:00,2.3,true
TT05893,TR0938,2025-11-22 08:00:00,3.8,true
TT05894,TR0938,2025-11-22 12:00:00,2.2,true
TT05895,TR0938,2025-11-22 16:00:00,3.6,true
TT05896,TR0939,2025-08-10 00:00:00,4.4,true
TT05897,TR0939,2025-08-10 04:00:00,4.8,true
TT05898,TR0939,2025-08-10 08:00:00,4.9,true
TT05899,TR0939,2025-08-10 12:00:00,2.1,true
TT05900,TR0939,2025-08-10 16:00:00,6.4,true
TT05901,TR0939,2025-08-10 20:00:00,3.5,true
TT05902,TR0940,2025-08-22 00:00:00,5.7,true
TT05903,TR0940,2025-08-22 04:00:00,2.2,true
TT05904,TR0940,2025-08-22 08:00:00,5.0,true
TT05905,TR0940,2025-08-22 12:00:00,2.6,true
TT05906,TR0940,2025-08-22 16:00:00,6.7,true
TT05907,TR0940,2025-08-22 20:00:00,2.7,true
TT05908,TR0940,2025-08-22 24:00:00,5.4,true
TT05909,TR0940,2025-08-22 28:00:00,2.8,true
TT05910,TR0941,2025-08-16 00:00:00,5.0,true
TT05911,TR0941,2025-08-16 04:00:00,5.1,true
TT05912,TR0941,2025-08-16 08:00:00,4.2,true
TT05913,TR0941,2025-08-16 12:00:00,4.4,true
TT05914,TR0941,2025-08-16 16:00:00,6.2,true
TT05915,TR0942,2025-08-03 00:00:00,2.9,true
TT05916,TR0942,2025-08-03 04:00:00,6.1,true
TT05917,TR0942,2025-08-03 08:00:00,3.7,true
TT05918,TR0942,2025-08-03 12:00:00,6.8,true
TT05919,TR0942,2025-08-03 16:00:00,2.4,true
TT05920,TR0942,2025-08-03 20:00:00,3.8,true
TT05921,TR0943,2025-08-11 00:00:00,2.6,true
TT05922,TR0943,2025-08-11 04:00:00,2.5,true
TT05923,TR0943,2025-08-11 08:00:00,4.6,true
TT05924,TR0943,2025-08-11 12:00:00,2.6,true
TT05925,TR0943,2025-08-11 16:00:00,5.8,true
TT05926,TR0943,2025-08-11 20:00:00,6.3,true
TT05927,TR0943,2025-08-11 24:00:00,6.4,true
TT05928,TR0944,2025-09-20 00:00:00,3.5,true
TT05929,TR0944,2025-09-20 04:00:00,4.6,true
TT05930,TR0944,2025-09-20 08:00:00,5.2,true
TT05931,TR0944,2025-09-20 12:00:00,2.8,true
TT05932,TR0944,2025-09-20 16:00:00,5.8,true
TT05933,TR0944,2025-09-20 20:00:00,5.0,true
TT05934,TR0944,2025-09-20 24:00:00,5.2,true
TT05935,TR0944,2025-09-20 28:00:00,4.6,true
TT05936,TR0945,2025-10-17 00:00:00,5.7,true
TT05937,TR0945,2025-10-17 04:00:00,2.0,true
TT05938,TR0945,2025-10-17 08:00:00,5.1,true
TT05939,TR0945,2025-10-17 12:00:00,3.2,true
TT05940,TR0945,2025-10-17 16:00:00,5.0,true
TT05941,TR0945,2025-10-17 20:00:00,6.4,true
TT05942,TR0945,2025-10-17 24:00:00,4.5,true
TT05943,TR0945,2025-10-17 28:00:00,4.1,true
TT05944,TR0946,2025-11-06 00:00:00,4.2,true
TT05945,TR0946,2025-11-06 04:00:00,3.2,true
TT05946,TR0946,2025-11-06 08:00:00,6.6,true
TT05947,TR0946,2025-11-06 12:00:00,3.6,true
TT05948,TR0946,2025-11-06 16:00:00,2.3,true
TT05949,TR0946,2025-11-06 20:00:00,6.0,true
TT05950,TR0946,2025-11-06 24:00:00,4.6,true
TT05951,TR0946,2025-11-06 28:00:00,2.6,true
TT05952,TR0947,2025-09-09 00:00:00,4.0,true
TT05953,TR0947,2025-09-09 04:00:00,2.1,true
TT05954,TR0947,2025-09-09 08:00:00,5.3,true
TT05955,TR0947,2025-09-09 12:00:00,5.8,true
TT05956,TR0947,2025-09-09 16:00:00,5.4,true
TT05957,TR0947,2025-09-09 20:00:00,6.1,true
TT05958,TR0947,2025-09-09 24:00:00,4.2,true
TT05959,TR0947,2025-09-09 28:00:00,3.3,true
TT05960,TR0948,2025-08-03 00:00:00,6.6,true
TT05961,TR0948,2025-08-03 04:00:00,4.1,true
TT05962,TR0948,2025-08-03 08:00:00,3.1,true
TT05963,TR0948,2025-08-03 12:00:00,4.3,true
TT05964,TR0948,2025-08-03 16:00:00,5.9,true
TT05965,TR0948,2025-08-03 20:00:00,6.6,true
TT05966,TR0949,2025-11-15 00:00:00,4.9,true
TT05967,TR0949,2025-11-15 04:00:00,6.9,true
TT05968,TR0949,2025-11-15 08:00:00,6.8,true
TT05969,TR0949,2025-11-15 12:00:00,2.2,true
TT05970,TR0949,2025-11-15 16:00:00,6.6,true
TT05971,TR0949,2025-11-15 20:00:00,4.5,true
TT05972,TR0949,2025-11-15 24:00:00,4.3,true
TT05973,TR0949,2025-11-15 28:00:00,4.8,true
TT05974,TR0950,2025-10-14 00:00:00,3.5,true
TT05975,TR0950,2025-10-14 04:00:00,5.6,true
TT05976,TR0950,2025-10-14 08:00:00,6.2,true
TT05977,TR0950,2025-10-14 12:00:00,4.6,true
TT05978,TR0950,2025-10-14 16:00:00,3.9,true
TT05979,TR0950,2025-10-14 20:00:00,5.4,true
TT05980,TR0951,2025-07-25 00:00:00,3.9,true
TT05981,TR0951,2025-07-25 04:00:00,3.7,true
TT05982,TR0951,2025-07-25 08:00:00,2.3,true
TT05983,TR0951,2025-07-25 12:00:00,2.8,true
TT05984,TR0951,2025-07-25 16:00:00,3.8,true
TT05985,TR0951,2025-07-25 20:00:00,5.8,true
TT05986,TR0951,2025-07-25 24:00:00,4.5,true
TT05987,TR0951,2025-07-25 28:00:00,3.7,true
TT05988,TR0952,2025-08-12 00:00:00,3.9,true
TT05989,TR0952,2025-08-12 04:00:00,5.9,true
TT05990,TR0952,2025-08-12 08:00:00,5.3,true
TT05991,TR0952,2025-08-12 12:00:00,4.0,true
TT05992,TR0952,2025-08-12 16:00:00,3.4,true
TT05993,TR0952,2025-08-12 20:00:00,5.4,true
TT05994,TR0953,2025-07-06 00:00:00,4.9,true
TT05995,TR0953,2025-07-06 04:00:00,4.8,true
TT05996,TR0953,2025-07-06 08:00:00,5.7,true
TT05997,TR0953,2025-07-06 12:00:00,4.2,true
TT05998,TR0953,2025-07-06 16:00:00,2.8,true
TT05999,TR0953,2025-07-06 20:00:00,3.4,true
TT06000,TR0953,2025-07-06 24:00:00,2.5,true
TT06001,TR0954,2025-09-18 00:00:00,6.4,true
TT06002,TR0954,2025-09-18 04:00:00,2.2,true
TT06003,TR0954,2025-09-18 08:00:00,3.9,true
TT06004,TR0954,2025-09-18 12:00:00,2.1,true
TT06005,TR0954,2025-09-18 16:00:00,6.9,true
TT06006,TR0954,2025-09-18 20:00:00,3.4,true
TT06007,TR0954,2025-09-18 24:00:00,4.8,true
TT06008,TR0955,2025-10-22 00:00:00,3.8,true
TT06009,TR0955,2025-10-22 04:00:00,6.4,true
TT06010,TR0955,2025-10-22 08:00:00,4.5,true
TT06011,TR0955,2025-10-22 12:00:00,2.8,true
TT06012,TR0955,2025-10-22 16:00:00,2.0,true
TT06013,TR0955,2025-10-22 20:00:00,4.9,true
TT06014,TR0955,2025-10-22 24:00:00,2.9,true
TT06015,TR0956,2025-07-25 00:00:00,5.8,true
TT06016,TR0956,2025-07-25 04:00:00,6.4,true
TT06017,TR0956,2025-07-25 08:00:00,3.9,true
TT06018,TR0956,2025-07-25 12:00:00,2.8,true
TT06019,TR0956,2025-07-25 16:00:00,3.2,true
TT06020,TR0956,2025-07-25 20:00:00,5.4,true
TT06021,TR0956,2025-07-25 24:00:00,2.0,true
TT06022,TR0956,2025-07-25 28:00:00,4.1,true
TT06023,TR0957,2025-07-05 00:00:00,6.7,true
TT06024,TR0957,2025-07-05 04:00:00,4.7,true
TT06025,TR0957,2025-07-05 08:00:00,4.1,true
TT06026,TR0957,2025-07-05 12:00:00,6.8,true
TT06027,TR0957,2025-07-05 16:00:00,6.6,true
TT06028,TR0957,2025-07-05 20:00:00,5.7,true
TT06029,TR0957,2025-07-05 24:00:00,5.5,true
TT06030,TR0958,2025-07-18 00:00:00,2.7,true
TT06031,TR0958,2025-07-18 04:00:00,2.5,true
TT06032,TR0958,2025-07-18 08:00:00,4.4,true
TT06033,TR0958,2025-07-18 12:00:00,5.6,true
TT06034,TR0958,2025-07-18 16:00:00,6.7,true
TT06035,TR0958,2025-07-18 20:00:00,6.1,true
TT06036,TR0959,2025-11-02 00:00:00,3.5,true
TT06037,TR0959,2025-11-02 04:00:00,4.3,true
TT06038,TR0959,2025-11-02 08:00:00,3.5,true
TT06039,TR0959,2025-11-02 12:00:00,5.5,true
TT06040,TR0959,2025-11-02 16:00:00,6.2,true
TT06041,TR0959,2025-11-02 20:00:00,6.8,true
TT06042,TR0959,2025-11-02 24:00:00,6.0,true
TT06043,TR0959,2025-11-02 28:00:00,4.5,true
TT06044,TR0960,2025-09-14 00:00:00,2.1,true
TT06045,TR0960,2025-09-14 04:00:00,4.3,true
TT06046,TR0960,2025-09-14 08:00:00,4.2,true
TT06047,TR0960,2025-09-14 12:00:00,6.5,true
TT06048,TR0960,2025-09-14 16:00:00,3.5,true
TT06049,TR0960,2025-09-14 20:00:00,6.4,true
TT06050,TR0961,2025-10-03 00:00:00,6.9,true
TT06051,TR0961,2025-10-03 04:00:00,3.7,true
TT06052,TR0961,2025-10-03 08:00:00,3.3,true
TT06053,TR0961,2025-10-03 12:00:00,4.3,true
TT06054,TR0961,2025-10-03 16:00:00,4.1,true
TT06055,TR0961,2025-10-03 20:00:00,3.2,true
TT06056,TR0961,2025-10-03 24:00:00,3.8,true
TT06057,TR0961,2025-10-03 28:00:00,5.3,true
TT06058,TR0962,2025-09-11 00:00:00,3.6,true
TT06059,TR0962,2025-09-11 04:00:00,2.4,true
TT06060,TR0962,2025-09-11 08:00:00,4.7,true
TT06061,TR0962,2025-09-11 12:00:00,6.4,true
TT06062,TR0962,2025-09-11 16:00:00,3.6,true
TT06063,TR0962,2025-09-11 20:00:00,3.3,true
TT06064,TR0963,2025-09-13 00:00:00,3.6,true
TT06065,TR0963,2025-09-13 04:00:00,4.2,true
TT06066,TR0963,2025-09-13 08:00:00,6.1,true
TT06067,TR0963,2025-09-13 12:00:00,5.8,true
TT06068,TR0963,2025-09-13 16:00:00,4.1,true
TT06069,TR0963,2025-09-13 20:00:00,4.4,true
TT06070,TR0963,2025-09-13 24:00:00,2.1,true
TT06071,TR0963,2025-09-13 28:00:00,6.3,true
TT06072,TR0964,2025-11-23 00:00:00,6.1,true
TT06073,TR0964,2025-11-23 04:00:00,4.7,true
TT06074,TR0964,2025-11-23 08:00:00,6.9,true
TT06075,TR0964,2025-11-23 12:00:00,6.9,true
TT06076,TR0964,2025-11-23 16:00:00,4.1,true
TT06077,TR0964,2025-11-23 20:00:00,6.3,true
TT06078,TR0964,2025-11-23 24:00:00,4.6,true
TT06079,TR0964,2025-11-23 28:00:00,5.0,true
TT06080,TR0965,2025-10-05 00:00:00,6.7,true
TT06081,TR0965,2025-10-05 04:00:00,3.6,true
TT06082,TR0965,2025-10-05 08:00:00,4.6,true
TT06083,TR0965,2025-10-05 12:00:00,5.5,true
TT06084,TR0965,2025-10-05 16:00:00,4.2,true
TT06085,TR0965,2025-10-05 20:00:00,4.8,true
TT06086,TR0965,2025-10-05 24:00:00,4.5,true
TT06087,TR0965,2025-10-05 28:00:00,6.4,true
TT06088,TR0966,2025-08-09 00:00:00,2.5,true
TT06089,TR0966,2025-08-09 04:00:00,4.7,true
TT06090,TR0966,2025-08-09 08:00:00,4.9,true
TT06091,TR0966,2025-08-09 12:00:00,3.2,true
TT06092,TR0966,2025-08-09 16:00:00,4.8,true
TT06093,TR0967,2025-08-14 00:00:00,4.6,true
TT06094,TR0967,2025-08-14 04:00:00,2.7,true
TT06095,TR0967,2025-08-14 08:00:00,2.6,true
TT06096,TR0967,2025-08-14 12:00:00,3.6,true
TT06097,TR0967,2025-08-14 16:00:00,3.0,true
TT06098,TR0968,2025-09-13 00:00:00,6.6,true
TT06099,TR0968,2025-09-13 04:00:00,6.8,true
TT06100,TR0968,2025-09-13 08:00:00,3.0,true
TT06101,TR0968,2025-09-13 12:00:00,14.7,false
TT06102,TR0968,2025-09-13 16:00:00,6.4,true
TT06103,TR0968,2025-09-13 20:00:00,13.6,false
TT06104,TR0969,2025-09-01 00:00:00,6.0,true
TT06105,TR0969,2025-09-01 04:00:00,2.9,true
TT06106,TR0969,2025-09-01 08:00:00,6.4,true
TT06107,TR0969,2025-09-01 12:00:00,2.1,true
TT06108,TR0969,2025-09-01 16:00:00,3.2,true
TT06109,TR0969,2025-09-01 20:00:00,6.2,true
TT06110,TR0969,2025-09-01 24:00:00,3.9,true
TT06111,TR0970,2025-11-13 00:00:00,6.7,true
TT06112,TR0970,2025-11-13 04:00:00,4.0,true
TT06113,TR0970,2025-11-13 08:00:00,5.2,true
TT06114,TR0970,2025-11-13 12:00:00,3.8,true
TT06115,TR0970,2025-11-13 16:00:00,4.2,true
TT06116,TR0970,2025-11-13 20:00:00,3.4,true
TT06117,TR0970,2025-11-13 24:00:00,6.3,true
TT06118,TR0971,2025-09-11 00:00:00,6.5,true
TT06119,TR0971,2025-09-11 04:00:00,2.5,true
TT06120,TR0971,2025-09-11 08:00:00,6.1,true
TT06121,TR0971,2025-09-11 12:00:00,3.8,true
TT06122,TR0971,2025-09-11 16:00:00,6.6,true
TT06123,TR0971,2025-09-11 20:00:00,6.1,true
TT06124,TR0971,2025-09-11 24:00:00,4.8,true
TT06125,TR0972,2025-11-04 00:00:00,3.6,true
TT06126,TR0972,2025-11-04 04:00:00,3.6,true
TT06127,TR0972,2025-11-04 08:00:00,2.3,true
TT06128,TR0972,2025-11-04 12:00:00,3.7,true
TT06129,TR0972,2025-11-04 16:00:00,6.2,true
TT06130,TR0973,2025-09-12 00:00:00,6.6,true
TT06131,TR0973,2025-09-12 04:00:00,6.8,true
TT06132,TR0973,2025-09-12 08:00:00,4.6,true
TT06133,TR0973,2025-09-12 12:00:00,6.4,true
TT06134,TR0973,2025-09-12 16:00:00,7.0,true
TT06135,TR0973,2025-09-12 20:00:00,4.1,true
TT06136,TR0974,2025-07-17 00:00:00,4.0,true
TT06137,TR0974,2025-07-17 04:00:00,4.1,true
TT06138,TR0974,2025-07-17 08:00:00,2.7,true
TT06139,TR0974,2025-07-17 12:00:00,4.3,true
TT06140,TR0974,2025-07-17 16:00:00,5.8,true
TT06141,TR0975,2025-09-21 00:00:00,2.4,true
TT06142,TR0975,2025-09-21 04:00:00,3.5,true
TT06143,TR0975,2025-09-21 08:00:00,3.7,true
TT06144,TR0975,2025-09-21 12:00:00,6.6,true
TT06145,TR0975,2025-09-21 16:00:00,3.5,true
TT06146,TR0975,2025-09-21 20:00:00,2.4,true
TT06147,TR0976,2025-09-09 00:00:00,5.6,true
TT06148,TR0976,2025-09-09 04:00:00,5.4,true
TT06149,TR0976,2025-09-09 08:00:00,5.0,true
TT06150,TR0976,2025-09-09 12:00:00,4.6,true
TT06151,TR0976,2025-09-09 16:00:00,2.2,true
TT06152,TR0976,2025-09-09 20:00:00,6.2,true
TT06153,TR0976,2025-09-09 24:00:00,4.8,true
TT06154,TR0976,2025-09-09 28:00:00,2.7,true
TT06155,TR0977,2025-11-25 00:00:00,3.2,true
TT06156,TR0977,2025-11-25 04:00:00,2.9,true
TT06157,TR0977,2025-11-25 08:00:00,4.4,true
TT06158,TR0977,2025-11-25 12:00:00,6.4,true
TT06159,TR0977,2025-11-25 16:00:00,4.2,true
TT06160,TR0978,2025-11-15 00:00:00,4.3,true
TT06161,TR0978,2025-11-15 04:00:00,6.6,true
TT06162,TR0978,2025-11-15 08:00:00,3.2,true
TT06163,TR0978,2025-11-15 12:00:00,2.2,true
TT06164,TR0978,2025-11-15 16:00:00,6.3,true
TT06165,TR0978,2025-11-15 20:00:00,6.6,true
TT06166,TR0979,2025-11-23 00:00:00,4.0,true
TT06167,TR0979,2025-11-23 04:00:00,2.5,true
TT06168,TR0979,2025-11-23 08:00:00,4.1,true
TT06169,TR0979,2025-11-23 12:00:00,2.1,true
TT06170,TR0979,2025-11-23 16:00:00,2.1,true
TT06171,TR0980,2025-10-07 00:00:00,5.5,true
TT06172,TR0980,2025-10-07 04:00:00,2.6,true
TT06173,TR0980,2025-10-07 08:00:00,2.3,true
TT06174,TR0980,2025-10-07 12:00:00,7.0,true
TT06175,TR0981,2025-07-08 00:00:00,3.5,true
TT06176,TR0981,2025-07-08 04:00:00,6.6,true
TT06177,TR0981,2025-07-08 08:00:00,6.0,true
TT06178,TR0981,2025-07-08 12:00:00,4.7,true
TT06179,TR0981,2025-07-08 16:00:00,2.4,true
TT06180,TR0982,2025-08-02 00:00:00,5.1,true
TT06181,TR0982,2025-08-02 04:00:00,6.9,true
TT06182,TR0982,2025-08-02 08:00:00,2.7,true
TT06183,TR0982,2025-08-02 12:00:00,2.8,true
TT06184,TR0982,2025-08-02 16:00:00,2.2,true
TT06185,TR0982,2025-08-02 20:00:00,4.6,true
TT06186,TR0983,2025-08-03 00:00:00,5.1,true
TT06187,TR0983,2025-08-03 04:00:00,3.8,true
TT06188,TR0983,2025-08-03 08:00:00,2.8,true
TT06189,TR0983,2025-08-03 12:00:00,2.0,true
TT06190,TR0983,2025-08-03 16:00:00,4.2,true
TT06191,TR0983,2025-08-03 20:00:00,3.4,true
TT06192,TR0984,2025-09-22 00:00:00,2.5,true
TT06193,TR0984,2025-09-22 04:00:00,4.0,true
TT06194,TR0984,2025-09-22 08:00:00,4.2,true
TT06195,TR0984,2025-09-22 12:00:00,5.6,true
TT06196,TR0984,2025-09-22 16:00:00,5.6,true
TT06197,TR0984,2025-09-22 20:00:00,5.2,true
TT06198,TR0985,2025-11-24 00:00:00,6.2,true
TT06199,TR0985,2025-11-24 04:00:00,3.8,true
TT06200,TR0985,2025-11-24 08:00:00,2.4,true
TT06201,TR0985,2025-11-24 12:00:00,3.1,true
TT06202,TR0985,2025-11-24 16:00:00,6.4,true
TT06203,TR0985,2025-11-24 20:00:00,3.2,true
TT06204,TR0985,2025-11-24 24:00:00,6.4,true
TT06205,TR0986,2025-11-03 00:00:00,6.3,true
TT06206,TR0986,2025-11-03 04:00:00,6.5,true
TT06207,TR0986,2025-11-03 08:00:00,4.7,true
TT06208,TR0986,2025-11-03 12:00:00,3.7,true
TT06209,TR0986,2025-11-03 16:00:00,5.2,true
TT06210,TR0986,2025-11-03 20:00:00,5.0,true
TT06211,TR0986,2025-11-03 24:00:00,2.5,true
TT06212,TR0987,2025-09-07 00:00:00,3.9,true
TT06213,TR0987,2025-09-07 04:00:00,5.8,true
TT06214,TR0987,2025-09-07 08:00:00,5.2,true
TT06215,TR0987,2025-09-07 12:00:00,2.5,true
TT06216,TR0987,2025-09-07 16:00:00,3.6,true
TT06217,TR0987,2025-09-07 20:00:00,5.5,true
TT06218,TR0987,2025-09-07 24:00:00,5.2,true
TT06219,TR0988,2025-09-05 00:00:00,3.9,true
TT06220,TR0988,2025-09-05 04:00:00,4.5,true
TT06221,TR0988,2025-09-05 08:00:00,6.4,true
TT06222,TR0988,2025-09-05 12:00:00,4.4,true
TT06223,TR0988,2025-09-05 16:00:00,2.9,true
TT06224,TR0988,2025-09-05 20:00:00,6.6,true
TT06225,TR0988,2025-09-05 24:00:00,3.7,true
TT06226,TR0989,2025-10-08 00:00:00,5.0,true
TT06227,TR0989,2025-10-08 04:00:00,6.2,true
TT06228,TR0989,2025-10-08 08:00:00,5.2,true
TT06229,TR0989,2025-10-08 12:00:00,4.1,true
TT06230,TR0989,2025-10-08 16:00:00,4.0,true
TT06231,TR0989,2025-10-08 20:00:00,5.1,true
TT06232,TR0990,2025-08-02 00:00:00,6.2,true
TT06233,TR0990,2025-08-02 04:00:00,2.6,true
TT06234,TR0990,2025-08-02 08:00:00,3.2,true
TT06235,TR0990,2025-08-02 12:00:00,4.7,true
TT06236,TR0990,2025-08-02 16:00:00,2.1,true
TT06237,TR0990,2025-08-02 20:00:00,5.3,true
TT06238,TR0990,2025-08-02 24:00:00,3.3,true
TT06239,TR0991,2025-07-18 00:00:00,6.2,true
TT06240,TR0991,2025-07-18 04:00:00,3.4,true
TT06241,TR0991,2025-07-18 08:00:00,3.6,true
TT06242,TR0991,2025-07-18 12:00:00,4.3,true
TT06243,TR0991,2025-07-18 16:00:00,6.2,true
TT06244,TR0991,2025-07-18 20:00:00,5.1,true
TT06245,TR0991,2025-07-18 24:00:00,3.9,true
TT06246,TR0991,2025-07-18 28:00:00,3.9,true
TT06247,TR0992,2025-07-07 00:00:00,2.9,true
TT06248,TR0992,2025-07-07 04:00:00,4.8,true
TT06249,TR0992,2025-07-07 08:00:00,6.9,true
TT06250,TR0992,2025-07-07 12:00:00,7.0,true
TT06251,TR0992,2025-07-07 16:00:00,3.1,true
TT06252,TR0992,2025-07-07 20:00:00,3.5,true
TT06253,TR0992,2025-07-07 24:00:00,5.1,true
TT06254,TR0993,2025-09-04 00:00:00,6.3,true
TT06255,TR0993,2025-09-04 04:00:00,2.6,true
TT06256,TR0993,2025-09-04 08:00:00,4.0,true
TT06257,TR0993,2025-09-04 12:00:00,4.8,true
TT06258,TR0993,2025-09-04 16:00:00,5.7,true
TT06259,TR0993,2025-09-04 20:00:00,2.5,true
TT06260,TR0993,2025-09-04 24:00:00,5.9,true
TT06261,TR0993,2025-09-04 28:00:00,5.9,true
TT06262,TR0994,2025-11-22 00:00:00,2.4,true
TT06263,TR0994,2025-11-22 04:00:00,2.3,true
TT06264,TR0994,2025-11-22 08:00:00,4.5,true
TT06265,TR0994,2025-11-22 12:00:00,4.6,true
TT06266,TR0994,2025-11-22 16:00:00,4.4,true
TT06267,TR0994,2025-11-22 20:00:00,4.0,true
TT06268,TR0994,2025-11-22 24:00:00,5.8,true
TT06269,TR0994,2025-11-22 28:00:00,3.9,true
TT06270,TR0995,2025-08-09 00:00:00,2.3,true
TT06271,TR0995,2025-08-09 04:00:00,2.5,true
TT06272,TR0995,2025-08-09 08:00:00,4.6,true
TT06273,TR0995,2025-08-09 12:00:00,4.6,true
TT06274,TR0995,2025-08-09 16:00:00,4.9,true
TT06275,TR0995,2025-08-09 20:00:00,3.5,true
TT06276,TR0995,2025-08-09 24:00:00,4.5,true
TT06277,TR0995,2025-08-09 28:00:00,4.1,true
TT06278,TR0996,2025-07-18 00:00:00,6.2,true
TT06279,TR0996,2025-07-18 04:00:00,2.9,true
TT06280,TR0996,2025-07-18 08:00:00,6.4,true
TT06281,TR0996,2025-07-18 12:00:00,6.1,true
TT06282,TR0996,2025-07-18 16:00:00,3.7,true
TT06283,TR0996,2025-07-18 20:00:00,4.9,true
TT06284,TR0996,2025-07-18 24:00:00,5.9,true
TT06285,TR0996,2025-07-18 28:00:00,5.7,true
TT06286,TR0997,2025-11-21 00:00:00,4.6,true
TT06287,TR0997,2025-11-21 04:00:00,2.3,true
TT06288,TR0997,2025-11-21 08:00:00,5.3,true
TT06289,TR0997,2025-11-21 12:00:00,2.2,true
TT06290,TR0997,2025-11-21 16:00:00,2.4,true
TT06291,TR0997,2025-11-21 20:00:00,4.4,true
TT06292,TR0997,2025-11-21 24:00:00,6.8,true
TT06293,TR0998,2025-11-25 00:00:00,6.6,true
TT06294,TR0998,2025-11-25 04:00:00,3.4,true
TT06295,TR0998,2025-11-25 08:00:00,6.0,true
TT06296,TR0998,2025-11-25 12:00:00,3.3,true
TT06297,TR0998,2025-11-25 16:00:00,2.4,true
TT06298,TR0998,2025-11-25 20:00:00,4.7,true
TT06299,TR0999,2025-10-23 00:00:00,5.9,true
TT06300,TR0999,2025-10-23 04:00:00,4.7,true
TT06301,TR0999,2025-10-23 08:00:00,2.9,true
TT06302,TR0999,2025-10-23 12:00:00,6.3,true
TT06303,TR0999,2025-10-23 16:00:00,2.3,true
TT06304,TR1000,2025-10-23 00:00:00,5.9,true
TT06305,TR1000,2025-10-23 04:00:00,2.7,true
TT06306,TR1000,2025-10-23 08:00:00,3.1,true
TT06307,TR1000,2025-10-23 12:00:00,2.5,true
TT06308,TR1001,2025-11-22 00:00:00,3.5,true
TT06309,TR1001,2025-11-22 04:00:00,3.0,true
TT06310,TR1001,2025-11-22 08:00:00,5.0,true
TT06311,TR1001,2025-11-22 12:00:00,6.1,true
TT06312,TR1001,2025-11-22 16:00:00,5.0,true
TT06313,TR1001,2025-11-22 20:00:00,2.8,true
TT06314,TR1001,2025-11-22 24:00:00,3.4,true
TT06315,TR1002,2025-09-12 00:00:00,3.0,true
TT06316,TR1002,2025-09-12 04:00:00,6.0,true
TT06317,TR1002,2025-09-12 08:00:00,3.4,true
TT06318,TR1002,2025-09-12 12:00:00,6.4,true
TT06319,TR1002,2025-09-12 16:00:00,3.9,true
TT06320,TR1002,2025-09-12 20:00:00,4.8,true
TT06321,TR1002,2025-09-12 24:00:00,3.2,true
TT06322,TR1003,2025-10-04 00:00:00,3.2,true
TT06323,TR1003,2025-10-04 04:00:00,3.1,true
TT06324,TR1003,2025-10-04 08:00:00,4.8,true
TT06325,TR1003,2025-10-04 12:00:00,5.4,true
TT06326,TR1003,2025-10-04 16:00:00,2.3,true
TT06327,TR1003,2025-10-04 20:00:00,2.5,true
TT06328,TR1003,2025-10-04 24:00:00,6.5,true
TT06329,TR1003,2025-10-04 28:00:00,6.9,true
TT06330,TR1004,2025-11-08 00:00:00,5.3,true
TT06331,TR1004,2025-11-08 04:00:00,2.4,true
TT06332,TR1004,2025-11-08 08:00:00,4.9,true
TT06333,TR1004,2025-11-08 12:00:00,3.5,true
TT06334,TR1004,2025-11-08 16:00:00,2.1,true
TT06335,TR1004,2025-11-08 20:00:00,6.1,true
TT06336,TR1005,2025-10-21 00:00:00,3.2,true
TT06337,TR1005,2025-10-21 04:00:00,6.5,true
TT06338,TR1005,2025-10-21 08:00:00,4.6,true
TT06339,TR1005,2025-10-21 12:00:00,5.6,true
TT06340,TR1005,2025-10-21 16:00:00,4.0,true
TT06341,TR1005,2025-10-21 20:00:00,4.7,true
TT06342,TR1006,2025-11-24 00:00:00,4.7,true
TT06343,TR1006,2025-11-24 04:00:00,4.1,true
TT06344,TR1006,2025-11-24 08:00:00,4.4,true
TT06345,TR1006,2025-11-24 12:00:00,4.5,true
TT06346,TR1006,2025-11-24 16:00:00,7.0,true
TT06347,TR1006,2025-11-24 20:00:00,2.5,true
TT06348,TR1007,2025-07-04 00:00:00,11.1,false
TT06349,TR1007,2025-07-04 04:00:00,4.9,true
TT06350,TR1007,2025-07-04 08:00:00,14.0,false
TT06351,TR1007,2025-07-04 12:00:00,6.0,true
TT06352,TR1007,2025-07-04 16:00:00,5.2,true
TT06353,TR1007,2025-07-04 20:00:00,3.8,true
TT06354,TR1007,2025-07-04 24:00:00,4.8,true
TT06355,TR1007,2025-07-04 28:00:00,10.6,false
TT06356,TR1008,2025-10-10 00:00:00,3.4,true
TT06357,TR1008,2025-10-10 04:00:00,4.0,true
TT06358,TR1008,2025-10-10 08:00:00,2.6,true
TT06359,TR1008,2025-10-10 12:00:00,2.5,true
TT06360,TR1008,2025-10-10 16:00:00,5.2,true
TT06361,TR1009,2025-07-14 00:00:00,2.5,true
TT06362,TR1009,2025-07-14 04:00:00,6.5,true
TT06363,TR1009,2025-07-14 08:00:00,2.1,true
TT06364,TR1009,2025-07-14 12:00:00,6.3,true
TT06365,TR1009,2025-07-14 16:00:00,3.3,true
TT06366,TR1009,2025-07-14 20:00:00,7.0,true
TT06367,TR1009,2025-07-14 24:00:00,6.5,true
TT06368,TR1010,2025-11-22 00:00:00,5.5,true
TT06369,TR1010,2025-11-22 04:00:00,4.0,true
TT06370,TR1010,2025-11-22 08:00:00,6.7,true
TT06371,TR1010,2025-11-22 12:00:00,4.0,true
TT06372,TR1010,2025-11-22 16:00:00,3.6,true
TT06373,TR1010,2025-11-22 20:00:00,4.3,true
TT06374,TR1010,2025-11-22 24:00:00,4.5,true
TT06375,TR1011,2025-07-18 00:00:00,6.4,true
TT06376,TR1011,2025-07-18 04:00:00,4.5,true
TT06377,TR1011,2025-07-18 08:00:00,3.7,true
TT06378,TR1011,2025-07-18 12:00:00,5.6,true
TT06379,TR1011,2025-07-18 16:00:00,6.9,true
TT06380,TR1011,2025-07-18 20:00:00,3.6,true
TT06381,TR1012,2025-07-07 00:00:00,3.3,true
TT06382,TR1012,2025-07-07 04:00:00,6.9,true
TT06383,TR1012,2025-07-07 08:00:00,3.9,true
TT06384,TR1012,2025-07-07 12:00:00,6.5,true
TT06385,TR1013,2025-11-04 00:00:00,2.4,true
TT06386,TR1013,2025-11-04 04:00:00,4.9,true
TT06387,TR1013,2025-11-04 08:00:00,2.4,true
TT06388,TR1013,2025-11-04 12:00:00,6.0,true
TT06389,TR1013,2025-11-04 16:00:00,6.6,true
TT06390,TR1013,2025-11-04 20:00:00,6.1,true
TT06391,TR1013,2025-11-04 24:00:00,4.7,true
TT06392,TR1014,2025-11-17 00:00:00,3.2,true
TT06393,TR1014,2025-11-17 04:00:00,4.8,true
TT06394,TR1014,2025-11-17 08:00:00,2.7,true
TT06395,TR1014,2025-11-17 12:00:00,4.2,true
TT06396,TR1014,2025-11-17 16:00:00,6.0,true
TT06397,TR1014,2025-11-17 20:00:00,3.0,true
TT06398,TR1014,2025-11-17 24:00:00,5.7,true
TT06399,TR1014,2025-11-17 28:00:00,2.7,true
TT06400,TR1015,2025-07-12 00:00:00,3.6,true
TT06401,TR1015,2025-07-12 04:00:00,5.7,true
TT06402,TR1015,2025-07-12 08:00:00,3.2,true
TT06403,TR1015,2025-07-12 12:00:00,4.4,true
TT06404,TR1015,2025-07-12 16:00:00,4.7,true
TT06405,TR1015,2025-07-12 20:00:00,3.3,true
TT06406,TR1016,2025-08-14 00:00:00,6.5,true
TT06407,TR1016,2025-08-14 04:00:00,3.6,true
TT06408,TR1016,2025-08-14 08:00:00,6.6,true
TT06409,TR1016,2025-08-14 12:00:00,5.5,true
TT06410,TR1016,2025-08-14 16:00:00,6.6,true
TT06411,TR1016,2025-08-14 20:00:00,3.0,true
TT06412,TR1016,2025-08-14 24:00:00,5.7,true
TT06413,TR1017,2025-07-07 00:00:00,3.2,true
TT06414,TR1017,2025-07-07 04:00:00,3.9,true
TT06415,TR1017,2025-07-07 08:00:00,3.7,true
TT06416,TR1017,2025-07-07 12:00:00,6.6,true
TT06417,TR1017,2025-07-07 16:00:00,2.6,true
TT06418,TR1017,2025-07-07 20:00:00,6.4,true
TT06419,TR1018,2025-07-21 00:00:00,5.0,true
TT06420,TR1018,2025-07-21 04:00:00,4.0,true
TT06421,TR1018,2025-07-21 08:00:00,6.5,true
TT06422,TR1018,2025-07-21 12:00:00,6.2,true
TT06423,TR1018,2025-07-21 16:00:00,3.4,true
TT06424,TR1018,2025-07-21 20:00:00,2.6,true
TT06425,TR1018,2025-07-21 24:00:00,4.0,true
TT06426,TR1018,2025-07-21 28:00:00,5.9,true
TT06427,TR1019,2025-09-22 00:00:00,2.6,true
TT06428,TR1019,2025-09-22 04:00:00,2.9,true
TT06429,TR1019,2025-09-22 08:00:00,4.7,true
TT06430,TR1019,2025-09-22 12:00:00,4.0,true
TT06431,TR1019,2025-09-22 16:00:00,3.9,true
TT06432,TR1020,2025-07-06 00:00:00,2.7,true
TT06433,TR1020,2025-07-06 04:00:00,5.8,true
TT06434,TR1020,2025-07-06 08:00:00,5.6,true
TT06435,TR1020,2025-07-06 12:00:00,5.6,true
TT06436,TR1020,2025-07-06 16:00:00,3.6,true
TT06437,TR1020,2025-07-06 20:00:00,5.1,true
TT06438,TR1020,2025-07-06 24:00:00,2.8,true
TT06439,TR1021,2025-09-01 00:00:00,6.2,true
TT06440,TR1021,2025-09-01 04:00:00,6.4,true
TT06441,TR1021,2025-09-01 08:00:00,6.6,true
TT06442,TR1021,2025-09-01 12:00:00,3.1,true
TT06443,TR1021,2025-09-01 16:00:00,2.2,true
TT06444,TR1022,2025-10-25 00:00:00,6.7,true
TT06445,TR1022,2025-10-25 04:00:00,4.9,true
TT06446,TR1022,2025-10-25 08:00:00,3.9,true
TT06447,TR1022,2025-10-25 12:00:00,2.4,true
TT06448,TR1022,2025-10-25 16:00:00,3.9,true
TT06449,TR1023,2025-11-02 00:00:00,4.0,true
TT06450,TR1023,2025-11-02 04:00:00,5.4,true
TT06451,TR1023,2025-11-02 08:00:00,5.7,true
TT06452,TR1023,2025-11-02 12:00:00,4.0,true
TT06453,TR1023,2025-11-02 16:00:00,6.5,true
TT06454,TR1023,2025-11-02 20:00:00,3.0,true
TT06455,TR1024,2025-11-02 00:00:00,2.6,true
TT06456,TR1024,2025-11-02 04:00:00,3.4,true
TT06457,TR1024,2025-11-02 08:00:00,4.4,true
TT06458,TR1024,2025-11-02 12:00:00,6.5,true
TT06459,TR1024,2025-11-02 16:00:00,6.3,true
TT06460,TR1025,2025-11-14 00:00:00,2.4,true
TT06461,TR1025,2025-11-14 04:00:00,3.8,true
TT06462,TR1025,2025-11-14 08:00:00,5.6,true
TT06463,TR1025,2025-11-14 12:00:00,5.7,true
TT06464,TR1025,2025-11-14 16:00:00,4.8,true
TT06465,TR1025,2025-11-14 20:00:00,2.5,true
TT06466,TR1025,2025-11-14 24:00:00,4.2,true
TT06467,TR1025,2025-11-14 28:00:00,5.6,true
TT06468,TR1026,2025-09-05 00:00:00,2.5,true
TT06469,TR1026,2025-09-05 04:00:00,4.6,true
TT06470,TR1026,2025-09-05 08:00:00,5.6,true
TT06471,TR1026,2025-09-05 12:00:00,6.2,true
TT06472,TR1026,2025-09-05 16:00:00,5.5,true
TT06473,TR1026,2025-09-05 20:00:00,5.3,true
TT06474,TR1026,2025-09-05 24:00:00,6.5,true
TT06475,TR1027,2025-07-25 00:00:00,4.2,true
TT06476,TR1027,2025-07-25 04:00:00,3.7,true
TT06477,TR1027,2025-07-25 08:00:00,4.3,true
TT06478,TR1027,2025-07-25 12:00:00,2.8,true
TT06479,TR1027,2025-07-25 16:00:00,5.2,true
TT06480,TR1027,2025-07-25 20:00:00,4.4,true
TT06481,TR1027,2025-07-25 24:00:00,5.2,true
TT06482,TR1027,2025-07-25 28:00:00,2.9,true
TT06483,TR1028,2025-11-17 00:00:00,4.0,true
TT06484,TR1028,2025-11-17 04:00:00,4.5,true
TT06485,TR1028,2025-11-17 08:00:00,6.7,true
TT06486,TR1028,2025-11-17 12:00:00,4.8,true
TT06487,TR1028,2025-11-17 16:00:00,4.0,true
TT06488,TR1028,2025-11-17 20:00:00,2.5,true
TT06489,TR1028,2025-11-17 24:00:00,5.2,true
TT06490,TR1029,2025-07-06 00:00:00,3.6,true
TT06491,TR1029,2025-07-06 04:00:00,3.5,true
TT06492,TR1029,2025-07-06 08:00:00,5.7,true
TT06493,TR1029,2025-07-06 12:00:00,4.4,true
TT06494,TR1029,2025-07-06 16:00:00,2.4,true
TT06495,TR1029,2025-07-06 20:00:00,5.4,true
TT06496,TR1030,2025-08-17 00:00:00,4.4,true
TT06497,TR1030,2025-08-17 04:00:00,5.0,true
TT06498,TR1030,2025-08-17 08:00:00,5.5,true
TT06499,TR1030,2025-08-17 12:00:00,5.4,true
TT06500,TR1030,2025-08-17 16:00:00,3.1,true
TT06501,TR1031,2025-09-08 00:00:00,5.9,true
TT06502,TR1031,2025-09-08 04:00:00,2.7,true
TT06503,TR1031,2025-09-08 08:00:00,6.9,true
TT06504,TR1031,2025-09-08 12:00:00,3.1,true
TT06505,TR1031,2025-09-08 16:00:00,3.4,true
TT06506,TR1031,2025-09-08 20:00:00,3.8,true
TT06507,TR1031,2025-09-08 24:00:00,5.4,true
TT06508,TR1032,2025-08-23 00:00:00,6.0,true
TT06509,TR1032,2025-08-23 04:00:00,4.3,true
TT06510,TR1032,2025-08-23 08:00:00,4.1,true
TT06511,TR1032,2025-08-23 12:00:00,5.0,true
TT06512,TR1032,2025-08-23 16:00:00,6.8,true
TT06513,TR1032,2025-08-23 20:00:00,6.2,true
TT06514,TR1032,2025-08-23 24:00:00,6.1,true
TT06515,TR1033,2025-11-01 00:00:00,4.2,true
TT06516,TR1033,2025-11-01 04:00:00,3.2,true
TT06517,TR1033,2025-11-01 08:00:00,3.5,true
TT06518,TR1033,2025-11-01 12:00:00,2.6,true
TT06519,TR1033,2025-11-01 16:00:00,5.6,true
TT06520,TR1034,2025-09-25 00:00:00,3.6,true
TT06521,TR1034,2025-09-25 04:00:00,5.5,true
TT06522,TR1034,2025-09-25 08:00:00,6.9,true
TT06523,TR1034,2025-09-25 12:00:00,3.3,true
TT06524,TR1034,2025-09-25 16:00:00,5.6,true
TT06525,TR1034,2025-09-25 20:00:00,4.6,true
TT06526,TR1035,2025-11-01 00:00:00,3.4,true
TT06527,TR1035,2025-11-01 04:00:00,5.8,true
TT06528,TR1035,2025-11-01 08:00:00,6.3,true
TT06529,TR1035,2025-11-01 12:00:00,4.9,true
TT06530,TR1035,2025-11-01 16:00:00,3.4,true
TT06531,TR1035,2025-11-01 20:00:00,3.9,true
TT06532,TR1035,2025-11-01 24:00:00,6.0,true
TT06533,TR1036,2025-07-18 00:00:00,2.5,true
TT06534,TR1036,2025-07-18 04:00:00,4.4,true
TT06535,TR1036,2025-07-18 08:00:00,6.8,true
TT06536,TR1036,2025-07-18 12:00:00,3.3,true
TT06537,TR1036,2025-07-18 16:00:00,3.5,true
TT06538,TR1037,2025-10-20 00:00:00,5.7,true
TT06539,TR1037,2025-10-20 04:00:00,2.1,true
TT06540,TR1037,2025-10-20 08:00:00,3.3,true
TT06541,TR1037,2025-10-20 12:00:00,4.7,true
TT06542,TR1037,2025-10-20 16:00:00,3.1,true
TT06543,TR1037,2025-10-20 20:00:00,2.1,true
TT06544,TR1037,2025-10-20 24:00:00,6.4,true
TT06545,TR1038,2025-10-20 00:00:00,2.0,true
TT06546,TR1038,2025-10-20 04:00:00,4.8,true
TT06547,TR1038,2025-10-20 08:00:00,5.7,true
TT06548,TR1038,2025-10-20 12:00:00,2.2,true
TT06549,TR1038,2025-10-20 16:00:00,6.2,true
TT06550,TR1038,2025-10-20 20:00:00,3.9,true
TT06551,TR1038,2025-10-20 24:00:00,4.2,true
TT06552,TR1039,2025-10-11 00:00:00,2.9,true
TT06553,TR1039,2025-10-11 04:00:00,6.6,true
TT06554,TR1039,2025-10-11 08:00:00,2.4,true
TT06555,TR1039,2025-10-11 12:00:00,4.3,true
TT06556,TR1039,2025-10-11 16:00:00,7.0,true
TT06557,TR1039,2025-10-11 20:00:00,6.3,true
TT06558,TR1039,2025-10-11 24:00:00,6.4,true
TT06559,TR1039,2025-10-11 28:00:00,4.4,true
TT06560,TR1040,2025-08-09 00:00:00,6.8,true
TT06561,TR1040,2025-08-09 04:00:00,4.6,true
TT06562,TR1040,2025-08-09 08:00:00,2.7,true
TT06563,TR1040,2025-08-09 12:00:00,5.5,true
TT06564,TR1040,2025-08-09 16:00:00,5.5,true
TT06565,TR1040,2025-08-09 20:00:00,4.1,true
TT06566,TR1040,2025-08-09 24:00:00,2.4,true
TT06567,TR1040,2025-08-09 28:00:00,3.1,true
TT06568,TR1041,2025-09-24 00:00:00,6.1,true
TT06569,TR1041,2025-09-24 04:00:00,4.6,true
TT06570,TR1041,2025-09-24 08:00:00,4.8,true
TT06571,TR1041,2025-09-24 12:00:00,6.3,true
TT06572,TR1042,2025-09-20 00:00:00,16.5,false
TT06573,TR1042,2025-09-20 04:00:00,3.4,true
TT06574,TR1042,2025-09-20 08:00:00,4.3,true
TT06575,TR1042,2025-09-20 12:00:00,2.7,true
TT06576,TR1042,2025-09-20 16:00:00,2.4,true
TT06577,TR1042,2025-09-20 20:00:00,12.4,false
TT06578,TR1043,2025-11-05 00:00:00,3.0,true
TT06579,TR1043,2025-11-05 04:00:00,4.9,true
TT06580,TR1043,2025-11-05 08:00:00,5.0,true
TT06581,TR1043,2025-11-05 12:00:00,4.2,true
TT06582,TR1043,2025-11-05 16:00:00,3.0,true
TT06583,TR1043,2025-11-05 20:00:00,3.3,true
TT06584,TR1043,2025-11-05 24:00:00,3.0,true
TT06585,TR1044,2025-08-02 00:00:00,2.9,true
TT06586,TR1044,2025-08-02 04:00:00,6.9,true
TT06587,TR1044,2025-08-02 08:00:00,2.6,true
TT06588,TR1044,2025-08-02 12:00:00,3.7,true
TT06589,TR1044,2025-08-02 16:00:00,4.1,true
TT06590,TR1044,2025-08-02 20:00:00,4.0,true
TT06591,TR1044,2025-08-02 24:00:00,4.3,true
TT06592,TR1045,2025-10-19 00:00:00,3.0,true
TT06593,TR1045,2025-10-19 04:00:00,2.4,true
TT06594,TR1045,2025-10-19 08:00:00,4.3,true
TT06595,TR1045,2025-10-19 12:00:00,3.2,true
TT06596,TR1045,2025-10-19 16:00:00,2.2,true
TT06597,TR1045,2025-10-19 20:00:00,4.7,true
TT06598,TR1045,2025-10-19 24:00:00,2.7,true
TT06599,TR1046,2025-10-13 00:00:00,3.3,true
TT06600,TR1046,2025-10-13 04:00:00,4.0,true
TT06601,TR1046,2025-10-13 08:00:00,6.5,true
TT06602,TR1046,2025-10-13 12:00:00,6.9,true
TT06603,TR1046,2025-10-13 16:00:00,2.9,true
TT06604,TR1046,2025-10-13 20:00:00,5.4,true
TT06605,TR1047,2025-09-23 00:00:00,6.6,true
TT06606,TR1047,2025-09-23 04:00:00,3.0,true
TT06607,TR1047,2025-09-23 08:00:00,2.6,true
TT06608,TR1047,2025-09-23 12:00:00,5.2,true
TT06609,TR1047,2025-09-23 16:00:00,6.7,true
TT06610,TR1048,2025-11-08 00:00:00,5.5,true
TT06611,TR1048,2025-11-08 04:00:00,4.4,true
TT06612,TR1048,2025-11-08 08:00:00,5.8,true
TT06613,TR1048,2025-11-08 12:00:00,5.0,true
TT06614,TR1048,2025-11-08 16:00:00,3.3,true
TT06615,TR1048,2025-11-08 20:00:00,4.4,true
TT06616,TR1048,2025-11-08 24:00:00,4.0,true
TT06617,TR1048,2025-11-08 28:00:00,4.6,true
TT06618,TR1049,2025-07-21 00:00:00,6.9,true
TT06619,TR1049,2025-07-21 04:00:00,5.7,true
TT06620,TR1049,2025-07-21 08:00:00,5.7,true
TT06621,TR1049,2025-07-21 12:00:00,5.3,true
TT06622,TR1049,2025-07-21 16:00:00,3.1,true
TT06623,TR1049,2025-07-21 20:00:00,6.3,true
TT06624,TR1049,2025-07-21 24:00:00,6.5,true
TT06625,TR1050,2025-08-25 00:00:00,4.9,true
TT06626,TR1050,2025-08-25 04:00:00,3.2,true
TT06627,TR1050,2025-08-25 08:00:00,6.8,true
TT06628,TR1050,2025-08-25 12:00:00,2.2,true
TT06629,TR1050,2025-08-25 16:00:00,5.4,true
TT06630,TR1050,2025-08-25 20:00:00,6.1,true
TT06631,TR1050,2025-08-25 24:00:00,2.8,true
TT06632,TR1051,2025-07-03 00:00:00,5.4,true
TT06633,TR1051,2025-07-03 04:00:00,4.3,true
TT06634,TR1051,2025-07-03 08:00:00,5.0,true
TT06635,TR1051,2025-07-03 12:00:00,6.6,true
TT06636,TR1051,2025-07-03 16:00:00,3.7,true
TT06637,TR1051,2025-07-03 20:00:00,5.5,true
TT06638,TR1051,2025-07-03 24:00:00,5.4,true
TT06639,TR1051,2025-07-03 28:00:00,6.6,true
TT06640,TR1052,2025-07-08 00:00:00,3.3,true
TT06641,TR1052,2025-07-08 04:00:00,2.4,true
TT06642,TR1052,2025-07-08 08:00:00,3.1,true
TT06643,TR1052,2025-07-08 12:00:00,4.2,true
TT06644,TR1052,2025-07-08 16:00:00,4.9,true
TT06645,TR1052,2025-07-08 20:00:00,5.9,true
TT06646,TR1052,2025-07-08 24:00:00,4.9,true
TT06647,TR1052,2025-07-08 28:00:00,5.3,true
TT06648,TR1053,2025-09-11 00:00:00,5.1,true
TT06649,TR1053,2025-09-11 04:00:00,5.1,true
TT06650,TR1053,2025-09-11 08:00:00,5.1,true
TT06651,TR1053,2025-09-11 12:00:00,2.9,true
TT06652,TR1053,2025-09-11 16:00:00,3.4,true
TT06653,TR1053,2025-09-11 20:00:00,4.4,true
TT06654,TR1054,2025-09-10 00:00:00,4.1,true
TT06655,TR1054,2025-09-10 04:00:00,6.1,true
TT06656,TR1054,2025-09-10 08:00:00,5.7,true
TT06657,TR1054,2025-09-10 12:00:00,5.3,true
TT06658,TR1054,2025-09-10 16:00:00,6.8,true
TT06659,TR1054,2025-09-10 20:00:00,2.5,true
TT06660,TR1054,2025-09-10 24:00:00,2.9,true
TT06661,TR1055,2025-08-20 00:00:00,3.8,true
TT06662,TR1055,2025-08-20 04:00:00,3.3,true
TT06663,TR1055,2025-08-20 08:00:00,5.9,true
TT06664,TR1055,2025-08-20 12:00:00,4.8,true
TT06665,TR1055,2025-08-20 16:00:00,4.5,true
TT06666,TR1055,2025-08-20 20:00:00,4.0,true
TT06667,TR1056,2025-08-06 00:00:00,6.9,true
TT06668,TR1056,2025-08-06 04:00:00,3.2,true
TT06669,TR1056,2025-08-06 08:00:00,3.3,true
TT06670,TR1056,2025-08-06 12:00:00,2.2,true
TT06671,TR1056,2025-08-06 16:00:00,2.6,true
TT06672,TR1056,2025-08-06 20:00:00,5.2,true
TT06673,TR1057,2025-08-23 00:00:00,4.2,true
TT06674,TR1057,2025-08-23 04:00:00,4.7,true
TT06675,TR1057,2025-08-23 08:00:00,3.1,true
TT06676,TR1057,2025-08-23 12:00:00,5.7,true
TT06677,TR1057,2025-08-23 16:00:00,5.7,true
TT06678,TR1057,2025-08-23 20:00:00,5.5,true
TT06679,TR1058,2025-11-04 00:00:00,3.6,true
TT06680,TR1058,2025-11-04 04:00:00,3.9,true
TT06681,TR1058,2025-11-04 08:00:00,2.3,true
TT06682,TR1058,2025-11-04 12:00:00,4.4,true
TT06683,TR1058,2025-11-04 16:00:00,4.5,true
TT06684,TR1058,2025-11-04 20:00:00,4.8,true
TT06685,TR1058,2025-11-04 24:00:00,4.0,true
TT06686,TR1059,2025-10-05 00:00:00,3.3,true
TT06687,TR1059,2025-10-05 04:00:00,2.3,true
TT06688,TR1059,2025-10-05 08:00:00,5.9,true
TT06689,TR1059,2025-10-05 12:00:00,6.0,true
TT06690,TR1059,2025-10-05 16:00:00,2.7,true
TT06691,TR1059,2025-10-05 20:00:00,3.7,true
TT06692,TR1059,2025-10-05 24:00:00,6.5,true
TT06693,TR1059,2025-10-05 28:00:00,6.3,true
TT06694,TR1060,2025-09-16 00:00:00,5.2,true
TT06695,TR1060,2025-09-16 04:00:00,5.7,true
TT06696,TR1060,2025-09-16 08:00:00,5.5,true
TT06697,TR1060,2025-09-16 12:00:00,7.0,true
TT06698,TR1060,2025-09-16 16:00:00,2.7,true
TT06699,TR1060,2025-09-16 20:00:00,6.6,true
TT06700,TR1060,2025-09-16 24:00:00,2.1,true
TT06701,TR1061,2025-10-14 00:00:00,2.9,true
TT06702,TR1061,2025-10-14 04:00:00,2.2,true
TT06703,TR1061,2025-10-14 08:00:00,4.5,true
TT06704,TR1061,2025-10-14 12:00:00,2.0,true
TT06705,TR1062,2025-09-12 00:00:00,6.6,true
TT06706,TR1062,2025-09-12 04:00:00,3.6,true
TT06707,TR1062,2025-09-12 08:00:00,4.3,true
TT06708,TR1062,2025-09-12 12:00:00,6.3,true
TT06709,TR1062,2025-09-12 16:00:00,5.3,true
TT06710,TR1062,2025-09-12 20:00:00,4.7,true
TT06711,TR1063,2025-09-02 00:00:00,5.8,true
TT06712,TR1063,2025-09-02 04:00:00,6.9,true
TT06713,TR1063,2025-09-02 08:00:00,4.1,true
TT06714,TR1063,2025-09-02 12:00:00,6.0,true
TT06715,TR1063,2025-09-02 16:00:00,3.4,true
TT06716,TR1063,2025-09-02 20:00:00,5.3,true
TT06717,TR1064,2025-09-25 00:00:00,4.1,true
TT06718,TR1064,2025-09-25 04:00:00,2.8,true
TT06719,TR1064,2025-09-25 08:00:00,3.5,true
TT06720,TR1064,2025-09-25 12:00:00,3.6,true
TT06721,TR1064,2025-09-25 16:00:00,2.5,true
TT06722,TR1064,2025-09-25 20:00:00,6.4,true
TT06723,TR1064,2025-09-25 24:00:00,3.5,true
TT06724,TR1065,2025-08-05 00:00:00,5.1,true
TT06725,TR1065,2025-08-05 04:00:00,5.4,true
TT06726,TR1065,2025-08-05 08:00:00,5.5,true
TT06727,TR1065,2025-08-05 12:00:00,5.6,true
TT06728,TR1065,2025-08-05 16:00:00,4.8,true
TT06729,TR1066,2025-07-11 00:00:00,3.1,true
TT06730,TR1066,2025-07-11 04:00:00,3.5,true
TT06731,TR1066,2025-07-11 08:00:00,3.1,true
TT06732,TR1066,2025-07-11 12:00:00,2.2,true
TT06733,TR1066,2025-07-11 16:00:00,2.7,true
TT06734,TR1067,2025-07-20 00:00:00,2.0,true
TT06735,TR1067,2025-07-20 04:00:00,4.3,true
TT06736,TR1067,2025-07-20 08:00:00,5.2,true
TT06737,TR1067,2025-07-20 12:00:00,4.6,true
TT06738,TR1067,2025-07-20 16:00:00,2.3,true
TT06739,TR1067,2025-07-20 20:00:00,4.8,true
TT06740,TR1067,2025-07-20 24:00:00,2.9,true
TT06741,TR1068,2025-10-13 00:00:00,6.5,true
TT06742,TR1068,2025-10-13 04:00:00,5.0,true
TT06743,TR1068,2025-10-13 08:00:00,2.2,true
TT06744,TR1068,2025-10-13 12:00:00,5.2,true
TT06745,TR1068,2025-10-13 16:00:00,3.3,true
TT06746,TR1068,2025-10-13 20:00:00,5.6,true
TT06747,TR1069,2025-11-18 00:00:00,6.4,true
TT06748,TR1069,2025-11-18 04:00:00,6.8,true
TT06749,TR1069,2025-11-18 08:00:00,3.3,true
TT06750,TR1069,2025-11-18 12:00:00,6.9,true
TT06751,TR1069,2025-11-18 16:00:00,5.7,true
TT06752,TR1070,2025-07-02 00:00:00,4.3,true
TT06753,TR1070,2025-07-02 04:00:00,4.1,true
TT06754,TR1070,2025-07-02 08:00:00,4.9,true
TT06755,TR1070,2025-07-02 12:00:00,3.5,true
TT06756,TR1070,2025-07-02 16:00:00,2.6,true
TT06757,TR1071,2025-09-04 00:00:00,4.7,true
TT06758,TR1071,2025-09-04 04:00:00,5.6,true
TT06759,TR1071,2025-09-04 08:00:00,6.3,true
TT06760,TR1071,2025-09-04 12:00:00,2.8,true
TT06761,TR1071,2025-09-04 16:00:00,3.2,true
TT06762,TR1071,2025-09-04 20:00:00,6.2,true
TT06763,TR1072,2025-10-03 00:00:00,2.4,true
TT06764,TR1072,2025-10-03 04:00:00,4.1,true
TT06765,TR1072,2025-10-03 08:00:00,4.4,true
TT06766,TR1072,2025-10-03 12:00:00,3.7,true
TT06767,TR1072,2025-10-03 16:00:00,6.1,true
TT06768,TR1072,2025-10-03 20:00:00,5.0,true
TT06769,TR1073,2025-09-16 00:00:00,2.7,true
TT06770,TR1073,2025-09-16 04:00:00,5.0,true
TT06771,TR1073,2025-09-16 08:00:00,5.3,true
TT06772,TR1073,2025-09-16 12:00:00,5.7,true
TT06773,TR1073,2025-09-16 16:00:00,5.8,true
TT06774,TR1073,2025-09-16 20:00:00,6.0,true
TT06775,TR1073,2025-09-16 24:00:00,3.7,true
TT06776,TR1073,2025-09-16 28:00:00,4.5,true
TT06777,TR1074,2025-11-25 00:00:00,2.8,true
TT06778,TR1074,2025-11-25 04:00:00,3.5,true
TT06779,TR1074,2025-11-25 08:00:00,3.4,true
TT06780,TR1074,2025-11-25 12:00:00,3.2,true
TT06781,TR1074,2025-11-25 16:00:00,6.0,true
TT06782,TR1074,2025-11-25 20:00:00,3.3,true
TT06783,TR1074,2025-11-25 24:00:00,3.1,true
TT06784,TR1075,2025-08-06 00:00:00,3.2,true
TT06785,TR1075,2025-08-06 04:00:00,3.3,true
TT06786,TR1075,2025-08-06 08:00:00,3.9,true
TT06787,TR1075,2025-08-06 12:00:00,6.0,true
TT06788,TR1075,2025-08-06 16:00:00,2.0,true
TT06789,TR1075,2025-08-06 20:00:00,6.0,true
TT06790,TR1075,2025-08-06 24:00:00,6.6,true
TT06791,TR1075,2025-08-06 28:00:00,5.5,true
TT06792,TR1076,2025-10-14 00:00:00,6.3,true
TT06793,TR1076,2025-10-14 04:00:00,6.7,true
TT06794,TR1076,2025-10-14 08:00:00,6.0,true
TT06795,TR1076,2025-10-14 12:00:00,6.3,true
TT06796,TR1076,2025-10-14 16:00:00,3.1,true
TT06797,TR1077,2025-10-13 00:00:00,4.4,true
TT06798,TR1077,2025-10-13 04:00:00,5.8,true
TT06799,TR1077,2025-10-13 08:00:00,6.8,true
TT06800,TR1077,2025-10-13 12:00:00,4.9,true
TT06801,TR1077,2025-10-13 16:00:00,2.1,true
TT06802,TR1077,2025-10-13 20:00:00,3.9,true
TT06803,TR1077,2025-10-13 24:00:00,2.4,true
TT06804,TR1078,2025-11-17 00:00:00,3.1,true
TT06805,TR1078,2025-11-17 04:00:00,3.8,true
TT06806,TR1078,2025-11-17 08:00:00,5.7,true
TT06807,TR1078,2025-11-17 12:00:00,5.5,true
TT06808,TR1078,2025-11-17 16:00:00,5.8,true
TT06809,TR1079,2025-10-17 00:00:00,4.3,true
TT06810,TR1079,2025-10-17 04:00:00,5.9,true
TT06811,TR1079,2025-10-17 08:00:00,2.5,true
TT06812,TR1079,2025-10-17 12:00:00,3.8,true
TT06813,TR1079,2025-10-17 16:00:00,6.0,true
TT06814,TR1079,2025-10-17 20:00:00,6.5,true
TT06815,TR1079,2025-10-17 24:00:00,3.5,true
TT06816,TR1080,2025-09-12 00:00:00,4.4,true
TT06817,TR1080,2025-09-12 04:00:00,6.2,true
TT06818,TR1080,2025-09-12 08:00:00,6.1,true
TT06819,TR1080,2025-09-12 12:00:00,5.0,true
TT06820,TR1080,2025-09-12 16:00:00,4.7,true
TT06821,TR1081,2025-07-01 00:00:00,3.7,true
TT06822,TR1081,2025-07-01 04:00:00,3.5,true
TT06823,TR1081,2025-07-01 08:00:00,6.5,true
TT06824,TR1081,2025-07-01 12:00:00,5.1,true
TT06825,TR1081,2025-07-01 16:00:00,2.1,true
TT06826,TR1082,2025-11-08 00:00:00,5.8,true
TT06827,TR1082,2025-11-08 04:00:00,6.5,true
TT06828,TR1082,2025-11-08 08:00:00,6.7,true
TT06829,TR1082,2025-11-08 12:00:00,4.4,true
TT06830,TR1082,2025-11-08 16:00:00,5.8,true
TT06831,TR1082,2025-11-08 20:00:00,2.0,true
TT06832,TR1082,2025-11-08 24:00:00,5.6,true
TT06833,TR1082,2025-11-08 28:00:00,6.1,true
TT06834,TR1083,2025-09-14 00:00:00,4.3,true
TT06835,TR1083,2025-09-14 04:00:00,6.4,true
TT06836,TR1083,2025-09-14 08:00:00,2.0,true
TT06837,TR1083,2025-09-14 12:00:00,4.0,true
TT06838,TR1083,2025-09-14 16:00:00,2.2,true
TT06839,TR1084,2025-11-05 00:00:00,2.2,true
TT06840,TR1084,2025-11-05 04:00:00,2.1,true
TT06841,TR1084,2025-11-05 08:00:00,5.2,true
TT06842,TR1084,2025-11-05 12:00:00,5.1,true
TT06843,TR1084,2025-11-05 16:00:00,3.3,true
TT06844,TR1085,2025-10-18 00:00:00,2.6,true
TT06845,TR1085,2025-10-18 04:00:00,6.4,true
TT06846,TR1085,2025-10-18 08:00:00,3.8,true
TT06847,TR1085,2025-10-18 12:00:00,5.2,true
TT06848,TR1085,2025-10-18 16:00:00,2.6,true
TT06849,TR1086,2025-08-22 00:00:00,6.3,true
TT06850,TR1086,2025-08-22 04:00:00,5.7,true
TT06851,TR1086,2025-08-22 08:00:00,4.1,true
TT06852,TR1086,2025-08-22 12:00:00,6.6,true
TT06853,TR1086,2025-08-22 16:00:00,3.7,true
TT06854,TR1086,2025-08-22 20:00:00,6.6,true
TT06855,TR1086,2025-08-22 24:00:00,3.9,true
TT06856,TR1087,2025-10-03 00:00:00,5.4,true
TT06857,TR1087,2025-10-03 04:00:00,3.0,true
TT06858,TR1087,2025-10-03 08:00:00,4.9,true
TT06859,TR1087,2025-10-03 12:00:00,5.3,true
TT06860,TR1087,2025-10-03 16:00:00,2.3,true
TT06861,TR1087,2025-10-03 20:00:00,5.3,true
TT06862,TR1087,2025-10-03 24:00:00,4.9,true
TT06863,TR1087,2025-10-03 28:00:00,4.5,true
TT06864,TR1088,2025-09-25 00:00:00,3.6,true
TT06865,TR1088,2025-09-25 04:00:00,5.4,true
TT06866,TR1088,2025-09-25 08:00:00,6.1,true
TT06867,TR1088,2025-09-25 12:00:00,5.6,true
TT06868,TR1088,2025-09-25 16:00:00,2.1,true
TT06869,TR1088,2025-09-25 20:00:00,2.6,true
TT06870,TR1089,2025-07-24 00:00:00,4.3,true
TT06871,TR1089,2025-07-24 04:00:00,5.8,true
TT06872,TR1089,2025-07-24 08:00:00,2.6,true
TT06873,TR1089,2025-07-24 12:00:00,2.3,true
TT06874,TR1089,2025-07-24 16:00:00,3.1,true
TT06875,TR1089,2025-07-24 20:00:00,5.2,true
TT06876,TR1090,2025-07-23 00:00:00,4.1,true
TT06877,TR1090,2025-07-23 04:00:00,4.3,true
TT06878,TR1090,2025-07-23 08:00:00,4.3,true
TT06879,TR1090,2025-07-23 12:00:00,5.6,true
TT06880,TR1091,2025-08-06 00:00:00,6.4,true
TT06881,TR1091,2025-08-06 04:00:00,3.3,true
TT06882,TR1091,2025-08-06 08:00:00,3.8,true
TT06883,TR1091,2025-08-06 12:00:00,2.4,true
TT06884,TR1091,2025-08-06 16:00:00,4.0,true
TT06885,TR1091,2025-08-06 20:00:00,6.6,true
TT06886,TR1092,2025-08-07 00:00:00,4.9,true
TT06887,TR1092,2025-08-07 04:00:00,5.4,true
TT06888,TR1092,2025-08-07 08:00:00,4.0,true
TT06889,TR1092,2025-08-07 12:00:00,4.7,true
TT06890,TR1092,2025-08-07 16:00:00,4.9,true
TT06891,TR1093,2025-11-15 00:00:00,6.5,true
TT06892,TR1093,2025-11-15 04:00:00,2.7,true
TT06893,TR1093,2025-11-15 08:00:00,3.6,true
TT06894,TR1093,2025-11-15 12:00:00,5.5,true
TT06895,TR1093,2025-11-15 16:00:00,6.0,true
TT06896,TR1093,2025-11-15 20:00:00,2.5,true
TT06897,TR1094,2025-10-10 00:00:00,3.1,true
TT06898,TR1094,2025-10-10 04:00:00,4.9,true
TT06899,TR1094,2025-10-10 08:00:00,6.0,true
TT06900,TR1094,2025-10-10 12:00:00,6.3,true
TT06901,TR1094,2025-10-10 16:00:00,13.8,false
TT06902,TR1095,2025-10-14 00:00:00,4.3,true
TT06903,TR1095,2025-10-14 04:00:00,2.1,true
TT06904,TR1095,2025-10-14 08:00:00,2.5,true
TT06905,TR1095,2025-10-14 12:00:00,5.0,true
TT06906,TR1095,2025-10-14 16:00:00,3.0,true
TT06907,TR1095,2025-10-14 20:00:00,2.6,true
TT06908,TR1095,2025-10-14 24:00:00,6.7,true
TT06909,TR1095,2025-10-14 28:00:00,4.9,true
TT06910,TR1096,2025-11-13 00:00:00,2.3,true
TT06911,TR1096,2025-11-13 04:00:00,2.2,true
TT06912,TR1096,2025-11-13 08:00:00,6.9,true
TT06913,TR1096,2025-11-13 12:00:00,2.7,true
TT06914,TR1097,2025-10-21 00:00:00,4.1,true
TT06915,TR1097,2025-10-21 04:00:00,4.1,true
TT06916,TR1097,2025-10-21 08:00:00,5.8,true
TT06917,TR1097,2025-10-21 12:00:00,4.3,true
TT06918,TR1097,2025-10-21 16:00:00,4.3,true
TT06919,TR1097,2025-10-21 20:00:00,2.6,true
TT06920,TR1098,2025-09-14 00:00:00,4.7,true
TT06921,TR1098,2025-09-14 04:00:00,5.9,true
TT06922,TR1098,2025-09-14 08:00:00,3.9,true
TT06923,TR1098,2025-09-14 12:00:00,2.8,true
TT06924,TR1098,2025-09-14 16:00:00,2.2,true
TT06925,TR1099,2025-07-17 00:00:00,2.8,true
TT06926,TR1099,2025-07-17 04:00:00,3.1,true
TT06927,TR1099,2025-07-17 08:00:00,4.4,true
TT06928,TR1099,2025-07-17 12:00:00,4.2,true
TT06929,TR1099,2025-07-17 16:00:00,2.0,true
TT06930,TR1099,2025-07-17 20:00:00,3.3,true
TT06931,TR1099,2025-07-17 24:00:00,6.2,true
TT06932,TR1100,2025-10-10 00:00:00,6.0,true
TT06933,TR1100,2025-10-10 04:00:00,3.3,true
TT06934,TR1100,2025-10-10 08:00:00,3.3,true
TT06935,TR1100,2025-10-10 12:00:00,3.9,true
TT06936,TR1100,2025-10-10 16:00:00,5.0,true
TT06937,TR1100,2025-10-10 20:00:00,6.3,true
TT06938,TR1100,2025-10-10 24:00:00,6.3,true
TT06939,TR1101,2025-08-11 00:00:00,5.4,true
TT06940,TR1101,2025-08-11 04:00:00,4.9,true
TT06941,TR1101,2025-08-11 08:00:00,5.4,true
TT06942,TR1101,2025-08-11 12:00:00,6.2,true
TT06943,TR1101,2025-08-11 16:00:00,3.8,true
TT06944,TR1102,2025-10-02 00:00:00,4.0,true
TT06945,TR1102,2025-10-02 04:00:00,4.2,true
TT06946,TR1102,2025-10-02 08:00:00,6.1,true
TT06947,TR1102,2025-10-02 12:00:00,3.2,true
TT06948,TR1102,2025-10-02 16:00:00,6.4,true
TT06949,TR1103,2025-07-04 00:00:00,5.4,true
TT06950,TR1103,2025-07-04 04:00:00,4.3,true
TT06951,TR1103,2025-07-04 08:00:00,2.5,true
TT06952,TR1103,2025-07-04 12:00:00,2.6,true
TT06953,TR1103,2025-07-04 16:00:00,2.9,true
TT06954,TR1103,2025-07-04 20:00:00,4.9,true
TT06955,TR1104,2025-11-15 00:00:00,6.3,true
TT06956,TR1104,2025-11-15 04:00:00,2.8,true
TT06957,TR1104,2025-11-15 08:00:00,6.0,true
TT06958,TR1104,2025-11-15 12:00:00,2.0,true
TT06959,TR1104,2025-11-15 16:00:00,2.6,true
TT06960,TR1105,2025-11-15 00:00:00,2.6,true
TT06961,TR1105,2025-11-15 04:00:00,3.6,true
TT06962,TR1105,2025-11-15 08:00:00,4.4,true
TT06963,TR1105,2025-11-15 12:00:00,2.6,true
TT06964,TR1105,2025-11-15 16:00:00,3.6,true
TT06965,TR1105,2025-11-15 20:00:00,6.9,true
TT06966,TR1105,2025-11-15 24:00:00,3.9,true
TT06967,TR1105,2025-11-15 28:00:00,6.5,true
TT06968,TR1106,2025-08-21 00:00:00,3.8,true
TT06969,TR1106,2025-08-21 04:00:00,2.3,true
TT06970,TR1106,2025-08-21 08:00:00,4.8,true
TT06971,TR1106,2025-08-21 12:00:00,5.4,true
TT06972,TR1107,2025-10-12 00:00:00,5.1,true
TT06973,TR1107,2025-10-12 04:00:00,6.1,true
TT06974,TR1107,2025-10-12 08:00:00,6.7,true
TT06975,TR1107,2025-10-12 12:00:00,5.5,true
TT06976,TR1107,2025-10-12 16:00:00,4.8,true
TT06977,TR1107,2025-10-12 20:00:00,4.9,true
TT06978,TR1108,2025-09-11 00:00:00,5.8,true
TT06979,TR1108,2025-09-11 04:00:00,2.6,true
TT06980,TR1108,2025-09-11 08:00:00,2.8,true
TT06981,TR1108,2025-09-11 12:00:00,4.8,true
TT06982,TR1108,2025-09-11 16:00:00,6.0,true
TT06983,TR1108,2025-09-11 20:00:00,3.9,true
TT06984,TR1108,2025-09-11 24:00:00,4.2,true
TT06985,TR1108,2025-09-11 28:00:00,3.0,true
TT06986,TR1109,2025-10-25 00:00:00,3.8,true
TT06987,TR1109,2025-10-25 04:00:00,5.7,true
TT06988,TR1109,2025-10-25 08:00:00,6.5,true
TT06989,TR1109,2025-10-25 12:00:00,4.2,true
TT06990,TR1109,2025-10-25 16:00:00,2.3,true
TT06991,TR1109,2025-10-25 20:00:00,5.2,true
TT06992,TR1109,2025-10-25 24:00:00,6.0,true
TT06993,TR1109,2025-10-25 28:00:00,5.2,true
TT06994,TR1110,2025-07-07 00:00:00,2.1,true
TT06995,TR1110,2025-07-07 04:00:00,6.5,true
TT06996,TR1110,2025-07-07 08:00:00,6.8,true
TT06997,TR1110,2025-07-07 12:00:00,4.4,true
TT06998,TR1110,2025-07-07 16:00:00,4.8,true
TT06999,TR1110,2025-07-07 20:00:00,2.3,true
TT07000,TR1111,2025-11-14 00:00:00,6.0,true
TT07001,TR1111,2025-11-14 04:00:00,4.9,true
TT07002,TR1111,2025-11-14 08:00:00,6.0,true
TT07003,TR1111,2025-11-14 12:00:00,5.3,true
TT07004,TR1111,2025-11-14 16:00:00,6.3,true
TT07005,TR1111,2025-11-14 20:00:00,5.7,true
TT07006,TR1112,2025-07-19 00:00:00,4.3,true
TT07007,TR1112,2025-07-19 04:00:00,4.7,true
TT07008,TR1112,2025-07-19 08:00:00,6.0,true
TT07009,TR1112,2025-07-19 12:00:00,6.4,true
TT07010,TR1112,2025-07-19 16:00:00,2.2,true
TT07011,TR1112,2025-07-19 20:00:00,4.4,true
TT07012,TR1112,2025-07-19 24:00:00,4.4,true
TT07013,TR1113,2025-11-16 00:00:00,6.5,true
TT07014,TR1113,2025-11-16 04:00:00,4.8,true
TT07015,TR1113,2025-11-16 08:00:00,5.9,true
TT07016,TR1113,2025-11-16 12:00:00,6.6,true
TT07017,TR1113,2025-11-16 16:00:00,2.2,true
TT07018,TR1113,2025-11-16 20:00:00,3.1,true
TT07019,TR1114,2025-10-23 00:00:00,2.4,true
TT07020,TR1114,2025-10-23 04:00:00,2.9,true
TT07021,TR1114,2025-10-23 08:00:00,6.6,true
TT07022,TR1114,2025-10-23 12:00:00,6.5,true
TT07023,TR1114,2025-10-23 16:00:00,3.9,true
TT07024,TR1115,2025-07-24 00:00:00,3.8,true
TT07025,TR1115,2025-07-24 04:00:00,4.9,true
TT07026,TR1115,2025-07-24 08:00:00,6.4,true
TT07027,TR1115,2025-07-24 12:00:00,5.8,true
TT07028,TR1115,2025-07-24 16:00:00,4.7,true
TT07029,TR1115,2025-07-24 20:00:00,5.5,true
TT07030,TR1116,2025-10-22 00:00:00,3.9,true
TT07031,TR1116,2025-10-22 04:00:00,6.2,true
TT07032,TR1116,2025-10-22 08:00:00,5.7,true
TT07033,TR1116,2025-10-22 12:00:00,5.6,true
TT07034,TR1116,2025-10-22 16:00:00,3.3,true
TT07035,TR1116,2025-10-22 20:00:00,6.0,true
TT07036,TR1116,2025-10-22 24:00:00,5.0,true
TT07037,TR1117,2025-07-25 00:00:00,6.5,true
TT07038,TR1117,2025-07-25 04:00:00,6.3,true
TT07039,TR1117,2025-07-25 08:00:00,2.9,true
TT07040,TR1117,2025-07-25 12:00:00,6.8,true
TT07041,TR1117,2025-07-25 16:00:00,2.2,true
TT07042,TR1117,2025-07-25 20:00:00,5.7,true
TT07043,TR1117,2025-07-25 24:00:00,6.7,true
TT07044,TR1118,2025-07-14 00:00:00,4.2,true
TT07045,TR1118,2025-07-14 04:00:00,4.7,true
TT07046,TR1118,2025-07-14 08:00:00,4.5,true
TT07047,TR1118,2025-07-14 12:00:00,6.4,true
TT07048,TR1118,2025-07-14 16:00:00,5.3,true
TT07049,TR1118,2025-07-14 20:00:00,6.0,true
TT07050,TR1118,2025-07-14 24:00:00,5.5,true
TT07051,TR1118,2025-07-14 28:00:00,5.5,true
TT07052,TR1119,2025-07-07 00:00:00,2.8,true
TT07053,TR1119,2025-07-07 04:00:00,5.0,true
TT07054,TR1119,2025-07-07 08:00:00,7.0,true
TT07055,TR1119,2025-07-07 12:00:00,3.2,true
TT07056,TR1119,2025-07-07 16:00:00,6.8,true
TT07057,TR1119,2025-07-07 20:00:00,4.0,true
TT07058,TR1119,2025-07-07 24:00:00,3.2,true
TT07059,TR1119,2025-07-07 28:00:00,4.1,true
TT07060,TR1120,2025-11-05 00:00:00,4.6,true
TT07061,TR1120,2025-11-05 04:00:00,2.2,true
TT07062,TR1120,2025-11-05 08:00:00,5.4,true
TT07063,TR1120,2025-11-05 12:00:00,4.6,true
TT07064,TR1120,2025-11-05 16:00:00,5.5,true
TT07065,TR1121,2025-07-07 00:00:00,3.0,true
TT07066,TR1121,2025-07-07 04:00:00,2.2,true
TT07067,TR1121,2025-07-07 08:00:00,2.5,true
TT07068,TR1121,2025-07-07 12:00:00,3.2,true
TT07069,TR1121,2025-07-07 16:00:00,4.1,true
TT07070,TR1121,2025-07-07 20:00:00,2.8,true
TT07071,TR1122,2025-07-19 00:00:00,6.4,true
TT07072,TR1122,2025-07-19 04:00:00,5.0,true
TT07073,TR1122,2025-07-19 08:00:00,4.4,true
TT07074,TR1122,2025-07-19 12:00:00,4.8,true
TT07075,TR1122,2025-07-19 16:00:00,2.7,true
TT07076,TR1122,2025-07-19 20:00:00,3.9,true
TT07077,TR1123,2025-09-09 00:00:00,5.3,true
TT07078,TR1123,2025-09-09 04:00:00,5.9,true
TT07079,TR1123,2025-09-09 08:00:00,2.7,true
TT07080,TR1123,2025-09-09 12:00:00,6.8,true
TT07081,TR1123,2025-09-09 16:00:00,5.5,true
TT07082,TR1123,2025-09-09 20:00:00,6.2,true
TT07083,TR1123,2025-09-09 24:00:00,3.7,true
TT07084,TR1123,2025-09-09 28:00:00,7.0,true
TT07085,TR1124,2025-09-06 00:00:00,6.9,true
TT07086,TR1124,2025-09-06 04:00:00,2.4,true
TT07087,TR1124,2025-09-06 08:00:00,6.2,true
TT07088,TR1124,2025-09-06 12:00:00,4.8,true
TT07089,TR1125,2025-09-20 00:00:00,3.5,true
TT07090,TR1125,2025-09-20 04:00:00,6.4,true
TT07091,TR1125,2025-09-20 08:00:00,5.1,true
TT07092,TR1125,2025-09-20 12:00:00,6.1,true
TT07093,TR1125,2025-09-20 16:00:00,6.3,true
TT07094,TR1125,2025-09-20 20:00:00,4.5,true
TT07095,TR1125,2025-09-20 24:00:00,6.3,true
TT07096,TR1125,2025-09-20 28:00:00,2.5,true
TT07097,TR1126,2025-07-10 00:00:00,3.8,true
TT07098,TR1126,2025-07-10 04:00:00,5.1,true
TT07099,TR1126,2025-07-10 08:00:00,2.1,true
TT07100,TR1126,2025-07-10 12:00:00,4.9,true
TT07101,TR1126,2025-07-10 16:00:00,5.8,true
TT07102,TR1126,2025-07-10 20:00:00,4.8,true
TT07103,TR1127,2025-10-13 00:00:00,6.4,true
TT07104,TR1127,2025-10-13 04:00:00,3.0,true
TT07105,TR1127,2025-10-13 08:00:00,3.2,true
TT07106,TR1127,2025-10-13 12:00:00,2.2,true
TT07107,TR1127,2025-10-13 16:00:00,6.2,true
TT07108,TR1127,2025-10-13 20:00:00,3.3,true
TT07109,TR1127,2025-10-13 24:00:00,5.7,true
TT07110,TR1128,2025-07-02 00:00:00,3.6,true
TT07111,TR1128,2025-07-02 04:00:00,4.9,true
TT07112,TR1128,2025-07-02 08:00:00,3.6,true
TT07113,TR1128,2025-07-02 12:00:00,6.8,true
TT07114,TR1128,2025-07-02 16:00:00,3.6,true
TT07115,TR1129,2025-08-12 00:00:00,3.8,true
TT07116,TR1129,2025-08-12 04:00:00,4.1,true
TT07117,TR1129,2025-08-12 08:00:00,2.7,true
TT07118,TR1129,2025-08-12 12:00:00,3.7,true
TT07119,TR1129,2025-08-12 16:00:00,4.4,true
TT07120,TR1129,2025-08-12 20:00:00,3.5,true
TT07121,TR1130,2025-09-19 00:00:00,2.6,true
TT07122,TR1130,2025-09-19 04:00:00,4.4,true
TT07123,TR1130,2025-09-19 08:00:00,3.0,true
TT07124,TR1130,2025-09-19 12:00:00,4.6,true
TT07125,TR1130,2025-09-19 16:00:00,4.9,true
TT07126,TR1130,2025-09-19 20:00:00,5.5,true
TT07127,TR1130,2025-09-19 24:00:00,2.7,true
TT07128,TR1131,2025-09-22 00:00:00,4.5,true
TT07129,TR1131,2025-09-22 04:00:00,5.8,true
TT07130,TR1131,2025-09-22 08:00:00,2.9,true
TT07131,TR1131,2025-09-22 12:00:00,6.4,true
TT07132,TR1131,2025-09-22 16:00:00,3.3,true
TT07133,TR1132,2025-11-23 00:00:00,5.3,true
TT07134,TR1132,2025-11-23 04:00:00,5.8,true
TT07135,TR1132,2025-11-23 08:00:00,5.1,true
TT07136,TR1132,2025-11-23 12:00:00,5.5,true
TT07137,TR1132,2025-11-23 16:00:00,2.6,true
TT07138,TR1133,2025-09-24 00:00:00,5.4,true
TT07139,TR1133,2025-09-24 04:00:00,3.2,true
TT07140,TR1133,2025-09-24 08:00:00,6.8,true
TT07141,TR1133,2025-09-24 12:00:00,4.8,true
TT07142,TR1133,2025-09-24 16:00:00,2.1,true
TT07143,TR1133,2025-09-24 20:00:00,2.7,true
TT07144,TR1133,2025-09-24 24:00:00,6.0,true
TT07145,TR1133,2025-09-24 28:00:00,6.2,true
TT07146,TR1134,2025-10-23 00:00:00,4.6,true
TT07147,TR1134,2025-10-23 04:00:00,5.4,true
TT07148,TR1134,2025-10-23 08:00:00,3.9,true
TT07149,TR1134,2025-10-23 12:00:00,4.7,true
TT07150,TR1134,2025-10-23 16:00:00,3.1,true
TT07151,TR1134,2025-10-23 20:00:00,6.5,true
TT07152,TR1134,2025-10-23 24:00:00,6.0,true
TT07153,TR1134,2025-10-23 28:00:00,5.4,true
TT07154,TR1135,2025-08-13 00:00:00,6.2,true
TT07155,TR1135,2025-08-13 04:00:00,5.1,true
TT07156,TR1135,2025-08-13 08:00:00,6.5,true
TT07157,TR1135,2025-08-13 12:00:00,6.6,true
TT07158,TR1135,2025-08-13 16:00:00,6.1,true
TT07159,TR1136,2025-07-03 00:00:00,5.6,true
TT07160,TR1136,2025-07-03 04:00:00,2.1,true
TT07161,TR1136,2025-07-03 08:00:00,6.9,true
TT07162,TR1136,2025-07-03 12:00:00,4.0,true
TT07163,TR1136,2025-07-03 16:00:00,5.9,true
TT07164,TR1136,2025-07-03 20:00:00,4.4,true
TT07165,TR1137,2025-10-08 00:00:00,5.3,true
TT07166,TR1137,2025-10-08 04:00:00,4.5,true
TT07167,TR1137,2025-10-08 08:00:00,3.9,true
TT07168,TR1137,2025-10-08 12:00:00,6.8,true
TT07169,TR1137,2025-10-08 16:00:00,3.2,true
TT07170,TR1138,2025-07-11 00:00:00,11.8,false
TT07171,TR1138,2025-07-11 04:00:00,10.6,false
TT07172,TR1138,2025-07-11 08:00:00,3.3,true
TT07173,TR1138,2025-07-11 12:00:00,6.2,true
TT07174,TR1138,2025-07-11 16:00:00,2.9,true
TT07175,TR1138,2025-07-11 20:00:00,4.8,true
TT07176,TR1138,2025-07-11 24:00:00,5.7,true
TT07177,TR1139,2025-08-12 00:00:00,4.6,true
TT07178,TR1139,2025-08-12 04:00:00,3.7,true
TT07179,TR1139,2025-08-12 08:00:00,2.6,true
TT07180,TR1139,2025-08-12 12:00:00,5.0,true
TT07181,TR1139,2025-08-12 16:00:00,3.7,true
TT07182,TR1140,2025-07-20 00:00:00,3.5,true
TT07183,TR1140,2025-07-20 04:00:00,2.1,true
TT07184,TR1140,2025-07-20 08:00:00,5.4,true
TT07185,TR1140,2025-07-20 12:00:00,3.9,true
TT07186,TR1140,2025-07-20 16:00:00,2.2,true
TT07187,TR1140,2025-07-20 20:00:00,3.7,true
TT07188,TR1141,2025-09-20 00:00:00,5.0,true
TT07189,TR1141,2025-09-20 04:00:00,3.1,true
TT07190,TR1141,2025-09-20 08:00:00,5.3,true
TT07191,TR1141,2025-09-20 12:00:00,3.6,true
TT07192,TR1141,2025-09-20 16:00:00,4.0,true
TT07193,TR1141,2025-09-20 20:00:00,4.1,true
TT07194,TR1141,2025-09-20 24:00:00,2.9,true
TT07195,TR1142,2025-10-07 00:00:00,3.6,true
TT07196,TR1142,2025-10-07 04:00:00,6.4,true
TT07197,TR1142,2025-10-07 08:00:00,6.0,true
TT07198,TR1142,2025-10-07 12:00:00,5.2,true
TT07199,TR1142,2025-10-07 16:00:00,2.8,true
TT07200,TR1142,2025-10-07 20:00:00,2.6,true
TT07201,TR1142,2025-10-07 24:00:00,4.3,true
TT07202,TR1143,2025-07-14 00:00:00,6.9,true
TT07203,TR1143,2025-07-14 04:00:00,6.7,true
TT07204,TR1143,2025-07-14 08:00:00,4.1,true
TT07205,TR1143,2025-07-14 12:00:00,6.0,true
TT07206,TR1143,2025-07-14 16:00:00,3.9,true
TT07207,TR1143,2025-07-14 20:00:00,2.6,true
TT07208,TR1143,2025-07-14 24:00:00,4.4,true
TT07209,TR1143,2025-07-14 28:00:00,4.0,true
TT07210,TR1144,2025-10-07 00:00:00,4.6,true
TT07211,TR1144,2025-10-07 04:00:00,5.9,true
TT07212,TR1144,2025-10-07 08:00:00,2.5,true
TT07213,TR1144,2025-10-07 12:00:00,3.0,true
TT07214,TR1144,2025-10-07 16:00:00,4.3,true
TT07215,TR1144,2025-10-07 20:00:00,2.0,true
TT07216,TR1144,2025-10-07 24:00:00,2.0,true
TT07217,TR1144,2025-10-07 28:00:00,5.0,true
TT07218,TR1145,2025-08-07 00:00:00,4.7,true
TT07219,TR1145,2025-08-07 04:00:00,6.0,true
TT07220,TR1145,2025-08-07 08:00:00,6.6,true
TT07221,TR1145,2025-08-07 12:00:00,2.4,true
TT07222,TR1145,2025-08-07 16:00:00,5.6,true
TT07223,TR1145,2025-08-07 20:00:00,5.1,true
TT07224,TR1146,2025-10-14 00:00:00,3.9,true
TT07225,TR1146,2025-10-14 04:00:00,5.2,true
TT07226,TR1146,2025-10-14 08:00:00,2.8,true
TT07227,TR1146,2025-10-14 12:00:00,5.3,true
TT07228,TR1146,2025-10-14 16:00:00,4.9,true
TT07229,TR1146,2025-10-14 20:00:00,2.1,true
TT07230,TR1147,2025-10-01 00:00:00,5.7,true
TT07231,TR1147,2025-10-01 04:00:00,3.7,true
TT07232,TR1147,2025-10-01 08:00:00,2.1,true
TT07233,TR1147,2025-10-01 12:00:00,2.1,true
TT07234,TR1147,2025-10-01 16:00:00,6.1,true
TT07235,TR1147,2025-10-01 20:00:00,5.7,true
TT07236,TR1148,2025-10-07 00:00:00,5.8,true
TT07237,TR1148,2025-10-07 04:00:00,2.6,true
TT07238,TR1148,2025-10-07 08:00:00,4.4,true
TT07239,TR1148,2025-10-07 12:00:00,4.4,true
TT07240,TR1148,2025-10-07 16:00:00,5.3,true
TT07241,TR1148,2025-10-07 20:00:00,6.0,true
TT07242,TR1148,2025-10-07 24:00:00,2.0,true
TT07243,TR1149,2025-08-24 00:00:00,6.6,true
TT07244,TR1149,2025-08-24 04:00:00,6.5,true
TT07245,TR1149,2025-08-24 08:00:00,4.8,true
TT07246,TR1149,2025-08-24 12:00:00,6.2,true
TT07247,TR1149,2025-08-24 16:00:00,4.6,true
TT07248,TR1149,2025-08-24 20:00:00,2.2,true
TT07249,TR1150,2025-09-08 00:00:00,3.9,true
TT07250,TR1150,2025-09-08 04:00:00,4.3,true
TT07251,TR1150,2025-09-08 08:00:00,2.9,true
TT07252,TR1150,2025-09-08 12:00:00,2.5,true
TT07253,TR1150,2025-09-08 16:00:00,4.6,true
TT07254,TR1150,2025-09-08 20:00:00,3.3,true
TT07255,TR1150,2025-09-08 24:00:00,6.6,true
TT07256,TR1150,2025-09-08 28:00:00,3.0,true
TT07257,TR1151,2025-11-11 00:00:00,2.1,true
TT07258,TR1151,2025-11-11 04:00:00,4.4,true
TT07259,TR1151,2025-11-11 08:00:00,3.4,true
TT07260,TR1151,2025-11-11 12:00:00,3.2,true
TT07261,TR1151,2025-11-11 16:00:00,6.3,true
TT07262,TR1151,2025-11-11 20:00:00,3.9,true
TT07263,TR1151,2025-11-11 24:00:00,2.7,true
TT07264,TR1152,2025-07-17 00:00:00,5.8,true
TT07265,TR1152,2025-07-17 04:00:00,3.5,true
TT07266,TR1152,2025-07-17 08:00:00,2.4,true
TT07267,TR1152,2025-07-17 12:00:00,2.1,true
TT07268,TR1152,2025-07-17 16:00:00,5.1,true
TT07269,TR1152,2025-07-17 20:00:00,3.3,true
TT07270,TR1152,2025-07-17 24:00:00,4.1,true
TT07271,TR1153,2025-11-18 00:00:00,3.7,true
TT07272,TR1153,2025-11-18 04:00:00,3.6,true
TT07273,TR1153,2025-11-18 08:00:00,6.9,true
TT07274,TR1153,2025-11-18 12:00:00,2.4,true
TT07275,TR1154,2025-07-20 00:00:00,6.0,true
TT07276,TR1154,2025-07-20 04:00:00,2.6,true
TT07277,TR1154,2025-07-20 08:00:00,4.9,true
TT07278,TR1154,2025-07-20 12:00:00,2.2,true
TT07279,TR1154,2025-07-20 16:00:00,4.6,true
TT07280,TR1155,2025-10-05 00:00:00,2.5,true
TT07281,TR1155,2025-10-05 04:00:00,4.3,true
TT07282,TR1155,2025-10-05 08:00:00,4.0,true
TT07283,TR1155,2025-10-05 12:00:00,4.5,true
TT07284,TR1155,2025-10-05 16:00:00,4.8,true
TT07285,TR1156,2025-10-04 00:00:00,3.9,true
TT07286,TR1156,2025-10-04 04:00:00,3.1,true
TT07287,TR1156,2025-10-04 08:00:00,5.7,true
TT07288,TR1156,2025-10-04 12:00:00,3.0,true
TT07289,TR1156,2025-10-04 16:00:00,4.9,true
TT07290,TR1156,2025-10-04 20:00:00,5.8,true
TT07291,TR1157,2025-11-13 00:00:00,5.4,true
TT07292,TR1157,2025-11-13 04:00:00,4.3,true
TT07293,TR1157,2025-11-13 08:00:00,6.7,true
TT07294,TR1157,2025-11-13 12:00:00,2.2,true
TT07295,TR1157,2025-11-13 16:00:00,2.9,true
TT07296,TR1157,2025-11-13 20:00:00,2.2,true
TT07297,TR1157,2025-11-13 24:00:00,3.5,true
TT07298,TR1157,2025-11-13 28:00:00,4.5,true
TT07299,TR1158,2025-08-10 00:00:00,3.8,true
TT07300,TR1158,2025-08-10 04:00:00,4.1,true
TT07301,TR1158,2025-08-10 08:00:00,3.2,true
TT07302,TR1158,2025-08-10 12:00:00,4.4,true
TT07303,TR1159,2025-09-11 00:00:00,5.8,true
TT07304,TR1159,2025-09-11 04:00:00,5.8,true
TT07305,TR1159,2025-09-11 08:00:00,6.6,true
TT07306,TR1159,2025-09-11 12:00:00,3.4,true
TT07307,TR1159,2025-09-11 16:00:00,6.9,true
TT07308,TR1159,2025-09-11 20:00:00,2.4,true
TT07309,TR1159,2025-09-11 24:00:00,7.0,true
TT07310,TR1159,2025-09-11 28:00:00,2.6,true
TT07311,TR1160,2025-11-20 00:00:00,6.1,true
TT07312,TR1160,2025-11-20 04:00:00,13.2,false
TT07313,TR1160,2025-11-20 08:00:00,12.6,false
TT07314,TR1160,2025-11-20 12:00:00,17.5,false
TT07315,TR1160,2025-11-20 16:00:00,4.0,true
TT07316,TR1160,2025-11-20 20:00:00,4.6,true
TT07317,TR1161,2025-07-12 00:00:00,6.0,true
TT07318,TR1161,2025-07-12 04:00:00,4.3,true
TT07319,TR1161,2025-07-12 08:00:00,3.8,true
TT07320,TR1161,2025-07-12 12:00:00,2.3,true
TT07321,TR1161,2025-07-12 16:00:00,4.4,true
TT07322,TR1161,2025-07-12 20:00:00,3.0,true
TT07323,TR1162,2025-10-09 00:00:00,3.9,true
TT07324,TR1162,2025-10-09 04:00:00,4.0,true
TT07325,TR1162,2025-10-09 08:00:00,4.5,true
TT07326,TR1162,2025-10-09 12:00:00,4.2,true
TT07327,TR1162,2025-10-09 16:00:00,3.1,true
TT07328,TR1163,2025-10-20 00:00:00,3.4,true
TT07329,TR1163,2025-10-20 04:00:00,5.6,true
TT07330,TR1163,2025-10-20 08:00:00,3.1,true
TT07331,TR1163,2025-10-20 12:00:00,3.5,true
TT07332,TR1163,2025-10-20 16:00:00,6.2,true
TT07333,TR1163,2025-10-20 20:00:00,2.8,true
TT07334,TR1164,2025-11-04 00:00:00,6.9,true
TT07335,TR1164,2025-11-04 04:00:00,2.6,true
TT07336,TR1164,2025-11-04 08:00:00,7.0,true
TT07337,TR1164,2025-11-04 12:00:00,3.1,true
TT07338,TR1164,2025-11-04 16:00:00,6.9,true
TT07339,TR1164,2025-11-04 20:00:00,3.9,true
TT07340,TR1165,2025-11-17 00:00:00,4.5,true
TT07341,TR1165,2025-11-17 04:00:00,6.3,true
TT07342,TR1165,2025-11-17 08:00:00,4.9,true
TT07343,TR1165,2025-11-17 12:00:00,4.5,true
TT07344,TR1165,2025-11-17 16:00:00,2.4,true
TT07345,TR1165,2025-11-17 20:00:00,3.5,true
TT07346,TR1165,2025-11-17 24:00:00,4.2,true
TT07347,TR1166,2025-08-20 00:00:00,5.4,true
TT07348,TR1166,2025-08-20 04:00:00,5.7,true
TT07349,TR1166,2025-08-20 08:00:00,5.8,true
TT07350,TR1166,2025-08-20 12:00:00,6.9,true
TT07351,TR1166,2025-08-20 16:00:00,5.5,true
TT07352,TR1166,2025-08-20 20:00:00,4.7,true
TT07353,TR1166,2025-08-20 24:00:00,3.8,true
TT07354,TR1166,2025-08-20 28:00:00,6.2,true
TT07355,TR1167,2025-10-15 00:00:00,4.5,true
TT07356,TR1167,2025-10-15 04:00:00,2.2,true
TT07357,TR1167,2025-10-15 08:00:00,5.6,true
TT07358,TR1167,2025-10-15 12:00:00,3.9,true
TT07359,TR1167,2025-10-15 16:00:00,2.9,true
TT07360,TR1168,2025-09-15 00:00:00,2.1,true
TT07361,TR1168,2025-09-15 04:00:00,3.0,true
TT07362,TR1168,2025-09-15 08:00:00,5.3,true
TT07363,TR1168,2025-09-15 12:00:00,4.1,true
TT07364,TR1168,2025-09-15 16:00:00,4.3,true
TT07365,TR1168,2025-09-15 20:00:00,6.8,true
TT07366,TR1168,2025-09-15 24:00:00,4.2,true
TT07367,TR1169,2025-09-22 00:00:00,5.2,true
TT07368,TR1169,2025-09-22 04:00:00,3.9,true
TT07369,TR1169,2025-09-22 08:00:00,4.0,true
TT07370,TR1169,2025-09-22 12:00:00,4.4,true
TT07371,TR1169,2025-09-22 16:00:00,4.8,true
TT07372,TR1169,2025-09-22 20:00:00,6.2,true
TT07373,TR1169,2025-09-22 24:00:00,3.2,true
TT07374,TR1170,2025-07-01 00:00:00,5.0,true
TT07375,TR1170,2025-07-01 04:00:00,2.2,true
TT07376,TR1170,2025-07-01 08:00:00,6.1,true
TT07377,TR1170,2025-07-01 12:00:00,5.2,true
TT07378,TR1170,2025-07-01 16:00:00,4.5,true
TT07379,TR1171,2025-07-21 00:00:00,2.7,true
TT07380,TR1171,2025-07-21 04:00:00,5.9,true
TT07381,TR1171,2025-07-21 08:00:00,5.1,true
TT07382,TR1171,2025-07-21 12:00:00,4.1,true
TT07383,TR1171,2025-07-21 16:00:00,6.9,true
TT07384,TR1172,2025-10-08 00:00:00,3.5,true
TT07385,TR1172,2025-10-08 04:00:00,3.5,true
TT07386,TR1172,2025-10-08 08:00:00,3.1,true
TT07387,TR1172,2025-10-08 12:00:00,2.5,true
TT07388,TR1172,2025-10-08 16:00:00,4.3,true
TT07389,TR1172,2025-10-08 20:00:00,5.0,true
TT07390,TR1173,2025-07-13 00:00:00,3.9,true
TT07391,TR1173,2025-07-13 04:00:00,6.5,true
TT07392,TR1173,2025-07-13 08:00:00,5.6,true
TT07393,TR1173,2025-07-13 12:00:00,2.3,true
TT07394,TR1173,2025-07-13 16:00:00,5.2,true
TT07395,TR1174,2025-11-19 00:00:00,5.9,true
TT07396,TR1174,2025-11-19 04:00:00,3.3,true
TT07397,TR1174,2025-11-19 08:00:00,2.2,true
TT07398,TR1174,2025-11-19 12:00:00,4.0,true
TT07399,TR1174,2025-11-19 16:00:00,5.3,true
TT07400,TR1175,2025-08-23 00:00:00,2.0,true
TT07401,TR1175,2025-08-23 04:00:00,4.9,true
TT07402,TR1175,2025-08-23 08:00:00,3.9,true
TT07403,TR1175,2025-08-23 12:00:00,6.6,true
TT07404,TR1175,2025-08-23 16:00:00,2.9,true
TT07405,TR1175,2025-08-23 20:00:00,4.9,true
TT07406,TR1175,2025-08-23 24:00:00,5.0,true
TT07407,TR1176,2025-07-18 00:00:00,4.6,true
TT07408,TR1176,2025-07-18 04:00:00,3.2,true
TT07409,TR1176,2025-07-18 08:00:00,6.5,true
TT07410,TR1176,2025-07-18 12:00:00,5.8,true
TT07411,TR1176,2025-07-18 16:00:00,2.1,true
TT07412,TR1176,2025-07-18 20:00:00,5.1,true
TT07413,TR1176,2025-07-18 24:00:00,4.0,true
TT07414,TR1177,2025-08-24 00:00:00,6.2,true
TT07415,TR1177,2025-08-24 04:00:00,5.1,true
TT07416,TR1177,2025-08-24 08:00:00,3.6,true
TT07417,TR1177,2025-08-24 12:00:00,4.3,true
TT07418,TR1177,2025-08-24 16:00:00,6.3,true
TT07419,TR1177,2025-08-24 20:00:00,3.2,true
TT07420,TR1177,2025-08-24 24:00:00,5.7,true
TT07421,TR1177,2025-08-24 28:00:00,6.9,true
TT07422,TR1178,2025-08-17 00:00:00,4.0,true
TT07423,TR1178,2025-08-17 04:00:00,2.0,true
TT07424,TR1178,2025-08-17 08:00:00,5.8,true
TT07425,TR1178,2025-08-17 12:00:00,2.3,true
TT07426,TR1178,2025-08-17 16:00:00,5.5,true
TT07427,TR1178,2025-08-17 20:00:00,5.5,true
TT07428,TR1178,2025-08-17 24:00:00,2.9,true
TT07429,TR1178,2025-08-17 28:00:00,5.8,true
TT07430,TR1179,2025-09-18 00:00:00,6.6,true
TT07431,TR1179,2025-09-18 04:00:00,5.0,true
TT07432,TR1179,2025-09-18 08:00:00,5.0,true
TT07433,TR1179,2025-09-18 12:00:00,2.6,true
TT07434,TR1179,2025-09-18 16:00:00,6.3,true
TT07435,TR1179,2025-09-18 20:00:00,6.6,true
TT07436,TR1180,2025-10-17 00:00:00,4.7,true
TT07437,TR1180,2025-10-17 04:00:00,6.0,true
TT07438,TR1180,2025-10-17 08:00:00,5.8,true
TT07439,TR1180,2025-10-17 12:00:00,6.8,true
TT07440,TR1180,2025-10-17 16:00:00,5.8,true
TT07441,TR1180,2025-10-17 20:00:00,3.0,true
TT07442,TR1180,2025-10-17 24:00:00,3.0,true
TT07443,TR1181,2025-08-09 00:00:00,5.1,true
TT07444,TR1181,2025-08-09 04:00:00,4.8,true
TT07445,TR1181,2025-08-09 08:00:00,5.1,true
TT07446,TR1181,2025-08-09 12:00:00,4.8,true
TT07447,TR1181,2025-08-09 16:00:00,6.9,true
TT07448,TR1181,2025-08-09 20:00:00,3.9,true
TT07449,TR1181,2025-08-09 24:00:00,4.2,true
TT07450,TR1181,2025-08-09 28:00:00,2.7,true
TT07451,TR1182,2025-09-21 00:00:00,2.0,true
TT07452,TR1182,2025-09-21 04:00:00,4.4,true
TT07453,TR1182,2025-09-21 08:00:00,6.9,true
TT07454,TR1182,2025-09-21 12:00:00,2.0,true
TT07455,TR1182,2025-09-21 16:00:00,6.7,true
TT07456,TR1182,2025-09-21 20:00:00,2.3,true
TT07457,TR1183,2025-11-11 00:00:00,6.3,true
TT07458,TR1183,2025-11-11 04:00:00,3.2,true
TT07459,TR1183,2025-11-11 08:00:00,6.8,true
TT07460,TR1183,2025-11-11 12:00:00,3.9,true
TT07461,TR1183,2025-11-11 16:00:00,5.7,true
TT07462,TR1183,2025-11-11 20:00:00,3.5,true
TT07463,TR1184,2025-07-14 00:00:00,2.1,true
TT07464,TR1184,2025-07-14 04:00:00,3.6,true
TT07465,TR1184,2025-07-14 08:00:00,5.6,true
TT07466,TR1184,2025-07-14 12:00:00,4.0,true
TT07467,TR1184,2025-07-14 16:00:00,3.2,true
TT07468,TR1184,2025-07-14 20:00:00,3.4,true
TT07469,TR1184,2025-07-14 24:00:00,5.0,true
TT07470,TR1184,2025-07-14 28:00:00,4.2,true
TT07471,TR1185,2025-10-20 00:00:00,3.3,true
TT07472,TR1185,2025-10-20 04:00:00,5.4,true
TT07473,TR1185,2025-10-20 08:00:00,6.9,true
TT07474,TR1185,2025-10-20 12:00:00,7.0,true
TT07475,TR1185,2025-10-20 16:00:00,2.2,true
TT07476,TR1185,2025-10-20 20:00:00,4.9,true
TT07477,TR1185,2025-10-20 24:00:00,3.9,true
TT07478,TR1186,2025-10-08 00:00:00,5.1,true
TT07479,TR1186,2025-10-08 04:00:00,6.1,true
TT07480,TR1186,2025-10-08 08:00:00,4.5,true
TT07481,TR1186,2025-10-08 12:00:00,4.7,true
TT07482,TR1186,2025-10-08 16:00:00,3.2,true
TT07483,TR1186,2025-10-08 20:00:00,6.0,true
TT07484,TR1187,2025-08-15 00:00:00,2.8,true
TT07485,TR1187,2025-08-15 04:00:00,4.8,true
TT07486,TR1187,2025-08-15 08:00:00,2.5,true
TT07487,TR1187,2025-08-15 12:00:00,4.0,true
TT07488,TR1187,2025-08-15 16:00:00,4.2,true
TT07489,TR1187,2025-08-15 20:00:00,3.6,true
TT07490,TR1187,2025-08-15 24:00:00,6.8,true
TT07491,TR1187,2025-08-15 28:00:00,4.3,true
TT07492,TR1188,2025-07-22 00:00:00,6.3,true
TT07493,TR1188,2025-07-22 04:00:00,2.7,true
TT07494,TR1188,2025-07-22 08:00:00,2.1,true
TT07495,TR1188,2025-07-22 12:00:00,3.4,true
TT07496,TR1188,2025-07-22 16:00:00,5.2,true
TT07497,TR1188,2025-07-22 20:00:00,5.7,true
TT07498,TR1188,2025-07-22 24:00:00,5.2,true
TT07499,TR1188,2025-07-22 28:00:00,5.6,true
TT07500,TR1189,2025-09-15 00:00:00,3.6,true
TT07501,TR1189,2025-09-15 04:00:00,6.8,true
TT07502,TR1189,2025-09-15 08:00:00,4.6,true
TT07503,TR1189,2025-09-15 12:00:00,6.1,true
TT07504,TR1189,2025-09-15 16:00:00,5.0,true
TT07505,TR1189,2025-09-15 20:00:00,5.6,true
TT07506,TR1189,2025-09-15 24:00:00,3.2,true
TT07507,TR1189,2025-09-15 28:00:00,2.8,true
TT07508,TR1190,2025-10-22 00:00:00,5.2,true
TT07509,TR1190,2025-10-22 04:00:00,5.5,true
TT07510,TR1190,2025-10-22 08:00:00,5.9,true
TT07511,TR1190,2025-10-22 12:00:00,5.5,true
TT07512,TR1190,2025-10-22 16:00:00,4.0,true
TT07513,TR1190,2025-10-22 20:00:00,6.3,true
TT07514,TR1190,2025-10-22 24:00:00,2.1,true
TT07515,TR1190,2025-10-22 28:00:00,4.8,true
TT07516,TR1191,2025-08-23 00:00:00,3.9,true
TT07517,TR1191,2025-08-23 04:00:00,3.6,true
TT07518,TR1191,2025-08-23 08:00:00,3.7,true
TT07519,TR1191,2025-08-23 12:00:00,5.4,true
TT07520,TR1191,2025-08-23 16:00:00,2.4,true
TT07521,TR1192,2025-07-11 00:00:00,4.8,true
TT07522,TR1192,2025-07-11 04:00:00,4.8,true
TT07523,TR1192,2025-07-11 08:00:00,3.7,true
TT07524,TR1192,2025-07-11 12:00:00,4.2,true
TT07525,TR1192,2025-07-11 16:00:00,2.7,true
TT07526,TR1192,2025-07-11 20:00:00,6.1,true
TT07527,TR1192,2025-07-11 24:00:00,4.4,true
TT07528,TR1193,2025-11-02 00:00:00,5.7,true
TT07529,TR1193,2025-11-02 04:00:00,3.5,true
TT07530,TR1193,2025-11-02 08:00:00,4.2,true
TT07531,TR1193,2025-11-02 12:00:00,6.4,true
TT07532,TR1193,2025-11-02 16:00:00,3.6,true
TT07533,TR1193,2025-11-02 20:00:00,6.4,true
TT07534,TR1193,2025-11-02 24:00:00,5.2,true
TT07535,TR1193,2025-11-02 28:00:00,5.4,true
TT07536,TR1194,2025-10-09 00:00:00,2.6,true
TT07537,TR1194,2025-10-09 04:00:00,6.9,true
TT07538,TR1194,2025-10-09 08:00:00,5.6,true
TT07539,TR1194,2025-10-09 12:00:00,4.7,true
TT07540,TR1195,2025-10-13 00:00:00,3.6,true
TT07541,TR1195,2025-10-13 04:00:00,3.3,true
TT07542,TR1195,2025-10-13 08:00:00,4.4,true
TT07543,TR1195,2025-10-13 12:00:00,16.0,false
TT07544,TR1195,2025-10-13 16:00:00,17.6,false
TT07545,TR1195,2025-10-13 20:00:00,2.7,true
TT07546,TR1195,2025-10-13 24:00:00,6.0,true
TT07547,TR1195,2025-10-13 28:00:00,6.7,true
TT07548,TR1196,2025-08-24 00:00:00,6.6,true
TT07549,TR1196,2025-08-24 04:00:00,7.0,true
TT07550,TR1196,2025-08-24 08:00:00,3.3,true
TT07551,TR1196,2025-08-24 12:00:00,2.3,true
TT07552,TR1196,2025-08-24 16:00:00,6.0,true
TT07553,TR1196,2025-08-24 20:00:00,3.9,true
TT07554,TR1197,2025-10-07 00:00:00,2.8,true
TT07555,TR1197,2025-10-07 04:00:00,5.7,true
TT07556,TR1197,2025-10-07 08:00:00,6.8,true
TT07557,TR1197,2025-10-07 12:00:00,7.0,true
TT07558,TR1197,2025-10-07 16:00:00,4.6,true
TT07559,TR1197,2025-10-07 20:00:00,5.0,true
TT07560,TR1197,2025-10-07 24:00:00,6.6,true
TT07561,TR1198,2025-10-07 00:00:00,6.7,true
TT07562,TR1198,2025-10-07 04:00:00,3.8,true
TT07563,TR1198,2025-10-07 08:00:00,6.5,true
TT07564,TR1198,2025-10-07 12:00:00,5.4,true
TT07565,TR1198,2025-10-07 16:00:00,2.5,true
TT07566,TR1198,2025-10-07 20:00:00,6.3,true
TT07567,TR1198,2025-10-07 24:00:00,2.9,true
TT07568,TR1199,2025-08-03 00:00:00,4.0,true
TT07569,TR1199,2025-08-03 04:00:00,6.3,true
TT07570,TR1199,2025-08-03 08:00:00,5.6,true
TT07571,TR1199,2025-08-03 12:00:00,4.5,true
TT07572,TR1199,2025-08-03 16:00:00,6.9,true
TT07573,TR1199,2025-08-03 20:00:00,2.6,true
TT07574,TR1200,2025-11-10 00:00:00,6.6,true
TT07575,TR1200,2025-11-10 04:00:00,2.6,true
TT07576,TR1200,2025-11-10 08:00:00,3.2,true
TT07577,TR1200,2025-11-10 12:00:00,5.4,true
TT07578,TR1200,2025-11-10 16:00:00,6.7,true
